and,3,A,0,0, ,0,0, 
a,1,A,16.0,1, B,0,0, 
in,2,A,10.0,1, B,0,0, 
it,2,A,11.0,1,A ,0,0, 
i,1,A,11.0,2,A B,10.0,2,A 
he,2,A,11.5,2, B,0,0, 
is,2,A,0,0, ,5.569343065693431,137,A B
for,3,A,0,0, ,0,0, 
his,3,A,0,0, ,0,0, 
as,2,A,15.0,1, B,0,0, 
at,2,A,11.0,2,A B,0,0, 
had,3,A,0,0, ,5.2,10,A 
be,2,A,15.0,1, B,0,0, 
from,4,A,0,0, ,0,0, 
by,2,A,0,0, ,0,0, 
her,3,A,0,0, ,0,0, 
have,4,A,6.0,1,A ,10.222222222222221,9,A B
but,3,A,0,0, ,0,0, 
all,3,A,0,0, ,0,0, 
are,3,A,8.0,1, B,0,0, 
me,2,A,0,0, ,0,0, 
him,3,A,0,0, ,0,0, 
an,2,A,15.0,1, B,0,0, 
if,2,A,0,0, ,0,0, 
been,4,A,0,0, ,5.569343065693431,137,A B
about,5,A,0,0, ,0,0, 
like,4,A,4.0,1,A ,0,0, 
into,4,A,0,0, ,0,0, 
could,5,A,0,0, ,0,0, 
do,2,A,5.0,1,A ,0,0, 
its,3,A,11.0,1,A ,0,0, 
has,3,A,15.0,1, B,0,0, 
can,3,A,9.0,1,A ,7.0,7,A B
go,2,A,5.0,1,A ,0,0, 
little,6,A,23.0,1, B,0,0, 
down,4,A,7.0,1,A ,8.5,4,A B
more,4,A,0,0, ,0,0, 
it's,4,A,0,0, ,0,0, 
back,4,A,8.0,1, B,0,0, 
just,4,A,0,0, ,0,0, 
did,3,A,0,0, ,6.0,1,A 
even,4,A,3.0,1,A ,10.0,1, B
know,4,A,7.0,1,A ,0,0, 
don't,5,A,0,0, ,0,0, 
come,4,A,19.0,1, B,4.0,1,A 
here,4,A,8.0,1,A ,0,0, 
how,3,A,0,0, ,0,0, 
first,5,A,4.0,1,A ,6.0,1,A 
again,5,A,0,0, ,0,0, 
any,3,A,0,0, ,0,0, 
get,3,A,6.0,1,A ,0,0, 
i'm,3,A,0,0, ,0,0, 
bo,2,A,0,0, ,0,0, 
before,6,A,0,0, ,0,0, 
after,5,A,0,0, ,0,0, 
because,7,A,0,0, ,0,0, 
buster,6,A,3.0,1,A ,0,0, 
look,4,A,11.0,1,A ,5.5,2,A 
got,3,A,0,0, ,5.794117647058823,34,A B
de,2,A,0,0, ,0,0, 
going,5,A,3.0,1,A ,8.8,10,A B
made,4,A,0,0, ,6.0,1,A 
good,4,A,9.0,1,A ,10.0,1, B
long,4,A,6.0,1,A ,4.0,1,A 
make,4,A,4.0,1,A ,0,0, 
man,3,A,4.5,2,A ,7.333333333333333,51,A B
came,4,A,6.0,1,A ,7.5,4,A 
four,4,A,5.0,1,A ,0,0, 
i'll,4,A,0,0, ,0,0, 
hand,4,A,9.0,1,A ,4.5,4,A 
between,7,A,0,0, ,0,0, 
achilles,8,A,0,0, ,0,0, 
much,4,A,23.0,1, B,0,0, 
century,7,A,10.0,1, B,14.0,2,A B
head,4,A,16.0,1, B,9.0,1, B
eyes,4,A,7.0,1,A ,0,0, 
face,4,A,16.0,1, B,11.0,1,A 
another,7,A,0,0, ,0,0, 
away,4,A,0,0, ,0,0, 
alice,5,A,0,0, ,0,0, 
day,3,A,8.0,1, B,5.571428571428571,7,A 
great,5,A,8.0,1,A ,0,0, 
didn't,6,A,0,0, ,0,0, 
end,3,A,9.0,1,A ,6.642857142857143,14,A B
last,4,A,3.0,1,A ,0,0, 
house,5,A,8.0,2,A ,9.074074074074074,27,A B
life,4,A,5.0,1,A ,6.0,1,A 
eleni,5,A,0,0, ,0,0, 
door,4,A,14.0,1, B,9.666666666666666,12, B
left,4,A,8.0,1,A ,9.0,1, B
moment,6,A,5.0,1,A ,10.714285714285714,7,A B
might,5,A,8.0,1,A ,0,0, 
around,6,A,0,0, ,0,0, 
may,3,A,22.0,1, B,0,0, 
big,3,A,0,0, ,0,0, 
he's,4,A,0,0, ,0,0, 
also,4,A,0,0, ,0,0, 
each,4,A,0,0, ,0,0, 
find,4,A,7.0,1,A ,0,0, 
looked,6,A,0,0, ,6.421052631578948,19,A B
can't,5,A,0,0, ,0,0, 
always,6,A,0,0, ,0,0, 
himself,7,A,0,0, ,0,0, 
i've,4,A,0,0, ,0,0, 
most,4,A,0,0, ,0,0, 
light,5,A,16.0,1, B,9.130434782608695,23,A B
found,5,A,4.0,1,A ,0,0, 
many,4,A,0,0, ,0,0, 
few,3,A,5.0,1,A ,0,0, 
being,5,A,5.0,1,A ,9.090909090909092,11,A 
lombard,7,A,8.0,1,A ,0,0, 
europe,6,A,0,0, ,0,0, 
called,6,A,5.0,1,A ,5.0,8,A 
anything,8,A,0,0, ,0,0, 
far,3,A,0,0, ,0,0, 
against,7,A,0,0, ,0,0, 
later,5,A,0,0, ,0,0, 
every,5,A,0,0, ,0,0, 
days,4,A,4.0,1,A ,0,0, 
however,7,A,0,0, ,0,0, 
blore,5,A,0,0, ,0,0, 
middle,6,A,4.0,1,A ,9.3,10,A B
girl,4,A,5.0,1,A ,6.884615384615385,26,A B
course,6,A,9.0,1,A ,13.647058823529411,17,A B
maritime,8,A,0,0, ,0,0, 
am,2,A,15.0,1, B,0,0, 
let,3,A,0,0, ,0,0, 
mind,4,A,9.0,1,A ,10.0,5,A B
during,6,A,0,0, ,0,0, 
both,4,A,0,0, ,0,0, 
island,6,A,4.0,1,A ,13.75,4, B
large,5,A,4.0,1,A ,0,0, 
chairman,8,A,16.0,1, B,11.0,2, B
e,1,A,14.5,2,A B,16.0,1,A 
give,4,A,10.0,1,A ,0,0, 
hands,5,A,12.0,1,A ,0,0, 
armstrong,9,A,0,0, ,0,0, 
doesn't,7,A,0,0, ,0,0, 
behind,6,A,8.0,1, B,0,0, 
bed,3,A,16.0,1, B,8.0,20,A B
european,8,A,10.0,1,A ,7.75,64,A B
high,4,A,6.0,1,A ,0,0, 
knew,4,A,0,0, ,9.0,2,A B
better,6,A,4.0,1,A ,0,0, 
ever,4,A,0,0, ,0,0, 
everything,10,A,0,0, ,0,0, 
mediterranean,13,A,0,0, ,11.0,1, B
herself,7,A,0,0, ,0,0, 
almost,6,A,0,0, ,0,0, 
looking,7,A,7.0,1,A ,6.7272727272727275,11,A B
gone,4,A,0,0, ,5.666666666666667,123,A B
black,5,A,15.0,1, B,9.0,1, B
french,6,A,7.0,1,A ,10.857142857142858,7,A B
different,9,A,0,0, ,0,0, 
done,4,A,0,0, ,6.0,1,A 
already,7,A,0,0, ,0,0, 
eighty,6,A,12.0,1, B,0,0, 
la,2,A,15.0,1, B,0,0, 
half,4,A,14.0,1, B,9.0,2,A B
began,5,A,0,0, ,7.166666666666667,12,A B
front,5,A,4.0,1,A ,9.0,1,A 
men,3,A,5.0,1,A ,10.0,1,A 
five,4,A,5.0,1,A ,0,0, 
coming,6,A,6.0,1,A ,8.5,4,A B
enough,6,A,16.0,1, B,4.0,1,A 
heard,5,A,8.0,1,A ,5.0,2,A 
leave,5,A,7.0,1, B,10.285714285714286,7,A B
happened,8,A,0,0, ,6.576923076923077,26,A B
hear,4,A,8.0,1,A ,5.0,2,A 
air,3,A,3.0,1,A ,7.0,3,A B
feel,4,A,9.0,1,A ,0,0, 
hair,4,A,12.0,1, B,6.4,15,A B
keep,4,A,8.0,1,A ,10.0,4,A B
case,4,A,9.0,1,A ,6.666666666666667,3,A 
certain,7,A,0,0, ,0,0, 
body,4,A,13.0,1, B,8.333333333333334,3, B
comes,5,A,19.0,1, B,4.0,1,A 
along,5,A,0,0, ,0,0, 
liza,4,A,6.0,1,A ,0,0, 
eugenios,8,A,0,0, ,0,0, 
example,7,A,11.0,1,A ,8.5,6,A 
less,4,A,11.0,2,A B,0,0, 
children,8,A,8.0,1,A ,7.294117647058823,17,A B
morning,7,A,10.0,1, B,0,0, 
fact,4,A,11.0,1,A ,7.333333333333333,9,A B
general,7,A,14.0,1, B,7.0,1,A 
marine,6,A,10.0,1,A ,0,0, 
france,6,A,0,0, ,0,0, 
louis,5,A,0,0, ,0,0, 
ask,3,A,11.0,1,A ,5.0,2,A 
gave,4,A,0,0, ,6.0,3,A 
heart,5,A,9.0,1,A ,0,0, 
andreas,7,A,0,0, ,0,0, 
help,4,A,8.0,1,A ,7.333333333333333,12,A 
brought,7,A,9.0,1,A ,5.25,8,A 
beginning,9,A,9.0,1,A ,8.125,8,A B
does,4,A,19.0,1, B,0,0, 
felt,4,A,6.0,1,A ,0,0, 
floor,5,A,17.0,1, B,8.6,5,A B
above,5,A,7.0,1,A ,0,0, 
full,4,A,14.0,1, B,11.0,1, B
death,5,A,6.0,1,A ,9.2,5,A B
home,4,A,9.0,1,A ,16.0,1, B
jean,4,A,7.5,2,A ,6.0,1,A 
kind,4,A,8.0,1,A ,5.8125,16,A B
able,4,A,0,0, ,0,0, 
i'd,3,A,0,0, ,0,0, 
glass,5,A,5.0,1,A ,10.153846153846153,13,A B
idea,4,A,7.0,1,A ,8.3,20,A 
committee,9,A,18.0,1, B,14.947368421052632,19,A B
goes,4,A,5.0,1,A ,0,0, 
become,6,A,11.0,1, B,5.75,8,A B
known,5,A,0,0, ,9.0,2,A B
change,6,A,9.0,1,A ,9.344827586206897,29,A B
among,5,A,0,0, ,0,0, 
asked,5,A,11.0,1,A ,5.0,2,A 
became,6,A,11.0,1, B,5.75,8,A B
matter,6,A,7.0,1,A ,5.0,1,A 
miss,4,A,5.0,1,A ,6.884615384615385,26,A B
given,5,A,10.0,1,A ,0,0, 
love,4,A,7.0,1,A ,8.333333333333334,12,A B
call,4,A,9.0,1,A ,10.25,8,A B
close,5,A,3.0,1,A ,0,0, 
itself,6,A,0,0, ,0,0, 
blue,4,A,14.0,1, B,9.875,8,A B
level,5,A,8.0,1,A ,8.461538461538462,13,A B
having,6,A,0,0, ,5.2,10,A 
low,3,A,7.0,1, B,0,0, 
doing,5,A,0,0, ,6.0,1,A 
english,7,A,12.0,1, B,12.0,10,A B
he'd,4,A,0,0, ,0,0, 
inside,6,A,6.0,1,A ,7.333333333333333,3,A 
king,4,A,9.0,1,A ,13.666666666666666,3, B
dark,4,A,12.0,1,A ,9.5,4,A B
hour,4,A,8.0,1, B,9.5,2, B
le,2,A,11.0,2,A B,0,0, 
atlantic,8,A,0,0, ,0,0, 
bill,4,A,13.0,1, B,11.8,5, B
except,6,A,6.0,1,A ,0,0, 
cut,3,A,5.0,1,A ,8.0,1,A 
else,4,A,0,0, ,0,0, 
believe,7,A,6.0,1,A ,6.833333333333333,6,A B
bit,3,A,23.0,1, B,0,0, 
disney,6,A,0,0, ,0,0, 
hours,5,A,8.0,1, B,5.0,1,A 
line,4,A,9.0,1,A ,6.142857142857143,7,A B
captain,7,A,27.0,1, B,0,0, 
couldn't,8,A,0,0, ,0,0, 
daphnoula,9,A,0,0, ,0,0, 
minutes,7,A,13.0,1, B,13.0,2,A B
dead,4,A,6.0,1,A ,5.0,1,A 
least,5,A,6.0,1,A ,0,0, 
arm,3,A,4.0,1,A ,0,0, 
although,8,A,0,0, ,0,0, 
engine,6,A,5.0,1,A ,14.833333333333334,6,A B
human,5,A,7.0,1,A ,10.857142857142858,7,A B
mouth,5,A,4.0,1,A ,4.0,1,A 
brent,5,A,5.0,1,A ,16.0,1, B
either,6,A,0,0, ,0,0, 
metro,5,A,7.0,1,A ,0,0, 
book,4,A,11.0,1,A ,8.818181818181818,22,A B
land,4,A,12.0,1, B,9.666666666666666,3,A B
best,4,A,7.0,1,A ,0,0, 
bring,5,A,9.0,1,A ,5.25,8,A 
getting,7,A,3.0,1,A ,9.25,8,A 
brother,7,A,11.0,1, B,11.333333333333334,3,A B
feet,4,A,14.0,1, B,8.0,1,A 
friend,6,A,6.0,1,A ,7.6923076923076925,13,A B
control,7,A,5.0,1,A ,7.2,5,A B
hold,4,A,8.0,1,A ,9.666666666666666,3,A B
looks,5,A,11.0,1,A ,5.5,2,A 
child,5,A,8.0,1,A ,7.294117647058823,17,A B
longer,6,A,6.0,1,A ,0,0, 
main,4,A,11.0,1, B,0,0, 
anyone,6,A,0,0, ,0,0, 
arms,4,A,15.0,1,A ,9.0,7,A B
across,6,A,0,0, ,0,0, 
film,4,A,5.5,2,A ,10.0,18,A B
minute,6,A,8.0,1, B,0,0, 
city,4,A,12.0,1,A ,14.666666666666666,3, B
earth,5,A,0,0, ,0,0, 
making,6,A,10.0,1,A ,10.0,2,A 
meet,4,A,15.0,1, B,9.4,5,A B
answer,6,A,9.0,1,A ,8.0,2,A 
history,7,A,4.0,1,A ,0,0, 
italian,7,A,8.0,1,A ,7.333333333333333,15,A 
england,7,A,0,0, ,0,0, 
gillies,7,A,9.0,1,A ,0,0, 
let's,5,A,0,0, ,0,0, 
lot,3,A,23.0,1, B,5.5,2,A 
alone,5,A,0,0, ,0,0, 
mean,4,A,7.0,1,A ,13.0,3, B
fishing,7,A,12.0,1, B,7.0,2,A 
lost,4,A,6.0,1,A ,0,0, 
clause,6,A,12.0,1,A ,14.25,4, B
important,9,A,0,0, ,0,0, 
move,4,A,8.0,1,A ,8.0,2,A 
boy,3,A,4.0,1,A ,7.0,11,A B
held,4,A,0,0, ,8.428571428571429,7,A B
marie,5,A,0,0, ,0,0, 
beyond,6,A,0,0, ,0,0, 
des,3,A,8.0,1,A ,0,0, 
mother,6,A,6.0,1,A ,8.88888888888889,9,A B
ago,3,A,0,0, ,0,0, 
early,5,A,0,0, ,0,0, 
feeling,7,A,5.0,1,A ,7.487804878048781,41,A 
hello,5,A,8.0,1,A ,0,0, 
ingeborg,8,A,0,0, ,0,0, 
late,4,A,0,0, ,0,0, 
age,3,A,8.0,1,A ,9.555555555555555,9,A B
act,3,A,13.0,1, B,9.0,3,A B
car,3,A,12.0,1, B,7.967741935483871,31,A B
deep,4,A,6.0,1,A ,0,0, 
fall,4,A,6.0,1,A ,0,0, 
law,3,A,10.0,1,A ,10.785714285714286,14,A B
appeared,8,A,2.0,1,A ,5.25,12,A B
distance,8,A,7.0,1,A ,7.944444444444445,18,A B
hope,4,A,12.0,1,A ,0,0, 
exactly,7,A,0,0, ,0,0, 
maybe,5,A,0,0, ,0,0, 
garden,6,A,4.0,1,A ,9.933333333333334,15,A B
greece,6,A,0,0, ,0,0, 
living,6,A,10.0,1,A ,0,0, 
beautiful,9,A,0,0, ,0,0, 
character,9,A,14.0,1, B,0,0, 
company,7,A,11.0,1,A ,12.722222222222221,36,A B
following,9,A,9.0,1,A ,6.666666666666667,3,A 
justice,7,A,13.0,2,A B,6.5,2,A 
meeting,7,A,9.0,1,A ,9.785714285714286,14,A B
added,5,A,8.0,1,A ,6.695652173913044,23,A B
evening,7,A,3.0,1,A ,10.0,1, B
hard,4,A,0,0, ,0,0, 
kept,4,A,0,0, ,8.428571428571429,7,A B
carried,7,A,4.0,1,A ,4.933333333333334,15,A B
birth,5,A,9.0,1,A ,6.0,1,A 
business,8,A,10.0,1,A ,8.818181818181818,11,A 
clear,5,A,9.0,1,A ,0,0, 
isn't,5,A,0,0, ,0,0, 
makes,5,A,4.0,1,A ,0,0, 
afraid,6,A,0,0, ,0,0, 
centre,6,A,0,0, ,0,0, 
certainly,9,A,0,0, ,0,0, 
cold,4,A,18.5,2, B,8.0,1, B
future,6,A,4.0,1,A ,8.0,5,A B
ground,6,A,6.0,1,A ,7.235294117647059,17,A B
members,7,A,9.0,1,A ,9.23076923076923,26,A B
dear,4,A,5.0,1,A ,0,0, 
father,6,A,6.0,1,A ,6.75,4,A B
followed,8,A,6.0,1,A ,5.5,4,A 
further,7,A,7.0,1,A ,0,0, 
judge,5,A,9.5,2,A ,7.5,12,A B
beside,6,A,0,0, ,0,0, 
boat,4,A,6.0,1,A ,7.115384615384615,26,A B
care,4,A,4.0,1,A ,9.8,20,A B
common,6,A,5.0,1,A ,12.5,2, B
free,4,A,6.0,1,A ,0,0, 
london,6,A,0,0, ,0,0, 
met,3,A,0,0, ,9.0,1,A 
changed,7,A,0,0, ,7.855361596009975,401,A B
direction,9,A,4.0,1,A ,10.666666666666666,6,A B
drink,5,A,7.0,1,A ,8.944444444444445,18,A B
mine,4,A,10.0,1,A ,9.142857142857142,7,A B
moving,6,A,0,0, ,5.666666666666667,123,A B
everyone,8,A,0,0, ,0,0, 
heavy,5,A,5.0,1,A ,0,0, 
built,5,A,4.0,1,A ,6.833333333333333,12,A 
cell,4,A,11.0,1,A ,0,0, 
moscow,6,A,0,0, ,0,0, 
moved,5,A,0,0, ,5.666666666666667,123,A B
corner,6,A,4.0,1,A ,0,0, 
family,6,A,4.0,1,A ,11.833333333333334,6, B
fine,4,A,7.0,1,A ,11.0,1, B
jensen,6,A,0,0, ,0,0, 
map,3,A,14.0,1,A ,8.285714285714286,7,A B
coffee,6,A,8.0,1,A ,11.0,13,A B
eye,3,A,10.0,1, B,10.0,6,A B
happen,6,A,0,0, ,6.576923076923077,26,A B
athens,6,A,0,0, ,0,0, 
group,5,A,11.0,1,A ,8.37037037037037,27,A B
bad,3,A,7.0,1,A ,9.857142857142858,7,A 
chair,5,A,4.0,1,A ,11.333333333333334,15,A B
hundred,7,A,12.0,1, B,0,0, 
julia,5,A,0,0, ,0,0, 
money,5,A,16.0,1, B,9.5,6,A B
country,7,A,13.0,1, B,10.181818181818182,11,A B
energy,6,A,18.0,1, B,11.538461538461538,13,A B
live,4,A,2.0,1,A ,6.2727272727272725,11,A 
actually,8,A,0,0, ,0,0, 
court,5,A,8.0,1,A ,12.576923076923077,26,A B
fear,4,A,7.0,1,A ,7.7272727272727275,11,A B
form,4,A,4.0,1,A ,8.0,8,A B
friends,7,A,6.0,1,A ,7.6923076923076925,13,A B
forgotten,9,A,0,0, ,7.5,2,A 
hadn't,6,A,0,0, ,0,0, 
area,4,A,6.0,1,A ,8.25,32,A B
dress,5,A,15.0,1, B,8.133333333333333,15,A B
haven't,7,A,0,0, ,0,0, 
indeed,6,A,0,0, ,0,0, 
lion,4,A,6.0,1, B,6.666666666666667,3,A B
mad,3,A,0,0, ,0,0, 
means,5,A,14.0,1,A ,8.076923076923077,13,A B
centuries,9,A,10.0,1, B,14.0,2,A B
easy,4,A,0,0, ,0,0, 
emily,5,A,0,0, ,0,0, 
enormous,8,A,0,0, ,0,0, 
green,5,A,14.0,1, B,9.9,10,A B
menhirs,7,A,8.0,1,A ,0,0, 
ages,4,A,8.0,1,A ,9.555555555555555,9,A B
below,5,A,0,0, ,0,0, 
died,4,A,11.0,1, B,6.375,8,A B
art,3,A,8.0,1,A ,8.266666666666667,15,A B
according,9,A,5.0,1,A ,5.0,1,A 
board,5,A,9.0,1,A ,12.88888888888889,9,A B
especially,10,A,0,0, ,0,0, 
closed,6,A,0,0, ,4.625,8,A B
east,4,A,20.0,1, B,0,0, 
kitchen,7,A,4.0,1,A ,7.666666666666667,3,A 
knows,5,A,7.0,1,A ,0,0, 
lips,4,A,13.5,2,A B,7.5,2,A 
clothes,7,A,8.0,1,A ,8.0,1,A 
du,2,A,0,0, ,0,0, 
feature,7,A,8.0,1,A ,9.727272727272727,11,A B
force,5,A,9.0,1,A ,7.4,5,A 
frequency,9,A,4.0,1,A ,11.142857142857142,7,A B
hardly,6,A,0,0, ,0,0, 
instead,7,A,0,0, ,0,0, 
letter,6,A,6.0,2,A ,10.9375,16,A B
american,8,A,10.0,1,A ,9.897058823529411,68,A B
caccia,6,A,0,0, ,0,0, 
coat,4,A,11.0,1,A ,7.9375,16,A B
famous,6,A,0,0, ,0,0, 
ha,2,A,15.0,1, B,0,0, 
holding,7,A,10.0,1,A ,9.0,2,A 
islands,7,A,4.0,1,A ,13.75,4, B
job,3,A,8.0,1,A ,8.266666666666667,15,A 
military,8,A,5.0,1,A ,15.0,1, B
months,6,A,10.0,1, B,18.166666666666668,6,A B
caught,6,A,8.0,1,A ,0,0, 
covered,7,A,0,0, ,5.433734939759036,83,A B
doctor,6,A,19.0,1, B,10.928571428571429,14,A B
fingers,7,A,7.0,2,A ,8.8,5,A B
german,6,A,8.0,1,A ,7.5,6,A B
he'll,5,A,0,0, ,0,0, 
lay,3,A,4.0,1,A ,10.0,1,A 
ah,2,A,0,0, ,0,0, 
begin,5,A,0,0, ,0,0, 
brown,5,A,14.0,1, B,8.545454545454545,11,A B
building,8,A,9.0,1,A ,9.346153846153847,52,A B
cannot,6,A,0,0, ,0,0, 
church,6,A,8.0,1,A ,14.666666666666666,6, B
fell,4,A,10.0,1, B,7.333333333333333,3,A 
john,4,A,4.0,1,A ,8.75,4,A B
leaving,7,A,3.0,1,A ,8.8,10,A B
born,4,A,0,0, ,0,0, 
completely,10,A,0,0, ,0,0, 
cried,5,A,5.0,1,A ,5.428571428571429,7,A 
difficult,9,A,0,0, ,0,0, 
evidence,8,A,11.0,1,A ,6.833333333333333,6,A B
impossible,10,A,13.0,1,A ,0,0, 
memory,6,A,14.0,1,A ,11.0,5,A B
effects,7,A,16.0,1, B,0,0, 
event,5,A,20.0,1, B,8.2,10,A B
lie,3,A,9.0,1,A ,7.25,4,A B
continued,9,A,3.0,1,A ,4.333333333333333,3,A B
earlier,7,A,0,0, ,0,0, 
hall,4,A,8.0,1,A ,9.0,1,A 
hat,3,A,9.0,1,A ,8.227272727272727,22,A B
information,11,A,7.0,1,A ,8.23076923076923,26,A B
lady,4,A,5.0,1,A ,5.0,1,A 
listen,6,A,8.0,1,A ,6.6,5,A B
march,5,A,22.0,1, B,0,0, 
motion,6,A,19.0,1, B,7.857142857142857,14,A B
arrived,7,A,0,0, ,5.4,10,A B
baltic,6,A,0,0, ,0,0, 
belt,4,A,4.0,1,A ,7.8,5,A B
class,5,A,10.0,1,A ,12.636363636363637,11,A B
coasts,6,A,5.0,1,A ,7.75,4,A 
finally,7,A,0,0, ,0,0, 
hydro,5,A,0,0, ,0,0, 
knowledge,9,A,20.0,1, B,8.526315789473685,19,A B
leaves,6,A,10.0,1, B,9.925925925925926,27,A B
asks,4,A,11.0,1,A ,5.0,2,A 
chance,6,A,11.0,1,A ,6.583333333333333,12,A B
doubt,5,A,14.0,1, B,11.166666666666666,6,A B
forget,6,A,0,0, ,7.5,2,A 
girls,5,A,5.0,1,A ,6.884615384615385,26,A B
immediately,11,A,0,0, ,0,0, 
married,7,A,6.0,1,A ,0,0, 
charles,7,A,0,0, ,0,0, 
construction,12,A,24.0,1, B,11.0,9,A B
dressed,7,A,6.0,1,A ,7.111111111111111,9,A B
eat,3,A,5.0,2,A ,6.235294117647059,17,A B
euro,4,A,12.0,1, B,0,0, 
finished,8,A,3.0,1,A ,8.714285714285714,7,A B
fire,4,A,9.0,1,A ,8.666666666666666,9,A B
grand,5,A,12.0,1, B,9.0,1,A 
houses,6,A,8.0,2,A ,9.074074074074074,27,A B
lived,5,A,2.0,1,A ,6.2727272727272725,11,A 
ancient,7,A,7.0,1,A ,0,0, 
books,5,A,11.0,1,A ,8.818181818181818,22,A B
breath,6,A,13.0,1, B,10.0,2,A 
entrance,8,A,6.0,1,A ,8.0,10,A B
fifteenth,9,A,4.0,1,A ,0,0, 
frame,5,A,9.0,1,A ,5.0,1,A 
master,6,A,6.0,1,A ,9.0,1, B
mountains,9,A,16.0,1, B,5.25,4,A 
atoms,5,A,9.0,1,A ,9.0,5,A B
conversation,12,A,6.0,1,A ,9.4,15,A B
countries,9,A,13.0,1, B,10.181818181818182,11,A B
cover,5,A,8.0,1,A ,8.5,4,A 
forward,7,A,16.0,1, B,0,0, 
ministry,8,A,10.0,1,A ,0,0, 
attention,9,A,21.0,1, B,7.5,6,A 
aware,5,A,0,0, ,0,0, 
boys,4,A,4.0,1,A ,7.0,11,A B
british,7,A,6.0,1,A ,0,0, 
dutch,5,A,6.0,1,A ,7.0,1,A 
eight,5,A,5.0,1,A ,0,0, 
empty,5,A,9.0,1,A ,0,0, 
food,4,A,9.0,1,A ,8.6,15,A B
gets,4,A,6.0,1,A ,0,0, 
god,3,A,0,0, ,0,0, 
modern,6,A,6.0,1,A ,0,0, 
buy,3,A,8.0,1,A ,8.5,2,A B
calculus,8,A,4.0,1,A ,9.428571428571429,7,A B
cat,3,A,6.0,1,A ,9.0,2,A B
central,7,A,9.0,1,A ,9.0,2,A 
conditions,10,A,7.0,1,A ,0,0, 
curious,7,A,0,0, ,0,0, 
daphne,6,A,5.0,1,A ,11.0,3,A B
director,8,A,13.0,1,A ,12.0,3,A B
effort,6,A,8.0,1,A ,6.7368421052631575,19,A B
health,6,A,9.0,1,A ,0,0, 
interest,8,A,9.0,1,A ,8.5,2,A 
coast,5,A,5.0,1,A ,7.75,4,A 
disneyland,10,A,0,0, ,0,0, 
effect,6,A,10.0,1,A ,10.25,24,A B
lives,5,A,5.0,1,A ,6.0,1,A 
member,6,A,9.0,1,A ,9.23076923076923,26,A B
million,7,A,12.0,1, B,0,0, 
mouse,5,A,6.0,1,A ,10.0,5, B
afternoon,9,A,3.0,1,A ,0,0, 
bar,3,A,4.0,1,A ,11.75,4,A B
boots,5,A,8.0,1,A ,8.714285714285714,7,A B
claythorne,10,A,0,0, ,0,0, 
dangerous,9,A,0,0, ,0,0, 
horror,6,A,4.0,1,A ,0,0, 
inc,3,A,10.0,1,A ,0,0, 
lying,5,A,13.0,1,A ,7.0,1,A 
anyway,6,A,0,0, ,0,0, 
danger,6,A,9.0,1,A ,13.2,5,A B
fiancee,7,A,9.0,1,A ,0,0, 
fish,4,A,17.0,1, B,11.076923076923077,13,A B
catch,5,A,8.0,1,A ,0,0, 
die,3,A,4.0,1,A ,8.5,4,A 
difference,10,A,7.0,1,A ,10.5,8,A 
greek,5,A,13.0,1,A ,10.0,5,A B
agreed,6,A,0,0, ,8.142857142857142,7,A B
boats,5,A,6.0,1,A ,7.115384615384615,26,A B
chapter,7,A,7.0,1,A ,0,0, 
dad,3,A,6.0,1,A ,0,0, 
exist,5,A,0,0, ,6.818181818181818,11,A B
field,5,A,5.0,1,A ,6.333333333333333,6,A 
hole,4,A,7.0,1,A ,8.0,9,A B
imagine,7,A,17.0,1, B,7.625,8,A 
international,13,A,9.0,1,A ,0,0, 
agree,5,A,0,0, ,8.142857142857142,7,A B
alive,5,A,0,0, ,0,0, 
appearance,10,A,7.0,1,A ,8.448275862068966,29,A B
bottle,6,A,6.0,1,A ,8.61111111111111,18,A B
box,3,A,9.0,1,A ,7.08,25,A B
bulb,4,A,5.0,1,A ,6.0,4,A 
carry,5,A,14.0,1,A ,9.2,5,A B
channel,7,A,12.0,1,A ,0,0, 
dream,5,A,11.0,1,A ,8.5,2,A B
follow,6,A,6.0,1,A ,5.5,4,A 
gold,4,A,13.0,1, B,0,0, 
hubble,6,A,0,0, ,0,0, 
mass,4,A,17.5,2, B,10.416666666666666,12,A B
merely,6,A,0,0, ,0,0, 
miles,5,A,10.0,1, B,0,0, 
mock,4,A,8.0,1,A ,0,0, 
movement,8,A,6.0,1,A ,7.878048780487805,41,A B
brake,5,A,9.0,1,A ,10.5,4, B
cause,5,A,6.0,1,A ,8.6,5,A 
clean,5,A,10.0,1,A ,0,0, 
clock,5,A,9.0,1,A ,10.916666666666666,12,A B
couple,6,A,4.0,1,A ,16.0,1, B
dance,5,A,3.0,1,A ,10.5,2,A 
economic,8,A,0,0, ,0,0, 
figure,6,A,12.0,1,A ,0,0, 
hatter,6,A,6.5,2,A ,0,0, 
hotel,5,A,8.0,1,A ,7.428571428571429,7,A B
kostis,6,A,0,0, ,0,0, 
appear,6,A,2.0,1,A ,5.25,12,A B
aren't,6,A,0,0, ,0,0, 
believed,8,A,6.0,1,A ,6.833333333333333,6,A B
broken,6,A,3.0,1,A ,6.666666666666667,3,A B
complete,8,A,3.0,1,A ,8.714285714285714,7,A B
er,2,A,15.0,1, B,0,0, 
filled,6,A,6.0,1,A ,6.166666666666667,24,A B
gallery,7,A,8.0,1,A ,0,0, 
generation,10,A,6.0,1,A ,10.5,2, B
gentlemen,9,A,3.0,1,A ,8.0,3,A 
guard,5,A,8.0,1,A ,8.6,5,A 
inspired,8,A,9.0,1,A ,9.0,1,A 
asleep,6,A,0,0, ,0,0, 
eighteenth,10,A,4.0,1,A ,0,0, 
faces,5,A,16.0,1, B,11.0,1,A 
genoa,5,A,0,0, ,0,0, 
gryphon,7,A,15.0,1, B,0,0, 
happy,5,A,0,0, ,0,0, 
ii,2,A,5.0,1,A ,5.5,2,A 
jens,4,A,0,0, ,0,0, 
june,4,A,22.0,1, B,0,0, 
metres,6,A,16.0,1, B,0,0, 
angus,5,A,0,0, ,0,0, 
bought,6,A,3.0,1,A ,6.875,8,A B
branch,6,A,8.0,1,A ,14.0,4, B
colour,6,A,8.0,1,A ,7.0,9,A 
damage,6,A,6.0,1,A ,7.333333333333333,3,A 
deal,4,A,11.0,1,A ,8.5,2, B
distant,7,A,0,0, ,0,0, 
drive,5,A,10.0,1,A ,7.5,2,A 
genoese,7,A,7.0,1,A ,0,0, 
gives,5,A,10.0,1,A ,0,0, 
importance,10,A,5.0,1,A ,9.2,10,A B
laugh,5,A,9.0,1,A ,7.125,8,A 
learn,5,A,0,0, ,6.25,4,A B
les,3,A,11.0,2,A B,0,0, 
macarthur,9,A,0,0, ,0,0, 
activity,8,A,3.0,1,A ,8.171052631578947,76,A B
bag,3,A,9.0,1,A ,7.513513513513513,37,A B
ball,4,A,13.0,1, B,9.533333333333333,30,A B
compartment,11,A,5.0,1,A ,9.0,3,A B
crazy,5,A,7.0,1,A ,0,0, 
current,7,A,20.0,1, B,11.0,2,A B
despite,7,A,7.0,1,A ,0,0, 
killed,6,A,0,0, ,7.305555555555555,36,A B
lars,4,A,0,0, ,0,0, 
larsen,6,A,0,0, ,0,0, 
led,3,A,5.0,1,A ,26.0,1, B
mark,4,A,10.0,1,A ,8.5,4,A B
meant,5,A,6.0,1,A ,5.2,5,A 
ahead,5,A,0,0, ,0,0, 
amount,6,A,6.0,1,A ,7.785714285714286,14,A B
changes,7,A,9.0,1,A ,9.344827586206897,29,A B
corridor,8,A,10.0,1,A ,7.0,2,A 
cross,5,A,9.0,1,A ,0,0, 
foot,4,A,14.0,1, B,8.0,1,A 
fourteenth,10,A,4.0,1,A ,0,0, 
huge,4,A,0,0, ,0,0, 
hurry,5,A,7.0,1,A ,0,0, 
lamp,4,A,20.0,1, B,10.0,17,A B
army,4,A,15.0,1, B,11.0,5,A B
baby,4,A,5.0,1,A ,8.11111111111111,9,A B
clocks,6,A,10.0,1,A ,0,0, 
coastal,7,A,0,0, ,0,0, 
cost,4,A,5.0,1,A ,10.842105263157896,19,A B
entire,6,A,9.0,1, B,4.0,1,A 
fishermen,9,A,13.0,1, B,6.5,2,A 
fresh,5,A,0,0, ,0,0, 
lucky,5,A,0,0, ,0,0, 
market,6,A,8.0,1,A ,10.625,8,A B
afterwards,10,A,0,0, ,0,0, 
anthony,7,A,0,0, ,0,0, 
bottom,6,A,4.0,1,A ,5.4,5,A 
carefully,9,A,0,0, ,0,0, 
crowd,5,A,9.0,1,A ,5.0,7,A 
december,8,A,22.0,1, B,0,0, 
development,11,A,11.0,1,A ,12.5,4,A B
due,3,A,5.0,1,A ,0,0, 
ears,4,A,10.0,1, B,0,0, 
escape,6,A,11.0,1, B,6.8,5,A 
fellow,6,A,4.0,1,A ,3.0,1,A 
foreign,7,A,0,0, ,0,0, 
fuel,4,A,9.0,1,A ,7.714285714285714,21,A B
lies,4,A,9.0,1,A ,7.25,4,A B
magic,5,A,15.0,1,A ,6.8,5,A B
based,5,A,0,0, ,5.0,1,A 
blood,5,A,19.0,1, B,9.5,10,A B
chief,5,A,6.0,1,A ,10.3,10,A B
department,10,A,8.0,1,A ,15.0,6,A B
drawing,7,A,7.0,1,A ,5.0,1,A 
figures,7,A,12.0,1,A ,0,0, 
funny,5,A,4.0,1,A ,0,0, 
hasn't,6,A,0,0, ,0,0, 
journey,7,A,6.0,1,A ,6.5,16,A B
legs,4,A,7.0,1,A ,0,0, 
managed,7,A,7.0,1,A ,0,0, 
chinese,7,A,7.0,1,A ,4.2,5,A 
constant,8,A,8.0,1,A ,9.0,1,A 
explain,7,A,6.0,1,A ,7.6,5,A B
fast,4,A,10.0,1,A ,7.666666666666667,3,A B
freedom,7,A,5.0,1,A ,10.7,10,A B
inner,5,A,0,0, ,0,0, 
knees,5,A,10.0,1, B,0,0, 
lead,4,A,9.0,1,A ,0,0, 
apart,5,A,0,0, ,0,0, 
bus,3,A,15.0,1, B,8.666666666666666,3,A B
ceiling,7,A,12.0,1, B,8.0,1,A 
double,6,A,7.0,1, B,16.0,1, B
driving,7,A,10.0,1, B,0,0, 
faint,5,A,19.0,1, B,0,0, 
fair,4,A,4.0,1,A ,0,0, 
grey,4,A,0,0, ,0,0, 
hot,3,A,0,0, ,0,0, 
interior,8,A,6.0,1,A ,7.333333333333333,3,A 
laughing,8,A,14.0,1, B,6.818181818181818,11,A B
levels,6,A,8.0,1,A ,8.461538461538462,13,A B
lower,5,A,5.0,1,A ,0,0, 
marston,7,A,0,0, ,0,0, 
cafe,4,A,10.0,1,A ,8.2,5,A B
continent,9,A,8.0,1,A ,0,0, 
crossed,7,A,4.0,1,A ,5.6,10,A 
decided,7,A,0,0, ,5.666666666666667,9,A 
designed,8,A,17.0,1, B,4.666666666666667,3,A 
dry,3,A,8.0,1,A ,0,0, 
eh,2,A,0,0, ,0,0, 
flat,4,A,5.0,1,A ,10.0,2, B
franco,6,A,0,0, ,0,0, 
hey,3,A,0,0, ,0,0, 
holds,5,A,8.0,1,A ,9.666666666666666,3,A B
lake,4,A,11.0,1, B,5.75,8,A B
louvre,6,A,0,0, ,0,0, 
mariners,8,A,6.0,1,A ,8.0,9,A B
marseille,9,A,0,0, ,0,0, 
model,5,A,10.0,1,A ,12.142857142857142,7,A B
moon,4,A,0,0, ,0,0, 
absolute,8,A,11.0,1,A ,0,0, 
animated,8,A,9.0,1,A ,9.0,1,A 
asking,6,A,9.0,1, B,7.636363636363637,11,A B
atomic,6,A,0,0, ,0,0, 
attack,6,A,9.0,1,A ,8.75,12,A B
bent,4,A,11.0,1,A ,0,0, 
bodies,6,A,13.0,1, B,8.333333333333334,3, B
bruges,6,A,0,0, ,0,0, 
careful,7,A,0,0, ,0,0, 
contact,7,A,11.0,1,A ,8.0,3,A B
daughter,8,A,15.0,1, B,16.0,1, B
easily,6,A,0,0, ,0,0, 
enemy,5,A,12.0,1, B,0,0, 
groups,6,A,11.0,1,A ,8.37037037037037,27,A B
key,3,A,6.0,1,A ,8.666666666666666,3,A B
laid,4,A,4.0,1,A ,6.064935064935065,77,A B
league,6,A,11.0,1,A ,11.666666666666666,9,A B
mention,7,A,6.0,1,A ,11.333333333333334,3,A 
merchants,9,A,14.0,1,A ,8.368421052631579,19,A B
allow,5,A,0,0, ,4.0,1,A 
appears,7,A,2.0,1,A ,5.25,12,A B
break,5,A,9.0,1,A ,9.75,4,A 
broke,5,A,3.0,1,A ,6.666666666666667,3,A B
champagne,9,A,13.0,1, B,0,0, 
circuit,7,A,16.0,1, B,10.470588235294118,17,A B
clearly,7,A,0,0, ,0,0, 
courage,7,A,6.0,1,A ,10.571428571428571,7,A B
date,4,A,3.0,1,A ,8.0,2,A 
disappeared,11,A,0,0, ,5.4,10,A B
discovered,10,A,3.0,1,A ,6.2,5,A B
dog,3,A,10.0,2,A B,7.5,18,A B
en,2,A,10.0,1, B,0,0, 
et,2,A,0,0, ,0,0, 
giving,6,A,7.0,1,A ,9.285714285714286,7,A 
grown,5,A,6.0,1,A ,4.0,2,A 
handle,6,A,9.0,1,A ,6.642857142857143,14,A B
happens,7,A,0,0, ,6.576923076923077,26,A B
hidden,6,A,0,0, ,6.583333333333333,12,A B
influence,9,A,5.0,1,A ,5.666666666666667,3,A B
liza's,6,A,0,0, ,0,0, 
major,5,A,27.0,1, B,0,0, 
absolutely,10,A,0,0, ,0,0, 
april,5,A,22.0,1, B,0,0, 
atmosphere,10,A,9.0,1,A ,6.75,4,A B
cells,5,A,11.0,1,A ,0,0, 
coal,4,A,12.5,2, B,10.0,4,A B
created,7,A,0,0, ,7.051724137931035,58,A B
cry,3,A,9.0,1,A ,5.928571428571429,14,A B
decorated,9,A,6.0,1,A ,6.5227272727272725,44,A B
doors,5,A,14.0,1, B,9.666666666666666,12, B
duchess,7,A,4.0,1,A ,12.0,1, B
existed,7,A,0,0, ,6.818181818181818,11,A B
games,5,A,8.0,1,A ,9.7,10,A B
grow,4,A,6.0,1,A ,4.0,2,A 
husband,7,A,6.0,1,A ,9.0,5,A B
italy,5,A,0,0, ,0,0, 
kingdom,7,A,6.0,1,A ,9.0,1,A 
lights,6,A,16.0,1, B,9.130434782608695,23,A B
lines,5,A,9.0,1,A ,6.142857142857143,7,A B
addition,8,A,9.0,1,A ,9.0,5,A 
africa,6,A,0,0, ,0,0, 
available,9,A,0,0, ,0,0, 
bedroom,7,A,4.0,1,A ,9.571428571428571,7,A B
begun,5,A,0,0, ,7.166666666666667,12,A B
china,5,A,0,0, ,0,0, 
coloured,8,A,9.0,1,A ,0,0, 
concerned,9,A,0,0, ,6.75,4,A B
continue,8,A,3.0,1,A ,4.333333333333333,3,A B
courtyard,9,A,4.0,1,A ,7.333333333333333,6,A B
crown,5,A,6.0,1,A ,0,0, 
drew,4,A,0,0, ,0,0, 
dwarfs,6,A,11.0,1, B,14.5,2, B
edge,4,A,8.0,1,A ,4.5,2,A 
expression,10,A,11.0,1,A ,5.5,2,A 
fallen,6,A,6.0,1,A ,0,0, 
fixed,5,A,6.0,1,A ,5.454545454545454,11,A 
glad,4,A,15.0,1, B,0,0, 
government,10,A,6.0,1,A ,12.4375,16,A B
grew,4,A,6.0,1,A ,4.0,2,A 
hanging,7,A,10.0,1,A ,8.0,4,A 
heads,5,A,16.0,1, B,9.0,1, B
knowing,7,A,22.0,1, B,9.5,6,A 
language,8,A,13.0,1,A ,11.9375,16,A B
located,7,A,4.0,1,A ,7.5,2,A 
mirror,6,A,9.0,1,A ,9.666666666666666,6,A B
account,7,A,6.0,1,A ,10.571428571428571,7,A B
action,6,A,3.0,1,A ,9.212121212121213,33,A B
angry,5,A,0,0, ,0,0, 
bay,3,A,11.0,1, B,9.0,2,A B
cigarette,9,A,13.0,1, B,10.666666666666666,3,A B
commercial,10,A,2.0,1,A ,11.0,1,A 
daily,5,A,9.0,1,A ,0,0, 
danish,6,A,12.0,1,A ,0,0, 
data,4,A,10.0,1,A ,9.666666666666666,3,A B
dreams,6,A,11.0,1,A ,8.5,2,A B
emissions,9,A,6.0,1,A ,9.0,2,A 
everybody,9,A,0,0, ,0,0, 
everywhere,10,A,0,0, ,0,0, 
existence,9,A,5.0,1,A ,9.090909090909092,11,A 
experience,10,A,9.0,1,A ,12.0,2,A 
falling,7,A,6.0,1,A ,0,0, 
fighting,8,A,8.0,1,A ,8.055555555555555,18,A B
hospital,8,A,15.0,1, B,12.0,6,A B
including,9,A,0,0, ,7.333333333333333,6,A B
laughs,6,A,9.0,1,A ,7.125,8,A 
access,6,A,5.0,1,A ,4.0,1,A 
allowed,7,A,0,0, ,4.0,1,A 
antwerp,7,A,0,0, ,0,0, 
bang,4,A,4.0,1,A ,0,0, 
bright,6,A,0,0, ,0,0, 
bye,3,A,10.0,1,A ,0,0, 
castle,6,A,7.0,1,A ,0,0, 
draw,4,A,5.0,1,A ,0,0, 
expansion,9,A,8.0,1,A ,9.833333333333334,6,A 
fairy,5,A,14.0,1, B,8.0,9,A B
game,4,A,8.0,1,A ,9.7,10,A B
gibraltar,9,A,0,0, ,0,0, 
individual,10,A,9.5,2,A B,8.059701492537313,402,A B
kill,4,A,11.0,1,A ,8.714285714285714,14,A 
local,5,A,15.0,1, B,0,0, 
luck,4,A,9.0,1,A ,9.5,4,A B
manage,6,A,7.0,1,A ,0,0, 
message,7,A,13.0,1,A ,8.11111111111111,9,A B
anywhere,8,A,0,0, ,0,0, 
aside,5,A,11.0,1, B,0,0, 
blistering,10,A,14.0,1, B,0,0, 
blow,4,A,6.0,1,A ,5.909090909090909,22,A 
costs,5,A,13.0,1,A ,0,0, 
developed,9,A,6.0,1,A ,5.0,1,A 
dropped,7,A,4.0,1,A ,5.25,4,A B
events,6,A,20.0,1, B,8.2,10,A B
familiar,8,A,7.0,1,A ,0,0, 
fully,5,A,0,0, ,0,0, 
growing,7,A,14.0,1, B,11.735294117647058,34,A B
hate,4,A,7.0,1,A ,9.454545454545455,11,A 
issue,5,A,7.0,1,A ,11.5,4,A B
join,4,A,10.0,1,A ,23.0,1, B
length,6,A,14.666666666666666,3,A B,8.8,5,A 
load,4,A,6.0,1,A ,8.0,6,A B
michail,7,A,0,0, ,0,0, 
acid,4,A,8.0,1,A ,12.189873417721518,79,A B
adventure,9,A,11.0,1,A ,0,0, 
adventures,10,A,11.0,1,A ,0,0, 
answers,7,A,9.0,1,A ,8.0,2,A 
areas,5,A,6.0,1,A ,8.25,32,A B
authorized,10,A,6.0,1,A ,8.428571428571429,7,A 
barnacles,9,A,10.0,1,A ,13.0,2, B
capital,7,A,6.0,1,A ,11.0,4,A B
carrying,8,A,4.0,1,A ,4.933333333333334,15,A B
cases,5,A,9.0,1,A ,6.666666666666667,3,A 
characters,10,A,14.0,1, B,0,0, 
concern,7,A,8.0,1,A ,10.4,5,A B
difficulty,10,A,6.0,1,A ,7.0,2,A B
empire,6,A,6.0,1,A ,0,0, 
eurasia,7,A,0,0, ,0,0, 
excuse,6,A,7.0,1,A ,11.0,1,A 
fashion,7,A,8.0,1,A ,6.222222222222222,9,A B
fifteen,7,A,12.0,1, B,0,0, 
financial,9,A,0,0, ,0,0, 
forever,7,A,0,0, ,0,0, 
gin,3,A,6.0,1,A ,7.666666666666667,3,A B
height,6,A,9.0,1,A ,7.5,2,A 
higher,6,A,0,0, ,0,0, 
image,5,A,14.0,1,A ,12.8,5, B
impression,10,A,4.0,1,A ,8.25,4,A B
iron,4,A,15.0,1, B,9.727272727272727,11, B
lisbon,6,A,0,0, ,0,0, 
material,8,A,9.0,1,A ,8.980392156862745,51,A B
animals,7,A,8.0,1,A ,7.680851063829787,47,A B
answered,8,A,5.0,1,A ,6.0,6,A B
applied,7,A,0,0, ,6.3478260869565215,23,A B
calm,4,A,11.0,1,A ,6.0,2,A 
canada,6,A,0,0, ,0,0, 
dormouse,8,A,6.0,1,A ,6.333333333333333,3,A B
drop,4,A,6.0,1,A ,7.5,2,A 
fifty,5,A,12.0,1, B,0,0, 
forest,6,A,10.0,1,A ,7.666666666666667,6,A B
formed,6,A,4.0,1,A ,8.2,5,A B
generally,9,A,0,0, ,0,0, 
interesting,11,A,6.0,1,A ,7.5,2,A 
it'll,5,A,0,0, ,0,0, 
literature,10,A,7.0,1,A ,18.0,1, B
loud,4,A,0,0, ,0,0, 
mentioned,9,A,7.0,1, B,7.8,10,A B
mixed,5,A,15.0,1, B,6.444444444444445,9,A B
anna,4,A,19.5,2, B,0,0, 
buildings,9,A,9.0,1,A ,9.346153846153847,52,A B
cent,4,A,17.5,2, B,0,0, 
civil,5,A,0,0, ,0,0, 
considered,10,A,5.0,1,A ,7.0,20,A 
correct,7,A,16.0,1, B,6.0,2,A 
dame,4,A,4.0,1,A ,0,0, 
dining,6,A,6.0,1,A ,10.0,1, B
direct,6,A,5.0,1,A ,4.0,1,A 
directly,8,A,0,0, ,0,0, 
executed,8,A,5.0,2,A ,5.0,3,A 
expected,8,A,8.0,1,A ,6.75,4,A 
facts,5,A,11.0,1,A ,7.333333333333333,9,A B
fancy,5,A,13.0,1,A ,12.333333333333334,3,A B
fat,3,A,5.0,1,A ,10.0,6,A B
glance,6,A,4.0,1,A ,11.0,2,A 
hare,4,A,7.0,1,A ,10.0,5,A B
holidays,8,A,7.0,1,A ,8.2,5,A B
iii,3,A,5.0,1,A ,0,0, 
kilometres,10,A,16.0,1, B,0,0, 
lit,3,A,13.0,1, B,0,0, 
manner,6,A,8.0,1,A ,6.222222222222222,9,A B
meaning,7,A,7.0,1,A ,8.583333333333334,12,A B
august,6,A,22.0,1, B,0,0, 
bear,4,A,9.0,1,A ,10.0,7,A B
bread,5,A,9.0,2,A B,9.064516129032258,31,A B
chest,5,A,8.0,1, B,10.0,2, B
described,9,A,8.0,1, B,8.0,3,A 
duck,4,A,14.0,1, B,8.333333333333334,24,A B
evolution,9,A,7.0,1,A ,9.0,4,A 
fool,4,A,9.0,1,A ,7.111111111111111,9,A 
glasses,7,A,17.0,1, B,8.6,5,A 
goodbye,7,A,8.0,1,A ,0,0, 
grigorevich,11,A,0,0, ,0,0, 
happening,9,A,5.0,1,A ,7.818181818181818,44,A B
hit,3,A,4.0,1,A ,7.0,1, B
ignition,8,A,4.0,1,A ,21.0,1, B
jacket,6,A,4.0,1,A ,10.0,24,A B
labour,6,A,5.0,1,A ,13.666666666666666,3,A B
laughed,7,A,14.0,1, B,6.818181818181818,11,A B
laura,5,A,0,0, ,0,0, 
liked,5,A,6.0,1,A ,6.0,1,A 
lunch,5,A,4.0,1,A ,13.0,1, B
moreover,8,A,0,0, ,0,0, 
add,3,A,8.0,1,A ,0,0, 
advantage,9,A,5.0,1,A ,8.466666666666667,15,A B
automatic,9,A,13.0,2, B,17.0,2, B
avoid,5,A,0,0, ,6.0,8,A B
basket,6,A,9.0,1,A ,8.333333333333334,9,A B
beam,4,A,6.0,1,A ,0,0, 
buster's,8,A,0,0, ,0,0, 
champs,6,A,5.0,1,A ,14.0,1,A 
characteristic,14,A,8.0,1,A ,9.727272727272727,11,A B
chocolate,9,A,8.0,1,A ,0,0, 
competition,11,A,16.0,1, B,8.0,1, B
comrade,7,A,6.0,1,A ,6.666666666666667,3,A 
consider,8,A,5.0,1,A ,7.0,20,A 
dealer,6,A,8.0,1,A ,9.0625,16,A B
drawn,5,A,4.0,1,A ,5.384615384615385,13,A B
essential,9,A,5.0,1,A ,6.333333333333333,3,A 
flemish,7,A,11.0,1, B,0,0, 
forms,5,A,4.0,1,A ,8.0,8,A B
forrestall,10,A,0,0, ,0,0, 
forty,5,A,12.0,1, B,0,0, 
germany,7,A,0,0, ,0,0, 
gulf,4,A,11.0,1, B,0,0, 
henri,5,A,0,0, ,0,0, 
historical,10,A,0,0, ,0,0, 
hugo,4,A,0,0, ,0,0, 
included,8,A,0,0, ,7.333333333333333,6,A B
iv,2,A,5.0,1,A ,0,0, 
leading,7,A,5.0,1,A ,0,0, 
merchant,8,A,14.0,1,A ,8.368421052631579,19,A B
mountain,8,A,16.0,1, B,5.25,4,A 
argyris,7,A,0,0, ,0,0, 
banks,5,A,0,0, ,0,0, 
begins,6,A,0,0, ,0,0, 
brittany,8,A,0,0, ,0,0, 
camp,4,A,16.0,1, B,7.0,3,A B
choice,6,A,14.0,1, B,6.333333333333333,3,A 
coupling,8,A,10.0,1,A ,0,0, 
creature,8,A,8.0,1,A ,7.680851063829787,47,A B
desire,6,A,7.0,1,A ,7.555555555555555,9,A B
desk,4,A,5.0,1,A ,9.666666666666666,3,A B
diary,5,A,7.0,1,A ,6.0,1, B
electrical,10,A,0,0, ,0,0, 
exile,5,A,8.0,1,A ,10.0,2,A B
falls,5,A,8.0,1,A ,0,0, 
fantasyland,11,A,0,0, ,0,0, 
fight,5,A,14.0,1, B,9.166666666666666,6,A B
finger,6,A,7.0,2,A ,8.8,5,A B
fly,3,A,15.0,1, B,7.625,8,A B
greater,7,A,0,0, ,0,0, 
guess,5,A,7.0,1,A ,10.0,1,A 
gun,3,A,6.0,1,A ,8.090909090909092,11,A B
harbour,7,A,4.0,1,A ,12.0,2, B
ice,3,A,7.0,1,A ,7.0,4,A B
impulse,7,A,10.0,1,A ,9.25,4,A B
increase,8,A,18.0,1, B,9.0,1,A 
instance,8,A,9.0,1,A ,6.666666666666667,3,A 
japanese,8,A,5.0,1,A ,5.75,4,A 
machine,7,A,6.0,1,A ,9.333333333333334,42,A B
menhir,6,A,8.0,1,A ,0,0, 
month,5,A,10.0,1, B,18.166666666666668,6,A B
motor,5,A,7.0,1,A ,8.666666666666666,3,A B
arrest,6,A,7.0,1,A ,0,0, 
average,7,A,9.0,1,A ,5.25,4,A B
base,4,A,20.0,1, B,8.2,5,A B
becomes,7,A,11.0,1, B,5.75,8,A B
beneath,7,A,0,0, ,0,0, 
breast,6,A,16.0,1, B,5.0,1,A 
burst,5,A,17.0,1, B,10.5,2,A 
carriage,8,A,3.0,1,A ,8.5,6,A B
caterpillar,11,A,5.0,1,A ,11.421052631578947,19,A B
check,5,A,5.0,1,A ,9.454545454545455,11,A B
contrary,8,A,10.0,1,A ,0,0, 
dare,4,A,9.0,1,A ,0,0, 
decision,8,A,6.0,1,A ,8.0,5,A B
distribution,12,A,11.0,1,A ,18.666666666666668,6,A B
extra,5,A,5.0,1,A ,0,0, 
finish,6,A,14.0,1,A ,7.0,2,A 
flight,6,A,9.0,1,A ,0,0, 
flung,5,A,5.0,1,A ,4.0,1,A 
fossil,6,A,7.0,1,A ,0,0, 
frontierland,12,A,0,0, ,0,0, 
hatred,6,A,7.0,1,A ,9.454545454545455,11,A 
hiding,6,A,8.0,1,A ,7.777777777777778,9,A B
involved,8,A,5.0,1,A ,9.0,1,A 
jump,4,A,8.0,1,A ,11.0,1, B
letters,7,A,7.0,1,A ,0,0, 
likely,6,A,0,0, ,0,0, 
materials,9,A,9.0,1,A ,8.980392156862745,51,A B
animal,6,A,8.0,1,A ,7.680851063829787,47,A B
apartment,9,A,7.0,1,A ,12.363636363636363,11,A B
arrested,8,A,5.0,1,A ,0,0, 
bells,5,A,14.5,2, B,9.090909090909092,11,A B
button,6,A,8.0,1,A ,10.5,2, B
cap,3,A,9.0,1,A ,7.857142857142857,28,A B
capable,7,A,0,0, ,0,0, 
caused,6,A,4.0,1,A ,7.3,10,A 
chapel,6,A,14.0,1, B,9.0,3,A B
committed,9,A,3.0,1,A ,6.0,2,A 
continental,11,A,0,0, ,0,0, 
downstairs,10,A,0,0, ,0,0, 
drunk,5,A,7.0,1,A ,9.0,1,A 
electric,8,A,3.0,1,A ,0,0, 
extraordinary,13,A,0,0, ,0,0, 
faster,6,A,0,0, ,0,0, 
flag,4,A,6.0,1,A ,8.533333333333333,15,A B
former,6,A,5.0,1,A ,0,0, 
gas,3,A,13.0,1, B,0,0, 
gentleman,9,A,3.0,1,A ,8.0,3,A 
golden,6,A,0,0, ,0,0, 
gravity,7,A,10.0,1,A ,12.0,1, B
hide,4,A,10.0,1, B,7.333333333333333,3,A 
horse,5,A,6.0,1,A ,7.862068965517241,29,A B
identifying,11,A,9.0,1,A ,11.0,1,A 
impulses,8,A,10.0,1,A ,9.25,4,A B
larger,6,A,0,0, ,0,0, 
latter,6,A,6.0,1,A ,0,0, 
leader,6,A,6.0,1,A ,8.818181818181818,44,A B
list,4,A,8.0,1,A ,8.127659574468085,47,A B
loved,5,A,0,0, ,5.0,4,A B
minister,8,A,9.0,1,A ,10.0,1,A 
movements,9,A,6.0,1,A ,7.878048780487805,41,A B
actual,6,A,0,0, ,0,0, 
anti,4,A,6.0,1,A ,0,0, 
approach,8,A,17.0,1,A ,6.0,1,A 
arrive,6,A,0,0, ,5.4,10,A B
attempt,7,A,8.0,1,A ,6.7368421052631575,19,A B
barcelona,9,A,0,0, ,0,0, 
besides,7,A,0,0, ,0,0, 
brand,5,A,4.0,1,A ,5.0,1,A 
burning,7,A,17.0,1, B,8.333333333333334,3,A 
california,10,A,0,0, ,0,0, 
cleared,7,A,6.0,1,A ,0,0, 
connection,10,A,8.0,1,A ,9.333333333333334,9,A 
count,5,A,6.0,1,A ,10.125,8,A B
covers,6,A,8.0,1,A ,8.5,4,A 
darkness,8,A,12.0,1,A ,9.5,4,A B
detail,6,A,4.0,1,A ,10.4,5,A B
dinner,6,A,4.0,1,A ,7.0,1, B
drowned,7,A,5.0,1,A ,0,0, 
dust,4,A,11.0,1,A ,8.0,2,A B
ear,3,A,10.0,1, B,0,0, 
efforts,7,A,8.0,1,A ,6.7368421052631575,19,A B
entrant,7,A,9.0,1,A ,0,0, 
established,11,A,4.0,1,A ,0,0, 
false,5,A,0,0, ,0,0, 
fit,3,A,9.0,1, B,0,0, 
gardens,7,A,4.0,1,A ,9.933333333333334,15,A B
imagination,11,A,10.0,1,A ,9.0,5,A B
impact,6,A,7.0,1,A ,4.0,2,A 
increased,9,A,15.0,1, B,6.428571428571429,21,A B
accurate,8,A,0,0, ,0,0, 
argument,8,A,8.0,1,A ,7.777777777777778,9,A B
artists,7,A,7.0,1,A ,9.521739130434783,23,A 
busy,4,A,4.0,1,A ,6.0,2,A 
cathedral,9,A,6.0,1,A ,7.0,1,A 
choose,6,A,6.0,1,A ,6.0,23,A B
community,9,A,9.0,1,A ,7.545454545454546,11,A B
completed,9,A,3.0,1,A ,8.714285714285714,7,A B
damned,6,A,6.0,1,A ,0,0, 
describe,8,A,8.0,1, B,8.0,3,A 
dirty,5,A,6.0,1,A ,5.333333333333333,9,A 
europeans,9,A,10.0,1,A ,7.75,64,A B
expect,6,A,8.0,1,A ,6.75,4,A 
extended,8,A,8.0,1,A ,9.25,4,A 
eyebrows,8,A,4.0,1,A ,0,0, 
final,5,A,5.0,1,A ,8.0,1, B
fleet,5,A,10.0,1,A ,0,0, 
forces,6,A,9.0,1,A ,7.4,5,A 
geneva,6,A,0,0, ,0,0, 
gesture,7,A,6.0,1,A ,4.0,2,A 
goldstein,9,A,0,0, ,0,0, 
hanseatic,9,A,0,0, ,0,0, 
heap,4,A,10.0,1,A ,7.444444444444445,9,A B
ill,3,A,8.0,1,A ,8.5,2,A B
jumped,6,A,4.0,1,A ,5.733333333333333,15,A B
kiss,4,A,5.0,1,A ,6.5,2,A B
learned,7,A,0,0, ,6.25,4,A B
legal,5,A,0,0, ,0,0, 
lose,4,A,0,0, ,8.5,2,A B
maine,5,A,0,0, ,0,0, 
man's,5,A,0,0, ,0,0, 
mickey,6,A,8.0,1,A ,0,0, 
moustache,9,A,10.0,1, B,12.0,3,A B
advance,7,A,16.0,1, B,7.0,1,A 
arranged,8,A,3.0,1,A ,6.515151515151516,33,A B
artist,6,A,7.0,1,A ,9.521739130434783,23,A 
attraction,10,A,5.0,1,A ,10.8,5,A B
authority,9,A,7.0,1,A ,10.0,7,A B
bank,4,A,5.0,1,A ,9.0,2,A 
bell,4,A,14.5,2, B,9.090909090909092,11,A B
bench,5,A,4.0,1,A ,8.125,8,A B
breakfast,9,A,4.0,1,A ,17.0,2, B
club,4,A,12.0,1, B,0,0, 
collection,10,A,5.0,1,A ,8.236559139784946,93,A B
complex,7,A,5.0,1,A ,7.0,2,A 
contained,9,A,7.0,1,A ,0,0, 
differences,11,A,7.0,1,A ,10.5,8,A 
discovery,9,A,3.0,1,A ,11.0,6,A 
eastasia,8,A,0,0, ,0,0, 
electricity,11,A,18.0,1, B,15.571428571428571,7,A B
export,6,A,9.0,1,A ,0,0, 
extension,9,A,5.0,1,A ,0,0, 
fault,5,A,17.0,1,A ,7.846153846153846,13,A 
festival,8,A,10.0,1, B,17.0,1, B
frozen,6,A,10.0,1, B,6.0,1,A 
germans,7,A,8.0,1,A ,7.5,6,A B
greatest,8,A,0,0, ,0,0, 
guests,6,A,7.0,1,A ,11.333333333333334,3, B
guide,5,A,6.0,1,A ,9.0,1,A 
habit,5,A,6.0,1,A ,0,0, 
here's,6,A,0,0, ,0,0, 
horrible,8,A,0,0, ,0,0, 
identity,8,A,11.0,1,A ,12.666666666666666,3,A B
indian,6,A,10.0,1,A ,7.678571428571429,28,A B
infinite,8,A,9.0,1,A ,12.5,4, B
instant,7,A,6.0,1,A ,0,0, 
joined,6,A,0,0, ,7.857142857142857,7,A B
liberty,7,A,12.0,1,A ,15.0,1,A 
link,4,A,7.0,1,A ,0,0, 
listening,9,A,7.0,1,A ,11.5,2,A 
locked,6,A,6.0,1,A ,5.5,2,A 
measure,7,A,8.0,1,A ,12.666666666666666,3,A B
mere,4,A,4.0,1,A ,0,0, 
aim,3,A,4.0,1,A ,6.5,6,A B
band,4,A,11.0,1, B,7.375,8,A B
basis,5,A,10.0,1,A ,12.0,1, B
battery,7,A,9.0,1,A ,0,0, 
battle,6,A,14.0,1, B,9.166666666666666,6,A B
brain,5,A,15.0,1, B,0,0, 
childhood,9,A,10.0,1, B,7.5,2,A 
circle,6,A,7.0,1,A ,9.75,4,A B
cloth,5,A,8.0,1,A ,7.242774566473988,173,A B
colonel,7,A,27.0,1, B,17.0,1, B
colours,7,A,6.0,1,A ,0,0, 
conscious,9,A,0,0, ,0,0, 
contrast,8,A,10.0,1,A ,0,0, 
create,6,A,0,0, ,7.051724137931035,58,A B
crew,4,A,4.0,1,A ,10.5,2,A B
denmark,7,A,0,0, ,0,0, 
depending,9,A,2.0,1,A ,13.0,1, B
distances,9,A,7.0,1,A ,7.944444444444445,18,A B
dollars,7,A,12.0,1, B,14.434782608695652,23, B
eleven,6,A,12.0,1, B,0,0, 
endless,7,A,0,0, ,0,0, 
environment,11,A,9.0,1,A ,6.142857142857143,7,A 
escaped,7,A,4.0,1,A ,5.333333333333333,6,A B
excellent,9,A,0,0, ,0,0, 
exists,6,A,0,0, ,6.818181818181818,11,A B
features,8,A,8.0,1,A ,9.727272727272727,11,A B
fill,4,A,6.0,1,A ,0,0, 
fluid,5,A,9.0,1,A ,6.5,4,A 
forth,5,A,0,0, ,0,0, 
fur,3,A,10.0,1, B,6.375,16,A 
giant,5,A,6.0,1,A ,0,0, 
herring,7,A,13.0,1, B,8.5,6,A B
hurt,4,A,9.0,1, B,8.318181818181818,22,A B
instrument,10,A,6.0,1,A ,13.166666666666666,18,A B
introduce,9,A,6.0,1,A ,9.0,3,A 
january,7,A,22.0,1, B,0,0, 
keeping,7,A,10.0,1,A ,0,0, 
king's,6,A,0,0, ,0,0, 
landscape,9,A,7.0,1,A ,0,0, 
laws,4,A,0,0, ,0,0, 
leads,5,A,9.0,1,A ,0,0, 
leg,3,A,4.0,1,A ,7.75,4,A B
legend,6,A,5.0,1,A ,15.0,1, B
lesson,6,A,8.0,1,A ,11.6,5, B
maximum,7,A,15.5,2,A B,0,0, 
medieval,8,A,0,0, ,0,0, 
memories,8,A,14.0,1,A ,11.0,5,A B
mistake,7,A,17.0,1,A ,7.846153846153846,13,A 
accident,8,A,6.0,1,A ,8.4,5,A B
america,7,A,0,0, ,0,0, 
architecture,12,A,8.0,1,A ,0,0, 
arts,4,A,10.0,1,A ,10.45,20,A B
beard,5,A,10.0,1, B,7.428571428571429,7,A B
block,5,A,8.0,1,A ,6.117647058823529,17,A B
bother,6,A,12.0,1,A ,0,0, 
branches,8,A,8.0,1,A ,14.0,4, B
breton,6,A,9.0,1,A ,0,0, 
brings,6,A,9.0,1,A ,5.25,8,A 
brotherhood,11,A,7.0,1,A ,0,0, 
buried,6,A,4.0,1,A ,0,0, 
chang,5,A,0,0, ,0,0, 
collect,7,A,6.0,1,A ,0,0, 
continues,9,A,3.0,1,A ,4.333333333333333,3,A B
curiously,9,A,0,0, ,0,0, 
depends,7,A,2.0,1,A ,13.0,1, B
diesel,6,A,0,0, ,0,0, 
driver,6,A,8.0,1,A ,8.857142857142858,14,A B
etc,3,A,0,0, ,0,0, 
examples,8,A,11.0,1,A ,8.5,6,A 
flying,6,A,9.0,1, B,8.363636363636363,11,A B
forced,6,A,6.0,1,A ,9.375,8,A B
frightened,10,A,9.0,1,A ,6.714285714285714,7,A 
furniture,9,A,10.0,1,A ,8.666666666666666,24,A B
gate,4,A,14.0,1, B,8.090909090909092,11,A B
gradually,9,A,0,0, ,0,0, 
henry,5,A,14.0,1, B,0,0, 
hero,4,A,6.0,1,A ,0,0, 
host,4,A,5.0,1,A ,7.0,1,A 
ideas,5,A,7.0,1,A ,8.3,20,A 
imagined,8,A,17.0,1, B,7.625,8,A 
inspector,9,A,9.0,1,A ,0,0, 
interested,10,A,6.0,1,A ,7.5,2,A 
interests,9,A,9.0,1,A ,8.5,2,A 
joanna,6,A,0,0, ,0,0, 
lack,4,A,4.0,1,A ,9.333333333333334,6,A B
lev,3,A,21.0,1, B,0,0, 
lift,4,A,3.0,1,A ,0,0, 
location,8,A,6.0,1,A ,6.1923076923076925,26,A B
madam,5,A,5.0,1,A ,8.0,2,A B
metal,5,A,15.0,1, B,7.896103896103896,77,A B
millions,8,A,12.0,1, B,0,0, 
acres,5,A,12.0,1, B,7.928571428571429,14,A B
anxious,7,A,0,0, ,0,0, 
avenue,6,A,8.0,1,A ,0,0, 
bare,4,A,7.0,1,A ,0,0, 
beauty,6,A,10.0,1,A ,10.636363636363637,11,A B
belief,6,A,7.0,1,A ,10.064516129032258,31,A B
bridge,6,A,9.0,1,A ,11.666666666666666,15,A B
build,5,A,14.0,1, B,8.666666666666666,3,A B
cheek,5,A,7.0,1,A ,0,0, 
cite,4,A,4.0,1,A ,13.0,2,A B
climb,5,A,5.0,1,A ,6.0,1,A 
conjuring,9,A,5.0,1,A ,9.0,1,A 
continuous,10,A,0,0, ,0,0, 
contributed,11,A,6.0,1,A ,6.5,4,A B
controlled,10,A,0,0, ,7.777777777777778,18,A B
cool,4,A,8.0,1,A ,0,0, 
cup,3,A,8.5,2,A ,7.444444444444445,9,A B
curiosity,9,A,14.0,1, B,10.333333333333334,3,A B
curtain,7,A,7.5,2,A ,10.0,6,A B
decoration,10,A,8.0,1,A ,8.564102564102564,39,A B
definite,8,A,0,0, ,0,0, 
description,11,A,9.0,1,A ,12.666666666666666,3,A B
determine,9,A,0,0, ,7.555555555555555,9,A 
devil,5,A,0,0, ,0,0, 
drinks,6,A,7.0,1,A ,8.944444444444445,18,A B
duke,4,A,4.0,1,A ,0,0, 
dying,5,A,3.0,1,A ,5.0,1,A 
ended,5,A,0,0, ,6.785714285714286,14,A B
entered,7,A,0,0, ,7.076923076923077,13,A B
entirely,8,A,0,0, ,0,0, 
exchange,8,A,18.0,1, B,21.0,1, B
explained,9,A,6.0,1,A ,7.6,5,A B
explanation,11,A,9.0,1,A ,10.272727272727273,11,A 
fetch,5,A,6.0,1,A ,0,0, 
fields,6,A,0,0, ,0,0, 
flanders,8,A,0,0, ,0,0, 
francis,7,A,0,0, ,0,0, 
grave,5,A,5.0,1,A ,0,0, 
guilty,6,A,0,0, ,0,0, 
hence,5,A,0,0, ,0,0, 
includes,8,A,0,0, ,7.333333333333333,6,A B
kasimis,7,A,0,0, ,0,0, 
latin,5,A,6.0,1,A ,9.166666666666666,6,A B
legislative,11,A,0,0, ,0,0, 
magnificent,11,A,0,0, ,0,0, 
marble,6,A,4.0,1,A ,11.0,1, B
matters,7,A,7.0,1,A ,5.0,1,A 
active,6,A,13.0,1, B,0,0, 
altered,7,A,0,0, ,7.855361596009975,401,A B
apparent,8,A,0,0, ,0,0, 
architect,9,A,7.0,1,A ,11.0,2,A B
asia,4,A,0,0, ,0,0, 
author,6,A,12.0,1,A ,9.257142857142858,35,A B
balance,7,A,11.0,1,A ,13.333333333333334,3,A B
birthday,8,A,11.0,1,A ,0,0, 
blanche,7,A,0,0, ,0,0, 
bone,4,A,16.0,1, B,8.133333333333333,60,A B
bordeaux,8,A,0,0, ,0,0, 
brave,5,A,7.0,1,A ,0,0, 
capacity,8,A,10.0,1,A ,0,0, 
cargo,5,A,11.0,1,A ,0,0, 
changing,8,A,0,0, ,7.855361596009975,401,A B
clever,6,A,0,0, ,0,0, 
consciousness,13,A,14.0,1, B,10.2,5,A B
content,7,A,10.0,1,A ,0,0, 
cook,4,A,13.0,1, B,6.833333333333333,6,A B
delivery,8,A,14.0,1,A ,7.2,5,A 
design,6,A,20.0,1, B,8.0,1,A 
destroy,7,A,6.0,1,A ,8.071428571428571,14,A B
dockyard,8,A,10.0,1,A ,0,0, 
doublethink,11,A,9.0,1,A ,0,0, 
dragon,6,A,15.0,1, B,6.0,1,A 
duty,4,A,13.0,1, B,11.0,14,A B
element,7,A,4.0,1,A ,10.666666666666666,3,A B
eric,4,A,0,0, ,0,0, 
faced,5,A,8.0,1, B,9.0,1,A 
feels,5,A,9.0,1,A ,0,0, 
forehead,8,A,7.0,1,A ,0,0, 
forgot,6,A,0,0, ,7.5,2,A 
freeze,6,A,9.0,2,A B,9.0,2,A 
function,8,A,20.0,1, B,12.818181818181818,11,A B
hang,4,A,9.0,1,A ,0,0, 
intellectual,12,A,6.0,1,A ,8.181818181818182,22,A B
jacques,7,A,0,0, ,0,0, 
limited,7,A,15.0,1, B,0,0, 
mate,4,A,7.0,1,A ,0,0, 
mitsuhirato,11,A,0,0, ,0,0, 
ability,7,A,7.0,1,A ,11.76923076923077,13,A B
academy,7,A,15.0,1, B,0,0, 
accept,6,A,8.0,1,A ,8.11111111111111,9,A B
additional,10,A,0,0, ,0,0, 
altogether,10,A,9.0,1,A ,0,0, 
background,10,A,11.0,1,A ,0,0, 
beat,4,A,4.0,1,A ,0,0, 
beg,3,A,5.0,1,A ,8.0,3,A 
bet,3,A,6.0,1,A ,3.6666666666666665,3,A 
bike,4,A,12.0,1, B,8.5,2,A B
birds,5,A,10.0,1,A ,10.346153846153847,26,A B
bomb,4,A,11.5,2,A B,11.137931034482758,29,A B
bow,3,A,4.0,1,A ,0,0, 
cellar,6,A,5.0,1,A ,9.0,1,A 
charge,6,A,6.0,1,A ,13.0,1,A 
chin,4,A,7.0,1,A ,10.0,1, B
condition,9,A,5.0,1,A ,10.216216216216216,111,A B
contemporary,12,A,4.0,1,A ,0,0, 
degree,6,A,8.0,1,A ,8.461538461538462,13,A B
didier,6,A,0,0, ,0,0, 
division,8,A,8.0,1, B,13.0,1, B
eastern,7,A,0,0, ,0,0, 
elegant,7,A,0,0, ,0,0, 
em,2,A,8.0,1, B,0,0, 
ends,4,A,9.0,1,A ,6.642857142857143,14,A B
equipment,9,A,15.0,1,A ,13.217391304347826,23,A B
era,3,A,10.0,1, B,8.666666666666666,3,A B
error,5,A,17.0,1,A ,7.846153846153846,13,A 
experienced,11,A,7.0,1,A ,5.142857142857143,7,A 
extent,6,A,6.0,1,A ,0,0, 
factory,7,A,5.0,1,A ,10.363636363636363,11,A B
fang,4,A,5.0,1,A ,0,0, 
flow,4,A,16.0,1, B,6.466666666666667,15,A 
flowers,7,A,10.0,1,A ,10.260162601626016,123,A B
fourth,6,A,4.0,1,A ,0,0, 
fun,3,A,9.0,1,A ,0,0, 
galleys,7,A,6.0,1,A ,0,0, 
george,6,A,0,0, ,0,0, 
germanic,8,A,13.0,1,A ,11.0,5,A B
goodness,8,A,7.0,1,A ,7.714285714285714,7,A 
grandfather,11,A,11.0,1,A ,0,0, 
haddock,7,A,4.0,1,A ,12.0,1, B
heat,4,A,6.0,1,A ,14.166666666666666,6, B
heels,5,A,6.0,1,A ,10.166666666666666,6, B
heritage,8,A,8.0,1,A ,0,0, 
highly,6,A,0,0, ,0,0, 
inhabitants,11,A,6.0,1,A ,8.466666666666667,30,A B
inland,6,A,0,0, ,0,0, 
insert,6,A,7.0,1,A ,0,0, 
intended,8,A,0,0, ,4.333333333333333,3,A 
interval,8,A,7.0,1,A ,9.3,20,A B
invited,7,A,6.0,1,A ,0,0, 
jail,4,A,23.0,1, B,9.833333333333334,6,A B
july,4,A,22.0,1, B,0,0, 
laboratory,10,A,9.0,1,A ,12.25,4, B
laughter,8,A,9.0,1,A ,7.125,8,A 
leather,7,A,10.0,1, B,8.307692307692308,26,A B
lock,4,A,8.0,1,A ,9.714285714285714,7,A B
loose,5,A,0,0, ,5.666666666666667,6,A B
mid,3,A,0,0, ,0,0, 
address,7,A,4.0,1,A ,5.5,2,A 
adjust,6,A,6.0,1,A ,6.538461538461538,26,A 
antiquity,9,A,14.0,1, B,0,0, 
appropriate,11,A,6.0,1,A ,0,0, 
arc,3,A,20.0,1, B,12.666666666666666,3,A B
arch,4,A,5.0,1,A ,0,0, 
arsenal,7,A,8.0,1,A ,0,0, 
awake,5,A,11.0,1, B,0,0, 
beds,4,A,16.0,1, B,8.0,20,A B
beer,4,A,4.0,1,A ,5.25,4,A B
ben,3,A,8.0,1,A ,0,0, 
bound,5,A,4.0,1,A ,7.142857142857143,7,A B
breathing,9,A,13.0,1, B,10.384615384615385,13,A B
cartoon,7,A,3.0,1,A ,10.0,1, B
cast,4,A,9.0,1,A ,8.0,1,A 
centres,7,A,0,0, ,0,0, 
christian,9,A,15.0,1, B,8.444444444444445,18,A B
co,2,A,8.0,1,A ,0,0, 
colleagues,10,A,9.0,1,A ,0,0, 
conclusion,10,A,8.0,1,A ,16.0,1,A 
concrete,8,A,11.0,2,A B,12.0,2,A B
contain,7,A,7.0,1,A ,0,0, 
crab,4,A,17.0,1, B,10.454545454545455,11, B
cream,5,A,5.0,1,A ,0,0, 
details,7,A,11.0,1,A ,4.0,1,A 
dull,4,A,6.0,1,A ,0,0, 
enjoy,5,A,0,0, ,10.0,2,A B
equally,7,A,0,0, ,0,0, 
express,7,A,4.0,1,A ,11.0,1, B
extremely,9,A,0,0, ,0,0, 
factor,6,A,5.0,1,A ,12.166666666666666,6,A B
fantastic,9,A,0,0, ,0,0, 
flash,5,A,9.0,1,A ,7.166666666666667,6,A B
fleets,6,A,10.0,1,A ,0,0, 
galaxies,8,A,10.0,1,A ,0,0, 
gathered,8,A,0,0, ,5.2631578947368425,19,A B
hell,4,A,6.0,1,A ,0,0, 
iberian,7,A,5.0,1,A ,0,0, 
indicated,9,A,4.0,1,A ,4.0,2,A 
introduced,10,A,6.0,1,A ,9.0,3,A 
jules,5,A,0,0, ,0,0, 
lands,5,A,12.0,1, B,9.666666666666666,3,A B
languages,9,A,13.0,1,A ,11.9375,16,A B
lessons,7,A,8.0,1,A ,11.6,5, B
lunatic,7,A,10.0,1, B,8.0,4,A 
michael,7,A,9.0,1,A ,0,0, 
mondays,7,A,7.0,1,A ,10.0,1,A 
morris,6,A,0,0, ,0,0, 
acquisition,11,A,9.0,1,A ,10.083333333333334,12,A 
audience,8,A,9.0,1,A ,7.333333333333333,3,A 
belle,5,A,4.0,1,A ,0,0, 
bloody,6,A,5.0,1,A ,0,0, 
breaking,8,A,17.0,1, B,6.75,4,A 
bringing,8,A,14.0,1,A ,7.2,5,A 
britain,7,A,0,0, ,7.0,1,A 
brothers,8,A,11.0,1, B,11.333333333333334,3,A B
card,4,A,5.0,1,A ,10.5,4, B
career,6,A,10.0,1,A ,11.0,4,A B
celtic,6,A,13.0,1,A ,7.5,2,A 
cesium,6,A,15.0,1, B,9.0,1, B
chicken,7,A,7.0,1,A ,6.166666666666667,6,A 
closely,7,A,0,0, ,0,0, 
closer,6,A,6.0,1,A ,0,0, 
command,7,A,9.0,1, B,9.0,7,A B
consult,7,A,3.0,1,A ,0,0, 
coolant,7,A,5.0,2,A ,0,0, 
copy,4,A,13.0,1, B,0,0, 
council,7,A,18.0,1, B,13.666666666666666,12,A B
delicate,8,A,0,0, ,0,0, 
destroyed,9,A,6.0,1,A ,8.071428571428571,14,A B
discover,8,A,3.0,1,A ,6.2,5,A B
drinking,8,A,11.0,1,A ,7.5,2,A 
eleventh,8,A,4.0,1,A ,0,0, 
elsewhere,9,A,0,0, ,0,0, 
enthusiasm,10,A,7.0,1,A ,9.0,4,A 
exit,4,A,7.0,1,A ,7.0,1,A 
filthy,6,A,0,0, ,0,0, 
flower,6,A,10.0,1,A ,10.260162601626016,123,A B
founded,7,A,4.0,1,A ,0,0, 
fruit,5,A,21.0,1, B,7.862068965517241,29,A B
fundamental,11,A,6.0,1,A ,0,0, 
gasoline,8,A,7.5,2,A ,12.0,3,A B
gear,4,A,5.0,1,A ,9.333333333333334,9,A B
gift,4,A,11.0,1,A ,7.625,16,A B
gray,4,A,15.0,1, B,9.5,6,A B
handed,6,A,8.0,1,A ,5.857142857142857,7,A B
holiday,7,A,7.0,1,A ,8.2,5,A B
hundreds,8,A,12.0,1, B,0,0, 
hunting,7,A,11.0,2, B,8.714285714285714,7,A B
include,7,A,0,0, ,7.333333333333333,6,A B
industry,8,A,20.0,1, B,14.703703703703704,27,A B
ingsoc,6,A,0,0, ,0,0, 
innocent,8,A,6.0,1,A ,5.5,4,A B
instinct,8,A,8.0,1,A ,2.0,1,A 
invention,9,A,10.0,1,A ,10.5,2,A 
joke,4,A,3.0,1,A ,9.444444444444445,9,A B
kid,3,A,8.0,1,A ,7.294117647058823,17,A B
linked,6,A,5.0,1,A ,9.5,6,A B
lord,4,A,0,0, ,8.5,2,A 
lots,4,A,23.0,1, B,0,0, 
maintain,8,A,0,0, ,8.428571428571429,7,A B
maintenance,11,A,6.0,1,A ,11.333333333333334,6,A B
marked,6,A,6.0,1,A ,5.428571428571429,7,A 
maroon,6,A,11.0,1,A ,0,0, 
mental,6,A,0,0, ,0,0, 
moments,7,A,5.0,1,A ,10.714285714285714,7,A B
moral,5,A,7.0,1,A ,0,0, 
mostly,6,A,0,0, ,0,0, 
accepted,8,A,8.0,1,A ,8.11111111111111,9,A B
achieved,8,A,7.0,1,A ,6.25,8,A B
aid,3,A,8.0,1,A ,0,0, 
angrily,7,A,0,0, ,0,0, 
annual,6,A,5.0,1,A ,0,0, 
anxiously,9,A,0,0, ,0,0, 
appreciate,10,A,11.0,1,A ,0,0, 
attitude,8,A,9.0,1,A ,9.352941176470589,17,A B
belly,5,A,8.0,1, B,10.0,1,A 
boutique,8,A,4.0,1,A ,0,0, 
brandy,6,A,6.0,1,A ,7.111111111111111,9,A B
caesar,6,A,0,0, ,0,0, 
caution,7,A,13.0,1,A ,0,0, 
chap,4,A,4.0,1,A ,3.0,1,A 
checked,7,A,7.0,1,A ,5.0,1,A 
confusion,9,A,8.0,1,A ,9.8,5,A 
conquest,8,A,7.0,1,A ,0,0, 
constantly,10,A,0,0, ,0,0, 
consul,6,A,8.0,1,A ,0,0, 
corporation,11,A,4.0,1,A ,20.3,10,A B
costas,6,A,9.0,1,A ,0,0, 
cradle,6,A,7.0,1, B,0,0, 
crash,5,A,5.0,1,A ,0,0, 
crossing,8,A,6.0,1,A ,6.5,2,A 
crumbs,6,A,23.0,1, B,0,0, 
customs,7,A,4.0,1,A ,9.0,1, B
delight,7,A,8.0,1,A ,11.333333333333334,3,A 
denfert,7,A,0,0, ,0,0, 
device,6,A,15.0,1,A ,8.771653543307087,127,A B
directions,10,A,4.0,1,A ,10.666666666666666,6,A B
discoveries,11,A,3.0,1,A ,11.0,6,A 
edward,6,A,0,0, ,0,0, 
electronic,10,A,0,0, ,0,0, 
equal,5,A,6.0,1,A ,8.833333333333334,6,A 
estimate,8,A,11.0,1,A ,10.0,6,A B
farther,7,A,0,0, ,0,0, 
favoured,8,A,5.0,1,A ,0,0, 
floating,8,A,8.0,1,A ,15.0,1, B
framework,9,A,10.0,1,A ,12.142857142857142,7,A B
fright,6,A,7.0,1,A ,7.7272727272727275,11,A B
galileo,7,A,0,0, ,0,0, 
gang,4,A,11.0,1,A ,6.5,2,A B
gothic,6,A,12.0,1, B,0,0, 
guards,6,A,8.0,1,A ,8.6,5,A 
helped,6,A,7.0,1,A ,7.0,10,A B
highest,7,A,0,0, ,0,0, 
hubble's,8,A,0,0, ,0,0, 
ideal,5,A,4.0,1,A ,7.4,5,A B
insurance,9,A,8.0,1,A ,15.285714285714286,14,A B
interrupted,11,A,5.0,1,A ,6.166666666666667,12,A B
intervals,9,A,7.0,1,A ,9.3,20,A B
invented,8,A,17.0,1, B,0,0, 
james,5,A,0,0, ,0,0, 
jury,4,A,4.0,1,A ,9.25,4, B
karaboudjan,11,A,0,0, ,0,0, 
kings,5,A,9.0,1,A ,13.666666666666666,3, B
loaded,6,A,4.0,1,A ,5.8,5,A B
lombard's,9,A,0,0, ,0,0, 
luxury,6,A,10.0,1,A ,0,0, 
madame,6,A,4.0,1,A ,0,0, 
marks,5,A,0,0, ,0,0, 
mars,4,A,0,0, ,0,0, 
minds,5,A,9.0,1,A ,10.0,5,A B
minor,5,A,8.0,1,A ,7.294117647058823,17,A B
monument,8,A,9.0,1,A ,12.125,8,A B
accompanied,11,A,0,0, ,7.666666666666667,3,A B
activities,10,A,3.0,1,A ,8.171052631578947,76,A B
affect,6,A,7.0,1,A ,0,0, 
aloud,5,A,0,0, ,0,0, 
anglo,5,A,0,0, ,0,0, 
announced,9,A,6.0,1,A ,5.909090909090909,11,A B
apple,5,A,7.5,2,A B,10.666666666666666,3, B
armed,5,A,0,0, ,6.0,2,A 
ashamed,7,A,0,0, ,0,0, 
aspects,7,A,7.0,1,A ,5.666666666666667,3,A 
assistant,9,A,6.0,1,A ,9.518518518518519,27,A B
assume,6,A,6.0,1,A ,10.0,1,A 
au,2,A,10.0,1, B,9.75,4, B
belts,5,A,4.0,1,A ,7.8,5,A B
blown,5,A,6.0,1,A ,6.0,3,A 
bones,5,A,20.0,1, B,0,0, 
brick,5,A,11.5,2,A B,7.0,5,A B
cake,4,A,5.0,1,A ,6.0,1,A 
cars,4,A,12.0,1, B,7.967741935483871,31,A B
cheap,5,A,0,0, ,0,0, 
cheeks,6,A,7.0,1,A ,0,0, 
chestnut,8,A,4.0,1,A ,0,0, 
chose,5,A,6.0,1,A ,6.0,23,A B
chosen,6,A,7.0,1,A ,0,0, 
circumstances,13,A,9.0,1,A ,9.5,4,A B
claim,5,A,9.0,1,A ,9.0,3,A B
cleaning,8,A,11.0,1,A ,10.166666666666666,12,A B
cliff,5,A,19.0,1, B,6.5,2,A 
coffin,6,A,3.0,1,A ,7.5,2,A 
comfortable,11,A,0,0, ,0,0, 
comrades,8,A,6.0,1,A ,6.666666666666667,3,A 
concept,7,A,4.0,1,A ,7.533333333333333,15,A B
considerable,12,A,0,0, ,0,0, 
constructed,11,A,4.0,1,A ,6.833333333333333,12,A 
consumption,11,A,13.0,1, B,7.0,4,A 
crack,5,A,7.0,1,A ,5.666666666666667,9,A B
crowded,7,A,4.0,1,A ,9.0,1,A 
deeply,6,A,0,0, ,0,0, 
depth,5,A,6.0,1,A ,8.6,5,A 
discussion,10,A,13.0,1,A ,8.0,5,A 
divided,7,A,15.0,1, B,7.636363636363637,11,A 
doorway,7,A,8.0,1,A ,12.0,1, B
dozen,5,A,12.0,1, B,7.0,1,A 
drag,4,A,10.0,1,A ,9.5,2,A B
drawer,6,A,10.5,2,A B,0,0, 
dreadful,8,A,0,0, ,0,0, 
driven,6,A,7.0,1,A ,5.75,4,A B
drug,4,A,5.0,1,A ,10.90625,32,A B
eating,6,A,11.0,1,A ,8.0,15,A 
eggs,4,A,9.0,1,A ,0,0, 
eichty,6,A,0,0, ,0,0, 
eurasian,8,A,6.5,2,A ,0,0, 
evil,4,A,13.0,1,A ,10.75,4,A B
ex,2,A,3.0,1,A ,0,0, 
exhaust,7,A,4.0,2,A ,0,0, 
expecting,9,A,8.0,1,A ,6.75,4,A 
expressed,9,A,6.0,1,A ,5.615384615384615,13,A B
faded,5,A,6.0,1,A ,0,0, 
fate,4,A,9.0,1,A ,7.8,5,A 
favour,6,A,8.0,1,A ,0,0, 
follows,7,A,6.0,1,A ,5.5,4,A 
fro,3,A,0,0, ,0,0, 
galleries,9,A,8.0,1,A ,0,0, 
gently,6,A,0,0, ,0,0, 
geographical,12,A,0,0, ,0,0, 
goods,5,A,9.0,1,A ,10.0,1, B
gown,4,A,5.0,1,A ,8.4,5,A B
granted,7,A,4.0,1,A ,9.0,2,A 
grin,4,A,16.0,1, B,5.5,2,A 
guided,6,A,7.0,1,A ,6.076923076923077,13,A B
haired,6,A,0,0, ,0,0, 
happiness,9,A,14.0,1, B,9.5,2,A 
hung,4,A,0,0, ,7.0,2,A 
hurried,7,A,6.0,1,A ,3.6666666666666665,3,A 
iceland,7,A,0,0, ,0,0, 
initiative,10,A,5.0,1,A ,0,0, 
institute,9,A,11.0,1,A ,0,0, 
jazz,4,A,4.0,1,A ,0,0, 
jealous,7,A,0,0, ,0,0, 
knock,5,A,5.0,1,A ,0,0, 
literary,8,A,0,0, ,0,0, 
magazine,8,A,8.0,2,A ,9.833333333333334,6,A B
maintained,10,A,0,0, ,8.428571428571429,7,A B
martinsen,9,A,0,0, ,0,0, 
meal,4,A,9.0,1,A ,6.9375,16,A B
messages,8,A,13.0,1,A ,8.11111111111111,9,A B
models,6,A,10.0,1,A ,12.142857142857142,7,A B
mortensen,9,A,0,0, ,0,0, 
aboard,6,A,0,0, ,0,0, 
absence,7,A,4.0,1,A ,10.5,2,A 
acquired,8,A,0,0, ,5.794117647058823,34,A B
acts,4,A,0,0, ,0,0, 
agreement,9,A,9.0,1,A ,12.3125,16,A B
analogous,9,A,0,0, ,0,0, 
angle,5,A,5.0,1,A ,11.212121212121213,33,A B
anybody,7,A,0,0, ,0,0, 
arrange,7,A,3.0,1,A ,6.515151515151516,33,A B
attached,8,A,7.0,1,A ,5.068965517241379,29,A B
basin,5,A,6.0,1,A ,8.375,8,A B
bee,3,A,19.0,1, B,10.3,10,A B
bore,4,A,16.0,1, B,9.75,4,A B
canyon,6,A,6.0,1,A ,0,0, 
cigarettes,10,A,13.0,1, B,10.666666666666666,3,A B
cities,6,A,12.0,1,A ,14.666666666666666,3, B
comfort,7,A,9.0,1,A ,7.75,4,A 
commit,6,A,3.0,1,A ,6.0,2,A 
compared,8,A,7.0,1,A ,8.0,2,A 
connected,9,A,0,0, ,6.833333333333333,12,A B
crate,5,A,3.0,1,A ,8.5,2,A B
crystal,7,A,5.0,1,A ,6.0,5,A B
cyril,5,A,10.0,1,A ,0,0, 
defined,7,A,2.0,1,A ,8.5,2,A 
definitely,10,A,0,0, ,0,0, 
develop,7,A,6.0,1,A ,5.0,1,A 
dial,4,A,4.0,1,A ,0,0, 
display,7,A,13.0,1,A ,7.5,2,A B
divorce,7,A,10.0,1,A ,0,0, 
drugs,5,A,5.0,1,A ,10.90625,32,A B
economy,7,A,6.0,1,A ,14.0,6,A B
efficient,9,A,0,0, ,0,0, 
enabled,7,A,6.0,1,A ,5.0,2,A 
exact,5,A,5.0,1,A ,5.5,2,A 
exercise,8,A,6.0,1,A ,11.5625,16,A B
explains,8,A,6.0,1,A ,7.6,5,A B
families,8,A,4.0,1,A ,11.833333333333334,6, B
fan,3,A,6.0,1,A ,9.0,3,A B
fiction,7,A,19.0,1, B,6.2,5,A 
finding,7,A,9.0,1,A ,12.5,8,A 
finds,5,A,7.0,1,A ,0,0, 
foxy,4,A,0,0, ,0,0, 
genevieve,9,A,0,0, ,0,0, 
healthy,7,A,0,0, ,0,0, 
helicopter,10,A,21.0,1, B,15.25,4,A B
hill,4,A,16.0,1, B,5.25,4,A 
industrial,10,A,0,0, ,0,0, 
installed,9,A,3.0,1,A ,7.0,3,A 
ions,4,A,8.0,1,A ,5.5,2,A 
joy,3,A,7.0,1,A ,9.75,4,A 
knocked,7,A,6.0,1,A ,0,0, 
ladies,6,A,5.0,1,A ,5.0,1,A 
loss,4,A,19.0,1, B,9.0,4,A B
lovely,6,A,19.0,1, B,0,0, 
majesty,7,A,14.0,1,A ,0,0, 
maria,5,A,6.0,1,A ,0,0, 
match,5,A,7.0,1,A ,9.25,4,A B
maths,5,A,7.0,1,A ,16.5,2, B
matina,6,A,0,0, ,0,0, 
measured,8,A,6.0,1,A ,8.0,4,A 
measures,8,A,8.0,1,A ,12.666666666666666,3,A B
mercy,5,A,8.0,1,A ,8.25,4,A 
milk,4,A,10.0,2,A B,11.473684210526315,19,A B
mills,5,A,0,0, ,0,0, 
mirrors,7,A,9.0,1,A ,9.666666666666666,6,A B
monster,7,A,14.0,1, B,11.5,2,A B
admitted,8,A,7.0,1,A ,7.75,8,A B
affected,8,A,6.0,1,A ,7.357142857142857,14,A B
agent,5,A,11.0,1, B,9.38888888888889,18,A B
airbag,6,A,0,0, ,0,0, 
alice's,7,A,0,0, ,0,0, 
alongside,9,A,0,0, ,0,0, 
anger,5,A,7.0,1,A ,8.25,8,A B
apply,5,A,0,0, ,6.3478260869565215,23,A B
arthur,6,A,0,0, ,0,0, 
attracted,9,A,4.0,1,A ,4.75,4,A B
attractions,11,A,5.0,1,A ,10.8,5,A B
automatically,13,A,0,0, ,0,0, 
bars,4,A,18.0,1, B,18.0,1, B
beast,5,A,8.0,1,A ,7.680851063829787,47,A B
beaten,6,A,14.0,1, B,7.777777777777778,18,A B
becoming,8,A,11.0,1, B,5.75,8,A B
bird,4,A,10.0,1,A ,10.346153846153847,26,A B
brie,4,A,6.0,1,A ,0,0, 
bunk,4,A,6.0,1,A ,0,0, 
candle,6,A,4.0,1,A ,7.75,4,A B
cape,4,A,4.0,1,A ,4.0,1,A 
cardiac,7,A,0,0, ,0,0, 
center,6,A,4.0,1,A ,9.3,10,A B
chain,5,A,6.0,1,A ,8.0,2,A B
chimney,7,A,4.0,1,A ,9.5,2,A 
climbed,7,A,4.0,1,A ,6.4,5,A 
clothing,8,A,10.5,2,A B,8.787878787878787,33,A B
column,6,A,4.0,1,A ,0,0, 
companies,9,A,11.0,1,A ,12.722222222222221,36,A B
concorde,8,A,0,0, ,0,0, 
confess,7,A,5.0,1,A ,0,0, 
corresponded,12,A,5.0,1,A ,6.777777777777778,18,A 
cotton,6,A,10.0,1, B,16.666666666666668,3, B
couch,5,A,4.0,1,A ,6.833333333333333,6,A B
counter,7,A,5.0,1,A ,9.8,5,A B
countrymen,10,A,10.0,1,A ,0,0, 
crime,5,A,13.0,1,A ,9.052631578947368,19,A B
crimes,6,A,13.0,1,A ,9.052631578947368,19,A B
cups,4,A,8.5,2,A ,7.444444444444445,9,A B
cyanide,7,A,15.0,1, B,14.0,1,A 
dealing,7,A,9.0,1,A ,0,0, 
decide,6,A,0,0, ,5.666666666666667,9,A 
discuss,7,A,10.0,1, B,0,0, 
diversity,9,A,13.0,1,A ,12.0,1,A 
don,3,A,9.0,1,A ,0,0, 
drank,5,A,7.0,1,A ,5.444444444444445,9,A B
dressing,8,A,5.0,1,A ,15.25,12,A B
elbow,5,A,10.0,1, B,0,0, 
embrace,7,A,5.0,1,A ,4.5,2,A 
emotion,7,A,7.0,1,A ,8.11111111111111,9,A B
engaged,7,A,3.0,1,A ,6.333333333333333,3,A 
enter,5,A,0,0, ,7.076923076923077,13,A B
exterior,8,A,6.0,1,A ,8.0,1,A 
external,8,A,7.0,1,A ,0,0, 
fail,4,A,0,0, ,6.333333333333333,6,A B
fairly,6,A,0,0, ,0,0, 
fed,3,A,5.0,1,A ,0,0, 
fiscal,6,A,0,0, ,0,0, 
fog,3,A,7.0,1,A ,6.0,4,A B
fortress,8,A,18.0,1, B,8.5,4,A B
fountain,8,A,9.0,1,A ,16.0,1, B
furious,7,A,0,0, ,0,0, 
gaulle,6,A,0,0, ,0,0, 
grass,5,A,15.0,1, B,9.4,55,A B
guerrilla,9,A,7.0,1,A ,10.0,2,A B
hamilton,8,A,0,0, ,0,0, 
hearts,6,A,5.0,1,A ,0,0, 
hi,2,A,8.0,1,A ,0,0, 
hid,3,A,0,0, ,6.583333333333333,12,A B
holland,7,A,0,0, ,0,0, 
honour,6,A,8.0,1,A ,5.25,4,A 
hungry,6,A,0,0, ,0,0, 
illich,6,A,0,0, ,0,0, 
immediate,9,A,0,0, ,0,0, 
incredible,10,A,0,0, ,0,0, 
india,5,A,0,0, ,0,0, 
intent,6,A,4.0,1,A ,6.5,6,A B
japan,5,A,0,0, ,0,0, 
johnson,7,A,0,0, ,0,0, 
jupiter,7,A,0,0, ,0,0, 
lane,4,A,3.0,1,A ,0,0, 
lever,5,A,3.0,1,A ,7.866666666666666,15,A B
liberation,10,A,14.0,1,A ,9.555555555555555,9,A B
library,7,A,4.0,1,A ,0,0, 
limits,6,A,6.0,1,A ,8.8,5,A B
madeleine,9,A,0,0, ,0,0, 
magnetic,8,A,0,0, ,0,0, 
mainland,8,A,4.0,1,A ,0,0, 
mare,4,A,5.0,1,A ,9.0,1,A 
marriage,8,A,13.0,1, B,10.083333333333334,12,A B
meetings,8,A,9.0,1,A ,9.785714285714286,14,A B
michel,6,A,0,0, ,0,0, 
mount,5,A,5.0,1,A ,8.176470588235293,17,A B
moves,5,A,8.0,1,A ,8.0,2,A 
abruptly,8,A,0,0, ,0,0, 
admiral,7,A,11.0,1, B,0,0, 
adopted,7,A,6.0,1,A ,6.0,1,A 
advice,6,A,8.0,1,A ,11.333333333333334,3,A 
affair,6,A,7.0,1,A ,5.0,1,A 
agents,6,A,11.0,1, B,9.38888888888889,18,A B
apparently,10,A,0,0, ,0,0, 
armchair,8,A,5.0,1,A ,10.0,5,A B
artificial,10,A,0,0, ,0,0, 
atom,4,A,9.0,1,A ,9.0,5,A B
badly,5,A,0,0, ,0,0, 
bath,4,A,6.0,1,A ,0,0, 
bergen,6,A,0,0, ,0,0, 
blanket,7,A,10.0,1,A ,9.8,5,A B
breathe,7,A,0,0, ,6.3,10,A 
brest,5,A,0,0, ,0,0, 
brief,5,A,13.0,1, B,17.0,1, B
bronze,6,A,16.0,1, B,11.75,8,A B
bullet,6,A,10.0,1,A ,10.5,4,A B
buying,6,A,8.0,1,A ,11.666666666666666,3,A B
cage,4,A,9.0,1,A ,8.333333333333334,3,A B
calling,7,A,10.0,1,A ,11.0,4,A B
camera,6,A,21.0,1, B,14.0,9, B
carefree,8,A,0,0, ,0,0, 
causes,6,A,6.0,1,A ,8.6,5,A 
celebrate,9,A,0,0, ,8.333333333333334,3,A 
chairs,6,A,4.0,1,A ,11.333333333333334,15,A B
chamber,7,A,9.0,1,A ,10.294117647058824,17,A B
chancel,7,A,4.0,1,A ,0,0, 
civilization,12,A,7.0,1,A ,5.0,1,A 
classical,9,A,10.0,1, B,6.857142857142857,7,A B
clerk,5,A,8.0,1,A ,9.181818181818182,11,A B
confused,8,A,7.0,1,A ,0,0, 
conscience,10,A,13.0,1, B,11.0,3,A B
cruise,6,A,9.0,1, B,0,0, 
cultural,8,A,0,0, ,0,0, 
dairy,5,A,4.0,1,A ,0,0, 
damn,4,A,13.0,1,A ,0,0, 
damp,4,A,7.0,1,A ,7.5,2,A 
darling,7,A,5.0,1,A ,9.25,4,A B
dates,5,A,3.0,1,A ,8.0,2,A 
dawn,4,A,4.0,1,A ,0,0, 
dealt,5,A,6.0,1,A ,9.5,2,A 
dedicated,9,A,3.0,1,A ,6.0,3,A 
defeat,6,A,6.5,2,A ,7.714285714285714,7,A 
delay,5,A,5.0,1,A ,10.0,3,A 
demanded,8,A,7.0,1,A ,3.8,5,A 
demands,7,A,7.0,1,A ,8.25,8,A B
devoted,7,A,3.0,1,A ,6.0,3,A 
dialogue,8,A,4.0,1,A ,0,0, 
difficulties,12,A,6.0,1,A ,7.0,2,A B
dioxide,7,A,5.0,1,A ,14.0,4, B
dodo,4,A,7.0,1,A ,0,0, 
eaten,5,A,5.0,2,A ,6.235294117647059,17,A B
einstein,8,A,0,0, ,0,0, 
emission,8,A,6.0,1,A ,9.0,2,A 
emperor,7,A,9.0,1,A ,9.0,6,A B
equipped,8,A,6.0,1,A ,6.2,25,A B
execution,9,A,18.0,1, B,10.0,5,A 
failed,6,A,0,0, ,6.333333333333333,6,A B
father's,8,A,0,0, ,0,0, 
fireplace,9,A,6.0,1,A ,4.0,1,A 
firm,4,A,8.0,1,A ,10.428571428571429,7,A B
florence,8,A,0,0, ,0,0, 
fortunately,11,A,0,0, ,0,0, 
foundation,10,A,8.0,1,A ,8.5,2,A B
fuse,4,A,16.0,1, B,11.666666666666666,3, B
gases,5,A,13.0,1, B,0,0, 
glanced,7,A,4.0,1,A ,0,0, 
golf,4,A,11.0,1, B,11.166666666666666,6, B
hamburg,7,A,0,0, ,0,0, 
honey,5,A,10.0,1,A ,0,0, 
hood,4,A,8.0,1,A ,5.0,1,A 
hook,4,A,5.0,1,A ,0,0, 
horizon,7,A,4.0,1,A ,0,0, 
housing,7,A,9.0,1,A ,8.533333333333333,15,A B
hsi,3,A,0,0, ,0,0, 
immense,7,A,0,0, ,0,0, 
immune,6,A,6.0,1,A ,7.0,1,A 
impressive,10,A,0,0, ,0,0, 
inspiration,11,A,4.0,1,A ,6.666666666666667,3,A 
institution,11,A,12.0,1,A ,11.555555555555555,9,A B
intelligent,11,A,0,0, ,0,0, 
irritably,9,A,0,0, ,0,0, 
katharine,9,A,0,0, ,0,0, 
lamb,4,A,11.0,1, B,6.4,5,A B
landing,7,A,8.0,1,A ,0,0, 
laser,5,A,13.0,1, B,0,0, 
leslie,6,A,0,0, ,0,0, 
lid,3,A,14.0,1, B,0,0, 
lieutenant,10,A,27.0,1, B,14.666666666666666,3,A B
lump,4,A,13.0,1,A ,3.6666666666666665,3,A 
michelin,8,A,0,0, ,0,0, 
monopoly,8,A,6.0,1,A ,6.0,1,A 
admit,5,A,7.0,1,A ,7.75,8,A B
adriatic,8,A,0,0, ,0,0, 
afford,6,A,5.0,1,A ,0,0, 
appeal,6,A,7.0,1,A ,9.666666666666666,6,A 
arrival,7,A,14.0,1,A ,8.0,2,A 
ave,3,A,0,0, ,0,0, 
awful,5,A,0,0, ,0,0, 
bears,5,A,9.0,1,A ,10.0,7,A B
beating,7,A,5.0,1,A ,0,0, 
beings,6,A,5.0,1,A ,9.090909090909092,11,A 
benefit,7,A,7.0,1,A ,14.166666666666666,6, B
boar,4,A,5.0,1,A ,0,0, 
bois,4,A,0,0, ,0,0, 
bombs,5,A,11.5,2,A B,11.137931034482758,29,A B
broad,5,A,5.0,1,A ,0,0, 
buffalo,7,A,5.0,1,A ,0,0, 
burn,4,A,4.0,1,A ,0,0, 
calls,5,A,9.0,1,A ,10.25,8,A B
campaign,8,A,4.0,1,A ,14.0,2, B
caribbean,9,A,0,0, ,0,0, 
catalytic,9,A,0,0, ,0,0, 
catholic,8,A,9.0,1,A ,10.2,5,A B
ceremony,8,A,6.0,1,A ,9.357142857142858,14,A B
certainty,9,A,14.0,1, B,8.666666666666666,3,A 
charged,7,A,4.0,1,A ,0,0, 
cinema,6,A,6.0,1,A ,12.0,1, B
circular,8,A,2.0,1,A ,7.0,1,A 
clapper,7,A,8.0,1,A ,0,0, 
cloud,5,A,18.0,1, B,7.333333333333333,6,A B
collective,10,A,10.0,1,A ,14.0,1, B
comparison,10,A,11.0,1,A ,9.0,5,A 
composed,8,A,10.0,1,A ,0,0, 
cone,4,A,8.0,1,A ,0,0, 
constantinople,14,A,0,0, ,0,0, 
controls,8,A,5.0,1,A ,7.2,5,A B
crews,5,A,4.0,1,A ,10.5,2,A B
criminal,8,A,9.0,1,A ,8.037037037037036,27,A B
curly,5,A,0,0, ,0,0, 
cushion,7,A,6.0,1,A ,10.0,1, B
cycle,5,A,12.0,1, B,0,0, 
deaths,6,A,6.0,1,A ,9.2,5,A B
decisive,8,A,0,0, ,0,0, 
deliver,7,A,4.0,1,A ,9.0,1,A 
devon,5,A,0,0, ,0,0, 
dictatorship,12,A,9.0,1,A ,11.0,1, B
dieppe,6,A,0,0, ,0,0, 
disappear,9,A,0,0, ,5.4,10,A B
discipline,10,A,15.0,1, B,9.95,20,A B
disease,7,A,7.0,1,A ,13.307692307692308,39,A B
distinguish,11,A,8.0,1,A ,8.76923076923077,13,A 
dominate,8,A,0,0, ,9.333333333333334,3,A 
edition,7,A,10.0,1,A ,11.0,2,A B
engage,6,A,3.0,1,A ,6.333333333333333,3,A 
establishment,13,A,9.0,1,A ,12.6,5,A 
ether,5,A,7.0,1,A ,0,0, 
europe's,8,A,0,0, ,0,0, 
executive,9,A,13.0,1,A ,12.4,5,A B
expanding,9,A,4.0,1,A ,7.5,2,A B
facing,6,A,6.0,1,A ,0,0, 
faithful,8,A,9.0,1,A ,0,0, 
fashioned,9,A,4.0,1,A ,3.6666666666666665,3,A 
fig,3,A,12.0,1,A ,0,0, 
films,5,A,5.5,2,A ,10.0,18,A B
fired,5,A,5.0,1,A ,0,0, 
fitted,6,A,4.0,1,A ,0,0, 
flap,4,A,8.0,1,A ,6.777777777777778,9,A B
folded,6,A,13.0,1, B,6.111111111111111,9,A 
folly,5,A,5.0,1,A ,10.0,3,A 
footman,7,A,10.0,1,A ,0,0, 
forgive,7,A,7.0,1,A ,6.0,6,A 
fortune,7,A,10.0,1,A ,6.5,2,A B
fought,6,A,0,0, ,6.217391304347826,23,A B
fragment,8,A,4.0,1,A ,6.909090909090909,11,A B
fred,4,A,0,0, ,0,0, 
frequent,8,A,7.0,1,A ,0,0, 
frequently,10,A,0,0, ,0,0, 
gabriel,7,A,9.0,1,A ,0,0, 
goal,4,A,7.0,1,A ,7.0,7,A 
grounds,7,A,11.0,1,A ,6.833333333333333,6,A B
growth,6,A,14.0,1, B,11.735294117647058,34,A B
guest,5,A,7.0,1,A ,11.333333333333334,3, B
hearing,7,A,10.0,1,A ,15.0,4, B
heavens,7,A,7.0,1,A ,0,0, 
horn,4,A,10.0,1,A ,0,0, 
hunt,4,A,0,0, ,0,0, 
hydrogen,8,A,9.0,2,A B,7.0,1,A 
images,6,A,14.0,1,A ,12.8,5, B
imperial,8,A,5.0,1,A ,0,0, 
influenza,9,A,17.5,2, B,14.0,2, B
ink,3,A,6.0,1,A ,10.6,5, B
instructions,12,A,6.0,1,A ,0,0, 
italians,8,A,8.0,1,A ,7.333333333333333,15,A 
kilowatt,8,A,9.0,1, B,0,0, 
knee,4,A,10.0,1, B,0,0, 
knife,5,A,8.0,1, B,9.421052631578947,19,A B
labyrinth,9,A,6.0,1,A ,0,0, 
lap,3,A,5.0,1,A ,0,0, 
latest,6,A,4.0,1,A ,0,0, 
lean,4,A,8.0,1,A ,0,0, 
lenin,5,A,0,0, ,0,0, 
loudly,6,A,0,0, ,0,0, 
maps,4,A,14.0,1,A ,8.285714285714286,7,A B
mary,4,A,0,0, ,0,0, 
masses,6,A,5.0,1,A ,7.333333333333333,3,A 
meanwhile,9,A,12.0,1, B,11.0,1,A 
mediterraneans,14,A,0,0, ,11.0,1, B
mesa,4,A,9.0,1,A ,0,0, 
mood,4,A,7.0,1,A ,6.5,4,A B
motive,6,A,20.0,1, B,10.666666666666666,6,A B
abundant,8,A,0,0, ,0,0, 
admission,9,A,8.0,1,A ,12.0,2,A 
aegean,6,A,0,0, ,0,0, 
aha,3,A,0,0, ,0,0, 
alley,5,A,6.0,1,A ,0,0, 
alter,5,A,0,0, ,7.855361596009975,401,A B
alum,4,A,9.0,2,A B,0,0, 
analysis,8,A,13.0,1,A ,12.857142857142858,7,A B
ankle,5,A,12.0,1, B,0,0, 
apartments,10,A,7.0,1,A ,12.363636363636363,11,A B
arcade,6,A,10.0,1,A ,13.0,2, B
arguments,9,A,8.0,1,A ,7.777777777777778,9,A B
assembled,9,A,4.0,2,A ,7.5,6,A B
assets,6,A,10.0,1,A ,8.904761904761905,21,A B
attic,5,A,5.0,1,A ,7.5,2,A 
authorities,11,A,6.0,1,A ,12.4375,16,A B
balcony,7,A,9.0,1,A ,6.5,2,A 
balls,5,A,13.0,1, B,9.533333333333333,30,A B
bathroom,8,A,4.0,1,A ,0,0, 
belong,6,A,2.0,1,A ,0,0, 
belonged,8,A,2.0,1,A ,0,0, 
bend,4,A,5.0,1,A ,5.0,1,A 
blade,5,A,4.0,1,A ,0,0, 
bold,4,A,4.0,1,A ,0,0, 
brush,5,A,10.0,1,A ,7.75,4,A 
bunch,5,A,13.0,1,A ,4.0,3,A 
burned,6,A,7.0,1,A ,6.5,4,A 
cabinet,7,A,9.0,1,A ,10.666666666666666,3,A B
calais,6,A,0,0, ,0,0, 
canal,5,A,7.0,1,A ,0,0, 
cardinal,8,A,6.0,1,A ,4.0,1,A 
chateau,7,A,12.0,1, B,0,0, 
climate,7,A,22.0,1, B,0,0, 
code,4,A,20.0,1, B,9.25,8,A B
collected,9,A,5.0,1,A ,5.0,9,A B
concertina,10,A,10.0,1, B,0,0, 
concluded,9,A,5.0,1,A ,6.714285714285714,7,A 
containing,10,A,7.0,1,A ,0,0, 
contract,8,A,16.0,1, B,14.357142857142858,28,A B
county,6,A,6.0,1,A ,5.0,1,A 
covering,8,A,13.0,1, B,6.458333333333333,24,A B
dared,5,A,3.0,1,A ,0,0, 
david,5,A,0,0, ,0,0, 
deliberately,12,A,0,0, ,0,0, 
demand,6,A,7.0,1,A ,8.25,8,A B
denounce,8,A,5.0,1,A ,8.0,2,A 
dependent,9,A,9.0,1,A ,6.0,2,A 
depths,6,A,6.0,1,A ,8.6,5,A 
desert,6,A,5.0,2,A ,0,0, 
determined,10,A,0,0, ,7.555555555555555,9,A 
dictionary,10,A,8.0,1,A ,16.5,8,A B
din,3,A,5.0,1,A ,0,0, 
dome,4,A,12.0,1, B,0,0, 
donald,6,A,0,0, ,0,0, 
dragged,7,A,4.0,1,A ,5.0,2,A 
drops,5,A,6.0,1,A ,7.5,2,A 
ease,4,A,7.0,1,A ,14.0,1,A 
eiffel,6,A,0,0, ,0,0, 
enable,6,A,6.0,1,A ,5.0,2,A 
enemies,7,A,12.0,1, B,0,0, 
entertainment,13,A,9.0,1,A ,9.833333333333334,6,A 
establish,9,A,4.0,1,A ,0,0, 
everyday,8,A,0,0, ,0,0, 
evoke,5,A,4.0,1,A ,6.8,15,A B
exception,9,A,8.0,1,A ,0,0, 
exhibition,10,A,12.0,1,A ,7.5,2,A 
experiment,10,A,18.0,1, B,15.75,4,A B
fantasy,7,A,11.0,1,A ,10.666666666666666,3, B
feelings,8,A,11.0,1,A ,0,0, 
ferland,7,A,0,0, ,0,0, 
filter,6,A,6.0,1,A ,10.583333333333334,12,A B
finite,6,A,0,0, ,0,0, 
forbidden,9,A,7.0,1,A ,4.5,4,A 
fourteen,8,A,12.0,1, B,0,0, 
genius,6,A,12.0,1,A ,7.0,1,A 
genuine,7,A,0,0, ,0,0, 
glimpse,7,A,4.0,1,A ,11.0,2,A 
glorious,8,A,0,0, ,0,0, 
harsh,5,A,0,0, ,0,0, 
headquarters,12,A,6.0,1,A ,7.0,1,A 
helps,5,A,8.0,1,A ,7.333333333333333,12,A 
hers,4,A,0,0, ,0,0, 
holes,5,A,7.0,1,A ,8.0,9,A B
hoped,5,A,4.0,1,A ,0,0, 
impatiently,11,A,0,0, ,0,0, 
invitation,10,A,6.5,2,A ,6.5,2,A 
ireland,7,A,0,0, ,0,0, 
isle,4,A,0,0, ,0,0, 
jack,4,A,23.0,1, B,0,0, 
katinaki,8,A,0,0, ,0,0, 
keen,4,A,5.0,1,A ,0,0, 
kurvi,5,A,0,0, ,0,0, 
lace,4,A,4.0,1,A ,8.0,2,A 
limit,5,A,6.0,1,A ,8.8,5,A B
meantime,8,A,12.0,1, B,11.0,1,A 
meat,4,A,4.0,1,A ,6.545454545454546,22,A B
merry,5,A,0,0, ,0,0, 
method,6,A,8.0,1,A ,10.6,10,A B
modest,6,A,0,0, ,0,0, 
monday,6,A,7.0,1,A ,10.0,1,A 
absurd,6,A,9.0,1,A ,0,0, 
accord,6,A,7.0,1,A ,10.714285714285714,7,A B
accuracy,8,A,7.0,1,A ,8.5,2,A 
adapted,7,A,6.0,1,A ,8.25,12,A 
african,7,A,6.0,1,A ,7.923076923076923,52,A B
aged,4,A,8.0,1, B,0,0, 
alarm,5,A,4.0,1,A ,0,0, 
ambition,8,A,6.0,1,A ,11.0,3,A B
aristotle,9,A,0,0, ,0,0, 
armstrong's,11,A,0,0, ,0,0, 
article,7,A,7.5,2,A ,8.857142857142858,7,A B
aspect,6,A,7.0,1,A ,5.666666666666667,3,A 
associated,10,A,5.0,1,A ,9.5,6,A B
barrel,6,A,4.0,1,A ,0,0, 
beach,5,A,19.0,1, B,5.0,1,A 
blank,5,A,9.0,1,A ,0,0, 
blew,4,A,6.0,1,A ,6.0,3,A 
borne,5,A,4.0,1,A ,5.0,1,A 
bosporus,8,A,0,0, ,0,0, 
boulevard,9,A,6.0,1,A ,0,0, 
briefcase,9,A,4.0,1,A ,11.0,1, B
bristol,7,A,0,0, ,0,0, 
bucket,6,A,6.0,1,A ,9.333333333333334,6,A B
cable,5,A,8.0,1,A ,0,0, 
canadian,8,A,13.0,1, B,11.333333333333334,3,A B
cannon,6,A,9.0,1,A ,9.2,5,A B
cellars,7,A,5.0,1,A ,9.0,1,A 
champ,5,A,5.0,1,A ,14.0,1,A 
charm,5,A,14.0,1,A ,10.0,2,A B
cheerful,8,A,0,0, ,0,0, 
childish,8,A,0,0, ,0,0, 
clung,5,A,5.0,1,A ,9.0,3,A 
clutch,6,A,8.0,1,A ,9.666666666666666,3,A B
collar,6,A,4.0,1,A ,11.0,6,A B
columbus,8,A,0,0, ,0,0, 
comments,8,A,9.0,1,A ,8.333333333333334,12,A B
compass,7,A,22.0,1, B,13.0,2,A B
composition,11,A,9.0,1,A ,0,0, 
condemned,9,A,8.0,1,A ,0,0, 
confession,10,A,9.0,1,A ,15.0,1,A 
consulate,9,A,18.0,1, B,0,0, 
contribution,12,A,7.0,1,A ,3.0,1,A 
cooling,7,A,17.0,1, B,11.333333333333334,3,A B
coral,5,A,4.0,1,A ,0,0, 
credit,6,A,8.0,1,A ,7.0,3,A 
criminals,9,A,9.0,1,A ,8.037037037037036,27,A B
crushed,7,A,0,0, ,7.0,1,A 
curtains,8,A,7.5,2,A ,10.0,6,A B
cutting,7,A,17.0,1, B,0,0, 
da,2,A,10.0,1,A ,0,0, 
daylight,8,A,10.0,1, B,9.333333333333334,3,A 
defence,7,A,14.0,2,A B,11.833333333333334,12,A B
depot,5,A,7.0,1,A ,11.2,5,A B
despair,7,A,9.0,1,A ,0,0, 
destruction,11,A,11.0,1,A ,10.0,14,A B
dim,3,A,15.0,1, B,0,0, 
dimensional,11,A,0,0, ,0,0, 
distinction,11,A,14.0,1,A ,11.333333333333334,3,A 
doppler,7,A,0,0, ,0,0, 
drove,5,A,11.0,1, B,0,0, 
dunkirk,7,A,6.0,1,A ,0,0, 
egg,3,A,4.0,1,A ,5.2,5,A B
eighteen,8,A,12.0,1, B,0,0, 
elements,8,A,7.0,1,A ,0,0, 
episode,7,A,9.0,1,A ,5.666666666666667,3,A 
examination,11,A,13.0,1,A ,9.523809523809524,21,A B
examine,7,A,0,0, ,6.4,15,A 
examined,8,A,0,0, ,6.4,15,A 
extend,6,A,8.0,1,A ,9.25,4,A 
eyed,4,A,4.0,1,A ,0,0, 
failure,7,A,17.0,1,A ,7.0,8,A 
fifth,5,A,22.0,1, B,0,0, 
fisherman,9,A,13.0,1, B,6.5,2,A 
fix,3,A,10.0,1,A ,14.0,1, B
flags,5,A,6.0,1,A ,8.533333333333333,15,A B
flame,5,A,10.0,1,A ,6.0,3,A 
flew,4,A,6.0,1,A ,4.666666666666667,6,A B
fond,4,A,0,0, ,0,0, 
footsteps,9,A,5.0,1,A ,5.0,1,A 
foreigners,10,A,8.0,1,A ,5.6,5,A B
forgetting,10,A,0,0, ,7.5,2,A 
formation,9,A,11.0,1,A ,6.8,10,A B
fort,4,A,12.0,1, B,0,0, 
franklin,8,A,0,0, ,0,0, 
frightening,11,A,8.0,1,A ,0,0, 
gangster,8,A,8.0,1,A ,6.0,3,A 
gates,5,A,0,0, ,0,0, 
genre,5,A,4.0,1,A ,0,0, 
geography,9,A,12.0,1, B,14.666666666666666,3,A B
ghost,5,A,10.0,1,A ,0,0, 
grace,5,A,5.0,1,A ,0,0, 
grandmother,11,A,11.0,1,A ,3.0,1,A 
grasp,5,A,13.0,1,A ,5.0,1,A 
greatly,7,A,0,0, ,0,0, 
havre,5,A,0,0, ,0,0, 
heavily,7,A,0,0, ,0,0, 
hedge,5,A,5.0,1,A ,10.0,2,A B
hic,3,A,0,0, ,0,0, 
hiv,3,A,14.0,1, B,0,0, 
horizons,8,A,4.0,1,A ,0,0, 
imposed,7,A,6.0,1,A ,0,0, 
independent,11,A,13.0,1,A ,0,0, 
indispensable,13,A,0,0, ,0,0, 
inheritance,11,A,11.0,1,A ,0,0, 
initial,7,A,6.0,1,A ,0,0, 
invite,6,A,10.0,1,A ,0,0, 
isolated,8,A,12.0,1,A ,8.166666666666666,6,A 
jungle,6,A,8.0,1,A ,14.0,1, B
junior,6,A,7.0,1,A ,0,0, 
junta,5,A,6.0,1,A ,0,0, 
keeps,5,A,8.0,1,A ,10.0,4,A B
kick,4,A,4.0,1,A ,7.8,5,A B
lasted,6,A,7.0,1,A ,4.333333333333333,3,A B
legendary,9,A,0,0, ,0,0, 
likewise,8,A,0,0, ,0,0, 
lined,5,A,3.0,1,A ,3.0,1,A 
literally,9,A,0,0, ,0,0, 
lotus,5,A,9.0,1, B,0,0, 
loyalty,7,A,8.0,1,A ,11.0,4,A 
luckily,7,A,0,0, ,0,0, 
lyon,4,A,0,0, ,0,0, 
majority,8,A,6.0,1,A ,0,0, 
martin,6,A,0,0, ,0,0, 
maser,5,A,9.0,1,A ,8.0,1, B
mechanical,10,A,0,0, ,0,0, 
medical,7,A,11.0,1,A ,0,0, 
midnight,8,A,4.0,1,A ,0,0, 
mild,4,A,0,0, ,0,0, 
missed,6,A,0,0, ,8.0,1,A 
missing,7,A,0,0, ,8.0,1,A 
mixture,7,A,9.0,1,A ,9.625,16,A B
monstrous,9,A,0,0, ,0,0, 
mouthful,8,A,12.0,1,A ,0,0, 
abandon,7,A,11.0,1,A ,0,0, 
abandoned,9,A,7.0,1,A ,7.75,4,A B
achieve,7,A,7.0,1,A ,6.25,8,A B
adventureland,13,A,0,0, ,0,0, 
advisable,9,A,0,0, ,0,0, 
advise,6,A,7.0,1, B,7.5,8,A B
ambitions,9,A,6.0,1,A ,11.0,3,A B
anne,4,A,0,0, ,0,0, 
apparatus,9,A,9.0,1,A ,10.0,28,A B
approximately,13,A,0,0, ,0,0, 
archbishop,10,A,6.0,1,A ,12.0,1,A 
articles,8,A,7.5,2,A ,8.857142857142858,7,A B
ash,3,A,7.0,1,A ,6.5,2, B
assumed,7,A,6.0,1,A ,10.0,1,A 
astronomy,9,A,7.0,1,A ,12.714285714285714,7,A B
aunt,4,A,9.0,1,A ,10.0,2,A B
aurora,6,A,4.0,1,A ,0,0, 
babies,6,A,5.0,1,A ,8.11111111111111,9,A B
bigger,6,A,0,0, ,0,0, 
bishop,6,A,6.0,1,A ,8.11111111111111,9,A B
bite,4,A,5.0,1,A ,8.0,2,A B
blades,6,A,4.0,1,A ,0,0, 
blore's,7,A,0,0, ,0,0, 
blouse,6,A,3.0,1,A ,7.5,4,A 
bretons,7,A,9.0,1,A ,0,0, 
buckle,6,A,8.0,1,A ,10.0,1, B
businessmen,11,A,10.0,1,A ,0,0, 
butter,6,A,8.0,2,A B,10.8,5,A B
canteen,7,A,5.0,1,A ,0,0, 
cardboard,9,A,10.0,2,A B,10.333333333333334,6,A B
cart,4,A,5.0,1,A ,8.5,8,A B
cartographic,12,A,0,0, ,0,0, 
cave,4,A,19.0,1, B,5.333333333333333,3,A 
characteristics,15,A,8.0,1,A ,9.727272727272727,11,A B
cheese,6,A,8.0,2,A B,9.576923076923077,26,A B
cheshire,8,A,0,0, ,0,0, 
chorus,6,A,5.0,1,A ,0,0, 
christmas,9,A,6.0,1,A ,0,0, 
citizen,7,A,8.0,1,A ,8.857142857142858,7,A B
coarse,6,A,0,0, ,0,0, 
columns,7,A,4.0,1,A ,0,0, 
commonplace,11,A,6.0,2,A ,0,0, 
conceived,9,A,17.0,1, B,8.333333333333334,3,A 
concentration,13,A,8.0,1,A ,11.25,4,A B
conflict,8,A,11.0,1, B,7.666666666666667,9,A B
conflicts,9,A,11.0,1, B,7.666666666666667,9,A B
connect,7,A,0,0, ,6.833333333333333,12,A B
consensus,9,A,9.0,1,A ,0,0, 
construct,9,A,4.0,1,A ,7.533333333333333,15,A B
container,9,A,15.0,1,A ,7.098039215686274,51,A B
contains,8,A,7.0,1,A ,0,0, 
converter,9,A,6.0,1,A ,16.833333333333332,6, B
cooperation,11,A,11.0,1, B,11.5,10,A 
corresponding,13,A,5.0,1,A ,6.777777777777778,18,A 
corridors,9,A,10.0,1,A ,7.0,2,A 
creating,8,A,0,0, ,7.051724137931035,58,A B
creatures,9,A,8.0,1,A ,7.680851063829787,47,A B
croquet,7,A,11.0,1, B,0,0, 
crumpled,8,A,15.0,1, B,0,0, 
crying,6,A,13.0,1, B,5.333333333333333,3,A 
culture,7,A,7.0,1,A ,18.428571428571427,7, B
currents,8,A,20.0,1, B,11.0,2,A B
d'you,5,A,0,0, ,0,0, 
dancing,7,A,11.5,2,A B,8.894736842105264,19,A B
debate,6,A,10.0,1,A ,9.0,1,A 
definition,10,A,11.0,1,A ,18.428571428571427,7,A B
departure,9,A,3.0,1,A ,8.8,10,A B
desperate,9,A,11.0,1,A ,5.0,1,A 
destiny,7,A,9.0,1,A ,7.8,5,A 
dina,4,A,0,0, ,0,0, 
dinah,5,A,0,0, ,0,0, 
dirt,4,A,5.0,1,A ,7.451612903225806,31,A B
disposal,8,A,5.0,1,A ,0,0, 
dormant,7,A,0,0, ,0,0, 
dried,5,A,6.0,1,A ,7.909090909090909,11,A B
eagerly,7,A,0,0, ,0,0, 
edwin,5,A,0,0, ,0,0, 
egypt,5,A,0,0, ,0,0, 
elastic,7,A,8.5,2,A B,0,0, 
emerged,7,A,6.0,1,A ,5.0,2,A 
encouraged,10,A,7.0,1,A ,6.0,7,A B
ensemble,8,A,19.0,1, B,8.4,5,A B
ensure,6,A,0,0, ,4.0,2,A 
est,3,A,9.0,1, B,0,0, 
eternal,7,A,0,0, ,0,0, 
evident,7,A,0,0, ,0,0, 
existing,8,A,0,0, ,6.818181818181818,11,A B
expedition,10,A,8.0,1,A ,7.0,1,A 
exploitation,12,A,3.0,1,A ,14.857142857142858,7,A B
explosion,9,A,9.0,1,A ,8.285714285714286,7,A B
female,6,A,6.0,1,A ,5.75,4,A B
fierce,6,A,0,0, ,0,0, 
fitting,7,A,11.0,1,A ,11.25,4,A 
florida,7,A,0,0, ,0,0, 
fold,4,A,12.0,1, B,5.0,3,A 
fontainebleau,13,A,0,0, ,0,0, 
friendly,8,A,17.0,1, B,0,0, 
funeral,7,A,8.0,1,A ,7.5,2,A B
galaxy,6,A,10.0,1,A ,0,0, 
gazed,5,A,4.0,1,A ,8.5,2,A B
genetic,7,A,0,0, ,0,0, 
gloves,6,A,17.0,1, B,0,0, 
grain,5,A,4.0,1,A ,7.0,1,A 
guilt,5,A,9.0,1,A ,13.0,6,A B
gurbin,6,A,0,0, ,0,0, 
habits,6,A,6.0,1,A ,0,0, 
handkerchief,12,A,12.0,1, B,13.5,2,A 
hectares,8,A,8.0,1, B,0,0, 
holy,4,A,16.0,1, B,0,0, 
honest,6,A,0,0, ,0,0, 
hostile,7,A,17.0,1, B,0,0, 
hotels,6,A,8.0,1,A ,7.428571428571429,7,A B
idiot,5,A,9.0,1,A ,9.0,1,A 
illusion,8,A,10.0,1,A ,10.666666666666666,3,A B
improve,7,A,6.0,1,A ,6.64,25,A B
inch,4,A,10.0,1, B,0,0, 
independence,12,A,7.0,1,A ,8.75,4,A 
indicate,8,A,4.0,1,A ,4.0,2,A 
initiatives,11,A,5.0,1,A ,0,0, 
instantly,9,A,0,0, ,0,0, 
irish,5,A,6.0,1,A ,0,0, 
issues,6,A,7.0,1,A ,11.5,4,A B
jelly,5,A,6.0,1,A ,11.666666666666666,3,A B
joseph,6,A,0,0, ,0,0, 
keys,4,A,6.0,1,A ,8.666666666666666,3,A B
kidnapped,9,A,5.0,1,A ,8.0,1,A 
kinds,5,A,8.0,1,A ,5.8125,16,A B
label,5,A,11.0,1,A ,0,0, 
lavatory,8,A,4.0,1,A ,8.75,4,A B
layout,6,A,6.0,1,A ,0,0, 
lifted,6,A,4.0,1,A ,5.578947368421052,19,A B
lilac,5,A,5.0,1,A ,13.5,6, B
luke,4,A,0,0, ,0,0, 
manor,5,A,7.0,1,A ,0,0, 
masterpiece,11,A,4.0,1,A ,0,0, 
maze,4,A,6.0,1,A ,0,0, 
measurements,12,A,8.0,1,A ,11.135135135135135,37,A B
membrane,8,A,5.0,1,A ,7.5,2,A 
miracle,7,A,9.0,1,A ,0,0, 
mission,7,A,27.0,1, B,0,0, 
momentary,9,A,0,0, ,0,0, 
monuments,9,A,9.0,1,A ,12.125,8,A B
mud,3,A,4.0,1,A ,7.666666666666667,3,A B
abbey,5,A,6.0,1,A ,0,0, 
acquire,7,A,0,0, ,5.794117647058823,34,A B
acted,5,A,0,0, ,7.287671232876712,73,A B
actor,5,A,9.0,1,A ,8.31578947368421,19,A B
adam,4,A,0,0, ,0,0, 
airport,7,A,8.0,1,A ,8.0,1,A 
alliance,8,A,9.0,1,A ,0,0, 
ambulance,9,A,3.0,1,A ,10.0,1, B
amongst,7,A,0,0, ,0,0, 
amsterdam,9,A,0,0, ,0,0, 
ant,3,A,19.0,1, B,10.0,9, B
approx,6,A,0,0, ,0,0, 
arctic,6,A,0,0, ,0,0, 
artillery,9,A,8.0,1,A ,10.666666666666666,3,A B
assured,7,A,0,0, ,4.0,2,A 
ate,3,A,0,0, ,0,0, 
athenian,8,A,5.0,1,A ,0,0, 
attractive,10,A,0,0, ,0,0, 
authorize,9,A,6.0,1,A ,8.428571428571429,7,A 
award,5,A,5.0,1,A ,9.0,1,A 
awkward,7,A,0,0, ,0,0, 
axle,4,A,5.0,1,A ,7.666666666666667,3,A B
backwards,9,A,0,0, ,0,0, 
bald,4,A,4.0,1,A ,0,0, 
ballet,6,A,12.0,1, B,13.0,3, B
barely,6,A,0,0, ,0,0, 
bark,4,A,8.0,1,A ,8.6,15,A B
battles,7,A,14.0,1, B,9.166666666666666,6,A B
bedside,7,A,4.0,1,A ,0,0, 
belongs,7,A,2.0,1,A ,0,0, 
bernard,7,A,0,0, ,0,0, 
betray,6,A,6.0,1,A ,0,0, 
bible,5,A,10.0,1, B,11.0,1, B
blame,5,A,10.0,1,A ,18.0,1,A 
blowing,7,A,10.0,1,A ,12.0,1,A 
boot,4,A,8.0,1,A ,8.714285714285714,7,A B
border,6,A,8.0,1,A ,10.75,4,A B
bottles,7,A,6.0,1,A ,8.61111111111111,18,A B
bowed,5,A,11.0,1,A ,6.0,1,A 
braking,7,A,4.0,1,A ,0,0, 
brun,4,A,0,0, ,0,0, 
brute,5,A,8.0,1,A ,0,0, 
burden,6,A,7.0,1,A ,7.5,4,A B
burgundy,8,A,0,0, ,0,0, 
carpet,6,A,10.0,2,A B,8.928571428571429,14,A B
cement,6,A,8.0,1,A ,0,0, 
chambers,8,A,0,0, ,0,0, 
chart,5,A,19.0,1, B,8.88888888888889,9,A B
claimed,7,A,6.0,1,A ,6.833333333333333,6,A B
click,5,A,5.0,1,A ,0,0, 
colleague,9,A,9.0,1,A ,0,0, 
colorado,8,A,0,0, ,0,0, 
comb,4,A,6.0,1,A ,11.0,3,A B
comment,7,A,9.0,1,A ,8.333333333333334,12,A B
con,3,A,8.0,1,A ,0,0, 
conclude,8,A,5.0,1,A ,6.714285714285714,7,A 
confidence,10,A,9.0,1,A ,0,0, 
confrontation,13,A,9.0,1,A ,0,0, 
consecutive,11,A,0,0, ,0,0, 
consisted,9,A,5.0,1,A ,0,0, 
convey,6,A,6.0,1,A ,4.875,8,A 
coordinates,11,A,6.0,1,A ,17.0,2, B
cottage,7,A,5.0,1,A ,0,0, 
cousin,6,A,8.0,1,A ,0,0, 
cruel,5,A,0,0, ,0,0, 
davis,5,A,0,0, ,0,0, 
decisions,9,A,6.0,1,A ,8.0,5,A B
deliberate,10,A,7.0,1, B,7.4,5,A B
delighted,9,A,7.0,1,A ,6.5,2,A 
delightful,10,A,0,0, ,0,0, 
depended,8,A,2.0,1,A ,13.0,1, B
detector,8,A,6.0,1,A ,13.75,4, B
diseased,8,A,0,0, ,0,0, 
dishes,6,A,8.5,2,A ,8.6,10,A B
disturb,7,A,6.0,1,A ,6.5,4,A 
diverse,7,A,0,0, ,0,0, 
dose,4,A,8.0,1,A ,5.8,5,A B
doubtfully,10,A,0,0, ,0,0, 
downstream,10,A,0,0, ,0,0, 
einstein's,10,A,0,0, ,0,0, 
elderly,7,A,8.0,1, B,0,0, 
emitted,7,A,7.0,1,A ,6.2,5,A B
ending,6,A,8.0,1,A ,12.0,2,A B
engineer,8,A,6.0,1,A ,14.461538461538462,13,A B
enjoyed,7,A,0,0, ,10.0,2,A B
envelope,8,A,9.0,1,A ,14.0,1, B
environmental,13,A,0,0, ,0,0, 
evolutionary,12,A,0,0, ,0,0, 
exceptional,11,A,0,0, ,0,0, 
excited,7,A,6.0,1,A ,7.0,1,A 
expensive,9,A,0,0, ,0,0, 
exports,7,A,9.0,1,A ,0,0, 
faintly,7,A,0,0, ,0,0, 
fantasia,8,A,18.0,1, B,0,0, 
farewell,8,A,14.0,1,A ,9.4,5,A B
february,8,A,22.0,1, B,0,0, 
filler,6,A,15.0,1, B,6.0,4,A 
florentine,10,A,7.0,1,A ,0,0, 
forming,7,A,4.0,1,A ,8.2,5,A B
fraction,8,A,8.0,1,A ,0,0, 
frederick,9,A,0,0, ,0,0, 
frontier,8,A,10.0,1,A ,0,0, 
functions,9,A,20.0,1, B,12.818181818181818,11,A B
gangsters,9,A,8.0,1,A ,6.0,3,A 
gather,6,A,6.0,1,A ,0,0, 
generating,10,A,4.0,1,A ,6.5,4,A B
girl's,6,A,0,0, ,0,0, 
gorilla,7,A,8.0,1, B,16.75,4,A B
grab,4,A,16.0,1, B,0,0, 
gracious,8,A,0,0, ,0,0, 
gramophone,10,A,12.0,1, B,8.0,1,A 
grande,6,A,0,0, ,0,0, 
greeks,6,A,13.0,1,A ,10.0,5,A B
halted,6,A,4.0,1,A ,0,0, 
handsome,8,A,0,0, ,0,0, 
hangs,5,A,9.0,1,A ,0,0, 
hans,4,A,7.0,1,A ,0,0, 
hated,5,A,7.0,1,A ,6.0,2,A 
heaven,6,A,6.0,1,A ,0,0, 
heretic,7,A,7.0,1,A ,0,0, 
heroes,6,A,6.0,1,A ,0,0, 
hesitate,8,A,0,0, ,5.8,5,A B
highway,7,A,4.0,1,A ,10.166666666666666,6,A B
holder,6,A,13.0,1, B,8.2,5,A B
horseback,9,A,8.0,1, B,0,0, 
horses,6,A,6.0,1,A ,7.862068965517241,29,A B
humble,6,A,6.0,1,A ,6.0,1,A 
ignored,7,A,5.0,1,A ,0,0, 
ile,3,A,0,0, ,0,0, 
illegal,7,A,0,0, ,0,0, 
illustrate,10,A,9.0,1,A ,0,0, 
impatient,9,A,0,0, ,0,0, 
impose,6,A,6.0,1,A ,0,0, 
indicator,9,A,4.0,1,A ,12.333333333333334,6, B
injury,6,A,9.0,1, B,8.318181818181818,22,A B
intention,9,A,4.0,1,A ,6.5,6,A B
intimacy,8,A,12.0,1,A ,0,0, 
irregular,9,A,7.0,1,A ,10.0,2,A B
isaac,5,A,0,0, ,0,0, 
item,4,A,4.0,1,A ,9.0,6,A B
jam,3,A,8.0,1,A ,13.0,1, B
killing,7,A,8.0,1,A ,0,0, 
lad,3,A,4.0,1,A ,3.0,1,A 
lawyer,6,A,12.0,1,A ,11.272727272727273,11,A B
leaders,7,A,4.0,1,A ,7.5,2,A B
leaning,7,A,11.0,1,A ,0,0, 
legends,7,A,5.0,1,A ,15.0,1, B
lewis,5,A,0,0, ,0,0, 
lip,3,A,13.5,2,A B,7.5,2,A 
lively,6,A,0,0, ,0,0, 
loads,5,A,23.0,1, B,0,0, 
loop,4,A,8.0,1,A ,0,0, 
lucy,4,A,0,0, ,0,0, 
luminous,8,A,0,0, ,0,0, 
madman,6,A,10.0,1, B,8.0,4,A 
manual,6,A,8.0,1,A ,12.6,5,A B
mariner,7,A,6.0,1,A ,8.0,9,A B
massive,7,A,0,0, ,0,0, 
medici,6,A,5.0,1,A ,0,0, 
melancholy,10,A,7.0,1,A ,11.75,4,A 
mer,3,A,0,0, ,0,0, 
mess,4,A,14.0,1,A ,0,0, 
messenger,9,A,8.0,1,A ,9.285714285714286,7,A B
mice,4,A,6.0,1,A ,10.0,5, B
minimum,7,A,15.5,2,A B,8.0,1,A 
motives,7,A,20.0,1, B,10.666666666666666,6,A B
mouths,6,A,4.0,1,A ,4.0,1,A 
abroad,6,A,0,0, ,0,0, 
absent,6,A,9.0,1,A ,0,0, 
accounts,8,A,6.0,1,A ,10.571428571428571,7,A B
adjacent,8,A,0,0, ,0,0, 
agricultural,12,A,0,0, ,0,0, 
ain't,5,A,0,0, ,0,0, 
albert,6,A,0,0, ,0,0, 
ale,3,A,4.0,1,A ,6.5,6,A B
alfonso,7,A,0,0, ,0,0, 
amateur,7,A,6.0,1,A ,8.666666666666666,3,A B
amendment,9,A,10.0,1,A ,0,0, 
andre,5,A,0,0, ,0,0, 
antechamber,11,A,4.0,1,A ,7.0,1,A 
antoine,7,A,0,0, ,0,0, 
appointed,9,A,9.0,1,A ,5.0,2,A 
argued,6,A,7.0,1,A ,8.333333333333334,3,A 
arrangements,12,A,8.0,1,A ,11.5,2,A 
astonishing,11,A,8.0,1,A ,6.0,1,A 
authors,7,A,12.0,1,A ,9.257142857142858,35,A B
backbone,8,A,7.0,1,A ,0,0, 
backrest,8,A,7.0,1,A ,8.5,2,A 
beforehand,10,A,0,0, ,0,0, 
bits,4,A,23.0,1, B,0,0, 
blind,5,A,6.0,1,A ,0,0, 
bloom,5,A,14.0,1, B,0,0, 
bolt,4,A,9.0,1,A ,0,0, 
brass,5,A,16.0,1, B,10.0,10,A B
breasts,7,A,16.0,1, B,5.0,1,A 
brilliant,9,A,0,0, ,0,0, 
bundle,6,A,10.0,1,A ,4.0,1,A 
bursts,6,A,17.0,1, B,10.5,2,A 
bury,4,A,4.0,1,A ,0,0, 
bushes,6,A,10.0,1, B,10.085526315789474,304,A B
byzantium,9,A,0,0, ,0,0, 
calmly,6,A,0,0, ,0,0, 
camps,5,A,16.0,1, B,7.0,3,A B
capture,7,A,9.0,1,A ,10.25,4,A 
cards,5,A,4.0,1,A ,7.458333333333333,24,A B
carries,7,A,14.0,1,A ,9.2,5,A B
castile,7,A,0,0, ,0,0, 
catherine,9,A,0,0, ,0,0, 
cats,4,A,6.0,1,A ,9.0,2,A B
causing,7,A,3.0,1,A ,8.6,5,A 
chains,6,A,7.0,1,A ,0,0, 
charming,8,A,7.0,1,A ,4.0,2,A 
chess,5,A,5.0,1,A ,0,0, 
chicago,7,A,0,0, ,0,0, 
children's,10,A,0,0, ,0,0, 
chop,4,A,18.0,1, B,0,0, 
christ,6,A,0,0, ,0,0, 
christopher,11,A,0,0, ,0,0, 
closing,7,A,6.0,1,A ,0,0, 
clue,4,A,10.0,1,A ,0,0, 
cognac,6,A,6.0,1,A ,0,0, 
coins,5,A,7.0,1,A ,7.405405405405405,37,A B
combined,8,A,4.0,1,A ,0,0, 
communication,13,A,3.0,1,A ,9.733333333333333,15,A 
competitive,11,A,0,0, ,0,0, 
concerns,8,A,8.0,1,A ,10.4,5,A B
conduction,10,A,18.0,1, B,20.0,1, B
confessed,9,A,5.0,1,A ,0,0, 
consent,7,A,10.0,1,A ,15.0,1, B
conservation,12,A,11.0,1,A ,0,0, 
consideration,13,A,8.0,1,A ,12.0,3,A 
constance,9,A,0,0, ,0,0, 
context,7,A,9.0,1,A ,0,0, 
contradictory,13,A,15.0,1, B,0,0, 
contribute,10,A,6.0,1,A ,6.5,4,A B
convinced,9,A,8.0,1,A ,6.0,1,A 
copenhagen,10,A,0,0, ,0,0, 
cork,4,A,8.5,2,A B,0,0, 
correspond,10,A,5.0,1,A ,6.777777777777778,18,A 
cosmology,9,A,11.0,1,A ,0,0, 
costume,7,A,6.0,1,A ,10.0,1, B
counting,8,A,13.0,1,A ,7.714285714285714,7,A B
cricket,7,A,18.0,1, B,13.5,4, B
crimea,6,A,0,0, ,0,0, 
decades,7,A,10.0,1, B,6.217391304347826,23,A 
decent,6,A,0,0, ,0,0, 
defend,6,A,5.0,1,A ,7.333333333333333,3,A B
del,3,A,0,0, ,0,0, 
depress,7,A,10.0,1,A ,5.0,1,A 
deserted,8,A,5.0,1,A ,6.0,4,A B
detect,6,A,3.0,1,A ,6.2,5,A B
devices,7,A,11.0,1,A ,0,0, 
diagonal,8,A,12.0,1, B,0,0, 
diamond,7,A,5.0,1,A ,3.0,1,A 
differently,11,A,0,0, ,0,0, 
diffusion,9,A,14.0,1, B,8.666666666666666,3,A 
digging,7,A,17.0,1, B,0,0, 
dimension,9,A,9.0,1,A ,9.0,7,A B
dimensions,10,A,9.0,1,A ,9.0,7,A B
dispute,7,A,12.0,1,A ,7.5,4,A 
dizzy,5,A,6.0,1,A ,0,0, 
doctrine,8,A,6.0,1,A ,11.46774193548387,62,A B
domination,10,A,13.0,1, B,9.333333333333334,3,A 
earliest,8,A,0,0, ,0,0, 
education,9,A,8.0,1,A ,14.9,10,A B
efficiency,10,A,5.0,1,A ,13.0,1, B
emerge,6,A,6.0,1,A ,5.0,2,A 
encountered,11,A,0,0, ,9.0,1,A 
entitled,8,A,7.0,1,A ,0,0, 
equivalent,10,A,9.0,1,A ,10.5,2,A 
espionage,9,A,6.0,1,A ,0,0, 
estuary,7,A,11.0,1, B,5.0,1,A 
evenings,8,A,3.0,1,A ,10.0,1, B
evidently,9,A,0,0, ,0,0, 
evocation,9,A,11.0,1,A ,0,0, 
exotic,6,A,0,0, ,0,0, 
experiments,11,A,18.0,1, B,15.75,4,A B
exploration,11,A,10.0,1,A ,0,0, 
eyelids,7,A,14.0,1, B,0,0, 
faith,5,A,11.5,2,A B,9.26923076923077,26,A B
familial,8,A,0,0, ,0,0, 
fellows,7,A,4.0,1,A ,3.0,1,A 
fever,5,A,7.0,1,A ,12.0,1,A 
focus,5,A,13.0,1,A ,13.0,1,A 
fran,4,A,0,0, ,0,0, 
friendship,10,A,12.0,1,A ,11.0,3,A B
furness,7,A,0,0, ,0,0, 
fury,4,A,5.0,1,A ,6.5,2,A 
gass,4,A,13.0,1, B,0,0, 
gauls,5,A,9.0,1,A ,0,0, 
gigantic,8,A,0,0, ,0,0, 
golly,5,A,0,0, ,0,0, 
goofy,5,A,0,0, ,0,0, 
grinned,7,A,5.0,1,A ,0,0, 
grunted,7,A,5.0,1,A ,0,0, 
hammer,6,A,7.0,1,A ,0,0, 
hastily,7,A,0,0, ,0,0, 
hats,4,A,9.0,1,A ,8.227272727272727,22,A B
hedgehog,8,A,6.0,1,A ,17.0,2, B
helpless,8,A,0,0, ,0,0, 
hem,3,A,4.0,1,A ,0,0, 
hercules,8,A,0,0, ,0,0, 
hoping,6,A,4.0,1,A ,0,0, 
hukow,5,A,0,0, ,0,0, 
hunched,7,A,13.0,1, B,0,0, 
incapable,9,A,0,0, ,0,0, 
inclination,11,A,8.0,1,A ,9.125,16,A 
increases,9,A,18.0,1, B,9.0,1,A 
influential,11,A,0,0, ,0,0, 
innumerable,11,A,0,0, ,0,0, 
internal,8,A,0,0, ,0,0, 
intolerable,11,A,0,0, ,0,0, 
invalides,9,A,6.0,1,A ,0,0, 
judged,6,A,6.0,1,A ,7.0,1,A 
justify,7,A,7.0,1,A ,0,0, 
largely,7,A,0,0, ,0,0, 
largest,7,A,0,0, ,0,0, 
lawrence,8,A,0,0, ,0,0, 
leonardo,8,A,0,0, ,0,0, 
liberal,7,A,5.0,1,A ,10.4,5,A B
lighthouse,10,A,5.0,1,A ,0,0, 
lighthouses,11,A,5.0,1,A ,0,0, 
lightning,9,A,22.0,1, B,13.0,2,A B
losing,6,A,0,0, ,8.5,2,A B
luggage,7,A,4.0,1,A ,7.428571428571429,7,A B
machines,8,A,6.0,1,A ,9.333333333333334,42,A B
magnitude,9,A,8.0,1,A ,7.933333333333334,15,A B
marcello,8,A,0,0, ,0,0, 
markets,7,A,8.0,1,A ,10.625,8,A B
marsh,5,A,7.0,1,A ,9.0,1, B
marshes,7,A,7.0,1,A ,9.0,1, B
mask,4,A,8.0,2,A ,7.5,2,A B
masters,7,A,0,0, ,0,0, 
max,3,A,20.0,1, B,0,0, 
medicine,8,A,14.0,1, B,11.553191489361701,47,A B
merchandise,11,A,9.0,1,A ,8.0,15,A B
mexico,6,A,0,0, ,0,0, 
microwave,9,A,24.0,1, B,0,0, 
milky,5,A,0,0, ,0,0, 
mist,4,A,3.0,1,A ,0,0, 
monarchy,8,A,9.0,1,A ,11.333333333333334,3,A B
mother's,8,A,0,0, ,0,0, 
mug,3,A,12.0,1,A ,0,0, 
absorption,10,A,8.0,1,A ,10.0,1,A 
abundance,9,A,8.0,1,A ,8.833333333333334,6,A 
accidents,9,A,6.0,1,A ,8.4,5,A B
accompany,9,A,0,0, ,7.666666666666667,3,A B
accusations,11,A,6.0,1,A ,11.181818181818182,11,A B
accused,7,A,9.0,1,A ,0,0, 
actions,7,A,3.0,1,A ,9.212121212121213,33,A B
administration,14,A,10.0,1,A ,9.8,5,A B
adoption,8,A,8.0,1,A ,7.0,1,A 
aeroplane,9,A,21.0,1, B,9.933333333333334,15,A B
afar,4,A,0,0, ,0,0, 
affairs,7,A,7.0,1,A ,10.0,1, B
agency,6,A,18.0,1, B,26.890625,64,A B
alert,5,A,9.0,1,A ,8.666666666666666,3, B
alexander,9,A,4.0,1,A ,0,0, 
alike,5,A,0,0, ,0,0, 
amber,5,A,6.0,1,A ,0,0, 
ancestral,9,A,0,0, ,0,0, 
angel,5,A,14.0,1, B,10.0,5,A B
anonymous,9,A,0,0, ,0,0, 
antoinette,10,A,0,0, ,0,0, 
anxiety,7,A,18.0,1, B,11.25,4,A B
ape,3,A,7.0,1,A ,13.0,1, B
application,11,A,3.0,1,A ,12.0,2,A 
approached,10,A,4.0,1,A ,6.4,5,A B
archipelago,11,A,4.0,1,A ,0,0, 
architects,10,A,7.0,1,A ,11.0,2,A B
arena,5,A,11.0,1,A ,7.428571428571429,7,A B
arrives,7,A,0,0, ,5.4,10,A B
arrow,5,A,4.0,1,A ,0,0, 
attach,6,A,7.0,1,A ,5.068965517241379,29,A B
attacked,8,A,7.0,1,A ,6.642857142857143,14,A 
attempted,9,A,3.0,1,A ,7.0,8,A B
attract,7,A,4.0,1,A ,4.75,4,A B
attributed,10,A,8.0,1,A ,8.9,10,A 
audio,5,A,21.0,1, B,0,0, 
aunty,5,A,9.0,1,A ,10.0,2,A B
austria,7,A,0,0, ,0,0, 
authentic,9,A,0,0, ,0,0, 
aux,3,A,0,0, ,0,0, 
awareness,9,A,7.0,1,A ,7.666666666666667,3,A 
backward,8,A,0,0, ,0,0, 
ballerina,9,A,12.0,1, B,14.0,1, B
ballroom,8,A,4.0,1,A ,5.0,1,A 
barber,6,A,0,0, ,0,0, 
barefoot,8,A,0,0, ,0,0, 
barricade,9,A,7.0,1,A ,0,0, 
basins,6,A,6.0,1,A ,8.375,8,A B
bedspread,9,A,10.0,1,A ,12.0,2,A B
behalf,6,A,5.0,1,A ,0,0, 
belgium,7,A,0,0, ,0,0, 
berry,5,A,11.0,1, B,9.277777777777779,18,A 
betrayed,8,A,6.0,1,A ,0,0, 
billion,7,A,12.0,1, B,0,0, 
boil,4,A,23.0,1, B,7.0,1,A 
boiled,6,A,11.0,1, B,8.0,1, B
boom,4,A,5.0,1,A ,0,0, 
boyfriend,9,A,4.0,2,A ,0,0, 
butler,6,A,10.0,1,A ,0,0, 
buzzing,7,A,5.0,1,A ,0,0, 
cabbage,7,A,20.0,1, B,9.0,4,A B
cabin,5,A,11.0,1,A ,9.0,1,A 
calculate,9,A,6.0,1,A ,8.0,20,A 
caption,7,A,9.0,1,A ,0,0, 
caravan,7,A,10.0,1,A ,0,0, 
catalan,7,A,8.0,1,A ,0,0, 
cattle,6,A,6.0,1,A ,5.666666666666667,12,A B
chalk,5,A,7.0,1,A ,0,0, 
charlemagne,11,A,0,0, ,0,0, 
chat,4,A,12.0,1,A ,8.0,1,A 
chilly,6,A,9.0,1, B,7.5,2,A 
churches,8,A,8.0,1,A ,14.666666666666666,6, B
claude,6,A,0,0, ,0,0, 
clauses,7,A,12.0,1,A ,14.25,4, B
cling,5,A,11.0,1, B,0,0, 
cluster,7,A,13.0,1,A ,4.0,3,A 
coastline,9,A,7.0,1,A ,0,0, 
cod,3,A,4.0,1,A ,6.0,1, B
coin,4,A,7.0,1,A ,7.405405405405405,37,A B
colonial,8,A,8.0,1,A ,0,0, 
combat,6,A,6.0,1,A ,11.333333333333334,3,A B
combine,7,A,9.0,1,A ,0,0, 
combustion,10,A,9.0,1,A ,11.333333333333334,3,A B
comic,5,A,9.0,1,A ,7.0,5,A B
communicate,11,A,6.0,1,A ,7.4,10,A B
compare,7,A,8.0,1,A ,0,0, 
component,9,A,4.0,1,A ,10.666666666666666,3,A B
components,10,A,4.0,1,A ,10.666666666666666,3,A B
concealed,9,A,0,0, ,6.583333333333333,12,A B
concerning,10,A,0,0, ,6.75,4,A B
conference,10,A,7.0,1,A ,8.666666666666666,3,A 
confirmed,9,A,0,0, ,6.0,6,A 
congress,8,A,11.0,1,A ,0,0, 
conqueror,9,A,6.0,1,A ,10.0,1,A 
consequences,12,A,10.0,1,A ,10.25,24,A B
continuity,10,A,9.0,1,A ,0,0, 
continuously,12,A,0,0, ,0,0, 
copies,6,A,13.0,1, B,0,0, 
coronation,10,A,10.0,1,A ,0,0, 
correctly,9,A,0,0, ,0,0, 
countryside,11,A,7.0,1,A ,0,0, 
cowboy,6,A,9.0,1, B,7.6,5,A B
creek,5,A,6.0,1,A ,8.0,1,A 
crete,5,A,0,0, ,0,0, 
cries,5,A,9.0,1,A ,5.928571428571429,14,A B
crimson,7,A,3.0,1,A ,0,0, 
crocodile,9,A,18.0,1, B,16.0,3, B
crowned,7,A,6.0,1,A ,0,0, 
cunning,7,A,10.0,1,A ,0,0, 
cure,4,A,8.0,1,A ,8.2,10,A B
currently,9,A,0,0, ,0,0, 
davy,4,A,0,0, ,0,0, 
decor,5,A,10.0,1,A ,0,0, 
definitive,10,A,0,0, ,0,0, 
democracy,9,A,20.0,1, B,0,0, 
democratic,10,A,0,0, ,0,0, 
demonstrate,11,A,4.0,1,A ,9.0,1, B
den,3,A,10.0,1,A ,0,0, 
deposition,10,A,9.0,1,A ,13.5,4,A 
descent,7,A,16.0,1, B,5.833333333333333,6,A 
directed,8,A,5.0,1,A ,4.0,1,A 
discretion,10,A,7.0,1,A ,0,0, 
dish,4,A,8.5,2,A ,8.6,10,A B
distinct,8,A,0,0, ,0,0, 
dixieland,9,A,0,0, ,0,0, 
document,8,A,7.0,1,A ,8.95,20,A B
doubtful,8,A,0,0, ,0,0, 
dragging,8,A,4.0,1,A ,5.0,2,A 
drama,5,A,19.0,1, B,11.375,8,A B
drawings,8,A,7.0,1,A ,5.0,1,A 
dreamy,6,A,0,0, ,0,0, 
dumb,4,A,0,0, ,0,0, 
eager,5,A,9.0,1, B,0,0, 
earned,6,A,3.0,1,A ,6.142857142857143,7,A B
easter,6,A,12.0,1, B,5.0,1,A 
ecole,5,A,0,0, ,0,0, 
edifice,7,A,9.0,1,A ,9.346153846153847,52,A B
effective,9,A,0,0, ,0,0, 
eighth,6,A,4.0,1,A ,0,0, 
electrically,12,A,0,0, ,0,0, 
eliminate,9,A,7.0,1,A ,7.2,10,A B
emotional,9,A,0,0, ,0,0, 
enthusiastic,12,A,0,0, ,0,0, 
essence,7,A,7.0,1,A ,8.8,5,A B
essentially,11,A,0,0, ,0,0, 
estimated,9,A,9.0,1,A ,6.7,10,A 
eternity,8,A,4.0,1,A ,13.0,1, B
eugenia,7,A,10.0,1, B,0,0, 
evolved,7,A,17.0,1, B,0,0, 
exceed,6,A,0,0, ,8.0,1,A 
exchanges,9,A,18.0,1, B,21.0,1, B
exclaimed,9,A,7.0,1,A ,3.0,2,A 
exclamation,11,A,9.0,1,A ,9.666666666666666,3,A 
execute,7,A,5.0,2,A ,5.0,3,A 
expanse,7,A,5.0,1,A ,0,0, 
expelled,8,A,4.0,1,A ,7.0,7,A 
expressionless,14,A,0,0, ,0,0, 
fairs,5,A,4.0,1,A ,0,0, 
fame,4,A,5.0,1,A ,0,0, 
feeble,6,A,0,0, ,0,0, 
fewer,5,A,0,0, ,0,0, 
fills,5,A,6.0,1,A ,0,0, 
fist,4,A,4.0,1,A ,0,0, 
fled,4,A,4.0,1,A ,6.571428571428571,7,A 
flesh,5,A,12.0,1, B,0,0, 
float,5,A,12.0,1, B,0,0, 
floral,6,A,0,0, ,0,0, 
folk,4,A,6.0,1,A ,9.4,5,A B
football,8,A,10.5,2, B,11.75,4,A B
ford,4,A,0,0, ,0,0, 
fountains,9,A,9.0,1,A ,16.0,1, B
fox,3,A,6.0,1,A ,6.5,8,A B
frog,4,A,9.0,1,A ,13.210526315789474,19,A B
gain,4,A,18.0,1, B,9.0,1,A 
galactic,8,A,0,0, ,0,0, 
galerie,7,A,0,0, ,0,0, 
gazing,6,A,4.0,1,A ,8.5,2,A B
generations,11,A,6.0,1,A ,10.5,2, B
gentle,6,A,4.0,1,A ,0,0, 
gibbons,7,A,0,0, ,0,0, 
gordon,6,A,0,0, ,0,0, 
grandeur,8,A,8.0,1,A ,5.0,1,A 
grape,5,A,11.0,1, B,11.666666666666666,3,A B
gravely,7,A,0,0, ,0,0, 
gravitational,13,A,0,0, ,0,0, 
greet,5,A,7.0,1,A ,6.666666666666667,9,A B
grip,4,A,8.0,1,A ,9.666666666666666,3,A B
guardian,8,A,9.0,1,A ,8.428571428571429,14,A B
guinea,6,A,4.0,1,A ,0,0, 
gypsy,5,A,7.0,1,A ,6.5,2,A 
halles,6,A,0,0, ,0,0, 
hanged,6,A,0,0, ,7.0,2,A 
hanse,5,A,0,0, ,0,0, 
hawaiian,8,A,7.0,1,A ,0,0, 
headlamp,8,A,5.0,1,A ,7.0,1,A 
heir,4,A,9.0,1,A ,11.25,4,A B
heroic,6,A,8.0,1, B,0,0, 
hike,4,A,4.0,1,A ,6.0,1,A 
homework,8,A,16.0,1, B,0,0, 
hopeless,8,A,0,0, ,0,0, 
hull,4,A,4.0,1,A ,5.0,1,A 
hurriedly,9,A,0,0, ,0,0, 
hush,4,A,7.0,1,A ,0,0, 
hysteria,8,A,5.0,1,A ,11.5,2,A B
identify,8,A,9.0,1,A ,11.0,1,A 
ignorant,8,A,0,0, ,0,0, 
illustrated,11,A,9.0,1,A ,0,0, 
imaginary,9,A,6.0,1,A ,15.0,3, B
immortal,8,A,9.0,1,A ,0,0, 
improved,8,A,6.0,1,A ,6.64,25,A B
incident,8,A,9.0,1,A ,8.5,4,A B
inequality,10,A,10.0,1,A ,11.0,3,A 
inevitable,10,A,7.0,1,A ,0,0, 
influenced,10,A,6.0,1,A ,6.7272727272727275,11,A B
influences,10,A,5.0,1,A ,5.666666666666667,3,A B
inform,6,A,11.0,1,A ,7.057142857142857,35,A B
informed,8,A,11.0,1,A ,7.057142857142857,35,A B
insist,6,A,0,0, ,7.0,2,A B
institutions,12,A,12.0,1,A ,11.555555555555555,9,A B
integrity,9,A,5.0,1,A ,13.0,2,A 
intelligence,12,A,7.0,1,A ,10.538461538461538,13,A B
intense,7,A,0,0, ,0,0, 
interruption,12,A,5.0,1,A ,8.6,5,A B
invisible,9,A,0,0, ,0,0, 
jobs,4,A,8.0,1,A ,8.266666666666667,15,A 
jones,5,A,0,0, ,0,0, 
juan,4,A,0,0, ,0,0, 
judge's,7,A,0,0, ,0,0, 
junction,8,A,16.0,1, B,12.2,5,A B
kirkos,6,A,0,0, ,0,0, 
kissed,6,A,5.0,1,A ,5.0,1,A 
knight,6,A,14.0,1, B,14.5,6,A B
knitting,8,A,10.0,1,A ,0,0, 
kurt,4,A,0,0, ,0,0, 
kyriakos,8,A,0,0, ,0,0, 
latch,5,A,4.0,1,A ,0,0, 
latitude,8,A,15.0,1, B,0,0, 
lawn,4,A,5.0,1,A ,0,0, 
,0,A,0,0, ,0,0, 
