điện thoại cầm tay,18,B,16.0,1, B,0,0, 
phủ,17,B,14.0,1, B,22.296875,64,A B
phòng thử nghiệm,16,B,5.0,1,A ,0,0, 
người sử dụng,13,B,11.0,1, B,0,0, 
tổng giám đốc,13,B,10.0,1, B,0,0, 
nhà khoa học,12,B,4.0,1, B,13.6,20, B
công ty,12,B,6.0,1, B,11.2,10,A B
tổng thư ký,11,B,13.0,1, B,0,0, 
bán đấu giá,11,B,9.0,1, B,0,0, 
vi mạch,8,B,13.0,1, B,9.25,4, B
nghề,13,B,8.0,1, B,12.5,4, B
chuyển nhượng,13,B,9.0,1, B,0,0, 
chương trình,12,B,5.0,1, B,18.5,2, B
công ty,12,B,15.0,1, B,11.727272727272727,11,A B
truyền thống,12,B,7.0,1, B,0,0, 
thông thường,12,B,19.0,1, B,0,0, 
nghiêm trọng,12,B,5.0,1, B,0,0, 
khuyến khích,12,B,8.0,1, B,10.857142857142858,7, B
quảng bá,12,B,5.0,1, B,10.285714285714286,7,A B
trưởng ban,12,B,10.0,1, B,0,0, 
liên lạc,12,B,6.0,1, B,0,0, 
chuyên ngành,12,B,8.0,1, B,0,0, 
làm theo ý mình,11,B,7.0,1, B,0,0, 
lãnh vực,11,B,6.0,1, B,7.0,1, B
nguyên nhân,11,B,7.0,1, B,0,0, 
chiến thắng,11,B,8.0,2, B,14.818181818181818,11, B
công nghiệp,11,B,17.0,1, B,14.666666666666666,3,A B
kinh nghiệm,11,B,6.0,1, B,11.0,12,A B
phần thưởng,11,B,6.0,1, B,12.428571428571429,7,A B
quyền bính,11,B,9.0,1, B,14.0,2, B
bình thường,11,B,19.0,1, B,0,0, 
động cơ,11,B,5.0,1, B,0,0, 
truyền hình,11,B,7.0,1, B,24.6,5, B
nhanh chóng,11,B,4.0,1,A ,9.75,4, B
nông dân,11,B,7.0,1, B,0,0, 
khoảng thời gian,11,B,10.0,1, B,0,0, 
binh đao,11,B,9.0,1, B,13.222222222222221,9,A B
thương hiệu,11,B,3.0,1,A ,7.0,1, B
sinh trưởng,11,B,13.0,1, B,13.441176470588236,34,A B
trình duyệt,11,B,7.0,1, B,0,0, 
chấn thương,11,B,8.0,1, B,10.0,2, B
triệu chứng,11,B,10.0,1, B,11.333333333333334,3, B
vật cản ngựa đua,11,B,6.0,1, B,0,0, 
vật liệu,11,B,8.0,1, B,9.235294117647058,51,A B
tiểu thuyết,11,B,10.0,1, B,15.333333333333334,6, B
sự hô hào,11,B,10.0,1, B,11.0,1, B
truyện ngắn,11,B,6.0,1,A ,0,0, 
phương thức,11,B,12.0,1, B,0,0, 
thiên nhiên,11,B,5.0,1, B,0,0, 
ra mắt,11,B,6.0,1, B,12.0,4, B
địa điểm,11,B,10.0,1, B,0,0, 
đồng sự,11,B,12.0,1, B,0,0, 
ảo tưởng,11,B,11.0,1, B,8.333333333333334,3, B
di chuyển,11,B,7.0,1, B,7.166666666666667,6, B
cộng đồng,11,B,14.0,1, B,12.0,6, B
sinh trưởng,10,B,13.0,1, B,13.441176470588236,34,A B
nghiên cứu,10,B,7.0,1, B,0,0, 
kết cấu,10,B,14.0,1, B,8.484375,64,A B
quyết nghị,10,B,5.0,1, B,16.0,1,A 
thị trường,10,B,8.0,1,A ,17.0,5, B
cơ,10,B,5.0,1, B,11.0,1, B
chất,10,B,7.0,1, B,11.5,2, B
giá trị,10,B,11.0,1, B,0,0, 
kinh doanh,10,B,17.0,1, B,24.5,2, B
quản lý,10,B,6.0,1, B,19.0,1, B
thương mại,10,B,9.0,1, B,15.0,3, B
nước ngoài,10,B,7.0,1, B,0,0, 
tình trạng,10,B,10.0,1, B,0,0, 
thành công,10,B,6.0,1, B,11.25,4, B
ra mắt,10,B,6.0,1, B,12.0,4, B
sự giải quyết,10,B,6.0,1, B,12.8,5, B
tuổi thanh niên,10,B,12.0,1, B,0,0, 
cận địa,10,B,3.0,1,A ,8.8,5,A B
tiêu chuẩn,10,B,8.0,1, B,0,0, 
văn hóa,10,B,11.0,1, B,14.333333333333334,3, B
khẳng định,10,B,10.0,1, B,8.333333333333334,3,A B
bầu không khí,10,B,4.0,1,A ,10.0,4, B
giao thông ô tô,10,B,9.0,1, B,0,0, 
thành viên,10,B,4.0,1,A ,0,0, 
tổng thống mỹ,10,B,10.0,1, B,0,0, 
triển khai,10,B,9.0,1, B,12.0,1, B
điện thoại,10,B,18.0,1, B,14.428571428571429,7, B
chuyên gia,10,B,9.0,1, B,15.555555555555555,18, B
điều chỉnh,10,B,7.0,1, B,10.5,4, B
chính sách,10,B,7.0,1, B,16.75,8,A B
khỏe mạnh,10,B,10.0,1, B,10.0,1, B
khách hàng,10,B,15.0,1, B,0,0, 
hoàn thành,10,B,4.0,1,A ,17.0,3, B
gia cố,10,B,4.0,1,A ,5.0,1, B
thành phần,10,B,7.0,1, B,0,0, 
cạnh tranh,10,B,15.0,1, B,14.0,1, B
ảnh hưởng,10,B,9.0,1, B,10.875,24,A B
trung bình,10,B,9.0,1, B,0,0, 
sự kể lại,10,B,5.0,1, B,14.166666666666666,6, B
độ lớn,10,B,6.0,1, B,5.25,4,A B
hội đàm,10,B,7.0,1, B,14.933333333333334,15, B
phần giữa,10,B,8.0,1, B,0,0, 
hòa hợp,10,B,5.0,1, B,10.285714285714286,7, B
cuộc chiến,10,B,7.0,1, B,0,0, 
giải thích,10,B,14.0,1,A ,0,0, 
phương tiện vận tải,10,B,15.0,1,A ,13.857142857142858,14,A B
không gian,10,B,5.0,1, B,0,0, 
thành tích,10,B,7.0,1, B,0,0, 
khối lượng,10,B,4.0,1, B,0,0, 
tuyển mộ,10,B,9.0,1, B,0,0, 
thử,10,B,6.0,1, B,14.2,10,A B
ngành học,10,B,14.0,1, B,12.1,20, B
mẫu xét nghiệm,10,B,13.0,1, B,13.6,5, B
mở rộng,10,B,4.0,1,A ,8.166666666666666,6, B
thuận tiện,10,B,8.0,1, B,0,0, 
mặt trận,10,B,12.0,1, B,16.916666666666668,12, B
tiền thanh toán,10,B,6.0,1, B,11.142857142857142,28,A B
giải phóng,10,B,4.0,1, B,0,0, 
năng lượng,10,B,10.0,1, B,7.0,2,A B
phẫu thuật,10,B,8.0,1, B,0,0, 
bộ luật,10,B,5.0,1, B,0,0, 
chiến lược,10,B,13.0,1, B,0,0, 
cha chả,10,B,6.0,1, B,6.0,1, B
kiến tạo,10,B,7.0,1, B,7.6,5,A B
chiến dịch quân sự,10,B,12.0,1, B,13.0,1, B
chuyển đổi,10,B,10.0,1, B,12.0,3,A B
rèn luyện,10,B,11.0,1, B,0,0, 
đường dây đất,10,B,13.0,1, B,0,0, 
bồi bút,10,B,6.0,1, B,0,0, 
ủng hộ tích cực,10,B,7.0,1, B,9.333333333333334,3,A B
trong suốt,10,B,8.0,1, B,0,0, 
chứng minh,10,B,7.0,1, B,12.0,1, B
thời trang,10,B,11.0,1, B,5.333333333333333,3,A B
nghị quyết,10,B,7.0,1, B,14.0,1, B
đi tàu bay,10,B,8.0,1, B,7.0,1, B
chứng minh,10,B,7.0,1, B,12.0,1, B
văn phong,10,B,11.0,1, B,12.03448275862069,29, B
bội tinh,10,B,10.0,1, B,17.866666666666667,15, B
đường kính,10,B,10.0,1, B,0,0, 
xét nghiệm,10,B,3.0,1,A ,26.0,4, B
hoàn thiện,10,B,7.0,1, B,0,0, 
sự tham nhũng,10,B,14.0,1, B,13.333333333333334,3,A B
bồi thường,10,B,8.0,1, B,0,0, 
cơ,10,B,16.0,1, B,9.0,2,A B
công chúng,10,B,4.0,1,A ,14.0,3, B
pháp quyền,10,B,7.0,1, B,0,0, 
biểu diễn,10,B,9.0,1, B,12.583333333333334,12,A B
căng thẳng,10,B,6.0,1, B,0,0, 
trường học cũ,10,B,6.0,1,A ,0,0, 
hành khách,10,B,7.0,1, B,19.6,5, B
kích thích,10,B,14.0,1, B,21.5,2, B
người bệnh,10,B,11.0,1, B,15.36,25, B
sự trầy da,10,B,3.0,1,A ,11.0,3, B
thứ trưởng,10,B,8.0,1, B,0,0, 
hành trình,10,B,8.0,1, B,0,0, 
y phục,10,B,9.0,1, B,10.75,4, B
sự mất khả năng,10,B,12.0,1, B,11.4,15,A B
chứng,10,B,8.0,1, B,17.0,1, B
nhà trường,10,B,11.0,1, B,0,0, 
hạnh phúc,10,B,4.0,1,A ,0,0, 
định hướng,10,B,8.0,1, B,14.0,1, B
cướp bóc,10,B,5.0,1, B,0,0, 
tán gẫu,10,B,6.0,1, B,18.0,1, B
người thân,10,B,4.0,1, B,0,0, 
liên doanh,10,B,11.0,1, B,22.0,1, B
tranh cãi,10,B,9.0,1, B,13.8,5, B
chân tâm,10,B,12.0,1, B,0,0, 
trái phiếu,10,B,9.5,2, B,16.875,16, B
cứ liệu,9,B,5.0,1, B,10.0,3, B
thời gian,9,B,14.0,1, B,0,0, 
hoàn thành,9,B,3.0,1,A ,0,0, 
hoạt động,9,B,7.0,1, B,0,0, 
hướng dẫn,9,B,6.0,1, B,0,0, 
trung tâm,9,B,3.0,1,A ,16.0,1, B
quảng cáo,9,B,8.0,1, B,11.0,1,A 
thành phố,9,B,15.0,1, B,0,0, 
tiến trình,9,B,9.0,1, B,0,0, 
lúc,9,B,8.0,1, B,13.666666666666666,3, B
quá trình,9,B,8.0,1, B,20.0,2, B
tìm ra,9,B,8.0,1, B,0,0, 
phách,9,B,4.0,1,A ,0,0, 
chính thể,9,B,8.0,1, B,12.625,16,A B
ngành kỹ thuật,9,B,8.0,1, B,15.466666666666667,15, B
quan hệ,9,B,5.0,1, B,8.333333333333334,9,A B
công việc,9,B,16.0,1, B,0,0, 
triệu chứng,9,B,10.0,1, B,11.333333333333334,3, B
cuối cùng,9,B,8.0,1, B,7.9,10,A B
nảy lên,9,B,4.0,1,A ,4.5,2,A B
sinh viên,9,B,12.0,1, B,14.35,20, B
kiến tạo,9,B,6.0,1, B,13.4,5, B
sự hoàn toàn,9,B,9.0,1, B,0,0, 
tụ tập,9,B,4.0,1,A ,8.0,1, B
phương sách,9,B,13.0,1, B,12.9,10, B
người đời,9,B,5.0,1, B,0,0, 
xuất khẩu,9,B,9.0,1, B,0,0, 
con bệnh,9,B,9.0,2, B,17.2,10,A B
đời sống,9,B,14.0,1, B,0,0, 
bệnh viện,9,B,5.0,1, B,0,0, 
nhà băng,9,B,14.0,1, B,15.454545454545455,11, B
thủ tướng,9,B,10.0,1, B,0,0, 
chủ thể,9,B,4.0,1, B,0,0, 
chức năng,9,B,12.0,1, B,0,0, 
công nhân viên chức,9,B,5.0,1, B,0,0, 
một chặp,9,B,8.0,1, B,12.428571428571429,7,A B
tính không đồng dạng,9,B,8.0,1, B,11.5,4, B
lực lượng,9,B,2.0,1,A ,0,0, 
ban bố,9,B,7.0,1, B,0,0, 
thời đại,9,B,9.0,1, B,0,0, 
diện tích,9,B,15.0,1, B,0,0, 
chấp nhận,9,B,4.0,1,A ,8.142857142857142,7, B
tính,9,B,13.0,1, B,8.0,6,A B
tài nguyên tiền,9,B,6.0,1, B,10.25,8, B
người dàn cảnh,9,B,12.0,1, B,0,0, 
phóng sự,9,B,8.0,1, B,12.25,8, B
tình thế,9,B,4.0,1,A ,0,0, 
quang vinh,9,B,11.0,1, B,0,0, 
không khí,9,B,11.0,1, B,18.5,2, B
cần,9,B,3.0,1,A ,9.333333333333334,3, B
khai thác,9,B,4.0,1,A ,13.285714285714286,7, B
hình thức,9,B,8.0,1, B,6.0,1, B
ngoại trưởng,9,B,8.0,1, B,0,0, 
phép giải,9,B,9.0,1, B,7.0,1, B
chắc chắn,9,B,9.0,1, B,0,0, 
nhập khẩu,9,B,9.0,1, B,7.0,1, B
phân tách,9,B,7.0,1, B,0,0, 
biểu diễn,9,B,9.0,1, B,12.583333333333334,12,A B
sản lượng,9,B,18.0,1, B,13.0,1, B
chính xác,9,B,8.0,1, B,0,0, 
pháp luật học,9,B,5.0,1, B,11.571428571428571,14, B
nguy hiểm,9,B,8.0,1, B,17.0,1, B
kiểm tra,9,B,5.0,1, B,0,0, 
hành vi,9,B,8.0,1, B,0,0, 
giáo viên,9,B,9.0,1, B,12.761904761904763,21,A B
phúc thẩm,9,B,7.0,1, B,2.0,1,A 
danh sách,9,B,9.0,1, B,17.333333333333332,6, B
trăm,9,B,11.0,1, B,0,0, 
phó,9,B,5.0,1, B,11.208333333333334,24,A B
phát hành,9,B,2.0,1,A ,0,0, 
bình định,9,B,9.0,1, B,0,0, 
quan hệ chính trị,9,B,11.0,1, B,0,0, 
khách sạn,9,B,3.0,1,A ,15.142857142857142,7,A B
nội các,9,B,8.0,1, B,10.666666666666666,3, B
sự đầy hứa hẹn,9,B,9.0,1, B,0,0, 
phúc lành,9,B,8.0,1, B,5.0,1, B
quan viên,9,B,17.0,1, B,13.395833333333334,48,A B
không khí,9,B,3.0,1,A ,8.333333333333334,3, B
ngân sách,9,B,12.0,1, B,21.5,2, B
sự nghiệp,9,B,9.0,1, B,7.0,1, B
nhiệm vụ,9,B,8.0,1, B,9.818181818181818,11, B
tiêu dùng,9,B,6.0,1, B,17.0,1, B
quân khố,9,B,6.0,1, B,12.0,2, B
nhận định,9,B,7.0,1, B,0,0, 
học vấn,9,B,9.0,1, B,0,0, 
sự lệ thuộc,9,B,8.0,1, B,0,0, 
kênh,9,B,8.0,1, B,15.0,4, B
trình bày,9,B,8.0,1, B,8.4,5, B
tải trọng,9,B,4.0,1, B,20.333333333333332,3, B
tương lai,9,B,4.0,1,A ,0,0, 
sự phát biểu,9,B,10.0,1, B,8.0,2, B
công nhận,9,B,8.0,1, B,0,0, 
giao dịch,9,B,11.0,1, B,0,0, 
hành động,9,B,9.0,1, B,8.375,8, B
quản lý,9,B,6.0,1, B,19.0,1, B
liên lạc,9,B,6.0,1, B,0,0, 
giải trừ,9,B,9.0,1, B,0,0, 
sự đảo chính,9,B,12.0,1, B,16.0,1, B
thích hợp,9,B,9.0,1, B,0,0, 
cộng đồng,9,B,9.0,1, B,0,0, 
chuyển biến xấu,9,B,7.0,1, B,6.0,3, B
kiến trúc,9,B,7.0,1, B,0,0, 
gương mặt,9,B,4.0,1, B,0,0, 
sự kế tiếp,9,B,11.0,1, B,10.0,2, B
tính dễ bị,9,B,12.0,1, B,9.0,2,A B
điện động,9,B,13.0,1, B,0,0, 
thần rừng,9,B,7.0,1, B,0,0, 
mặt,9,B,8.0,1, B,0,0, 
ngược lại,9,B,6.0,1, B,7.5,2, B
chiều dài,9,B,10.0,1, B,0,0, 
cải tiến,9,B,10.0,1, B,9.4,5, B
tràng,9,B,3.0,1,A ,0,0, 
tương ứng,9,B,10.0,1, B,6.0,1, B
ngăn chặn,9,B,6.0,1, B,0,0, 
giải,9,B,3.0,1,A ,10.222222222222221,9,A B
sự biến động,9,B,10.0,1, B,8.0,2, B
khiếu nại,9,B,5.0,1, B,8.0,3, B
công nhận,9,B,8.0,1, B,0,0, 
an tịnh,9,B,6.0,1, B,10.0,5, B
thể hiện,9,B,11.0,1, B,10.714285714285714,7, B
nguyên lý,9,B,7.0,1, B,0,0, 
chân dung,9,B,13.0,1, B,0,0, 
muốn,9,B,6.0,1, B,0,0, 
thợ,9,B,3.0,1,A ,10.833333333333334,6, B
thời điểm bắt đầu,9,B,8.0,1, B,8.75,4,A B
ý chí,9,B,7.0,1, B,12.0,1, B
người lớn,9,B,7.5,2,A B,10.137254901960784,51,A B
chiều cao,9,B,10.0,1, B,0,0, 
thảo luận,9,B,7.0,1, B,12.285714285714286,7, B
nhận,9,B,2.0,1,A ,0,0, 
cơ,9,B,16.0,1, B,9.0,2,A B
tuyên cáo,9,B,8.0,1, B,0,0, 
trọng âm,9,B,8.0,1, B,0,0, 
bản quốc,9,B,15.0,1, B,15.636363636363637,11,A B
chiến thắng,9,B,10.0,1, B,14.0,1, B
phân phối,9,B,10.0,1, B,12.833333333333334,6, B
biên,9,B,4.0,1,A ,3.0,1,A 
công lệnh,9,B,8.0,1, B,21.333333333333332,3, B
đấu tranh,9,B,6.0,1, B,14.666666666666666,3, B
phân biệt,9,B,8.0,1, B,11.666666666666666,3, B
tiết kiệm,9,B,10.0,1, B,0,0, 
trọng tài,9,B,8.0,1, B,0,0, 
thành phần,9,B,4.0,1,A ,9.375,16,A B
tiết diện,9,B,9.0,1, B,8.0,1, B
tính năng,9,B,7.0,1, B,18.11111111111111,9, B
quy tắc,9,B,8.0,1, B,10.25,4, B
lý thuyết,9,B,11.0,1, B,16.8,10, B
người yêu,9,B,8.0,1, B,0,0, 
song song,9,B,6.0,1, B,0,0, 
bản quyền,9,B,9.5,2, B,0,0, 
phòng ngự,9,B,12.0,1, B,0,0, 
nhận thức,9,B,21.0,1, B,7.428571428571429,7,A B
rạng đông,9,B,8.0,1, B,0,0, 
chăn nuôi,9,B,10.0,1, B,0,0, 
đấu tranh,9,B,6.0,1, B,14.666666666666666,3, B
pháp viện,9,B,12.0,1, B,0,0, 
tối thiểu,9,B,14.0,2, B,7.0,1, B
công ty,9,B,6.0,1, B,13.571428571428571,7, B
xu,9,B,11.0,1, B,10.54054054054054,37,A B
công khai,9,B,16.0,1, B,0,0, 
sóng mang,9,B,13.0,1, B,0,0, 
du lãm,9,B,4.0,1,A ,0,0, 
rèn cặp,9,B,11.0,1, B,12.0,9,A B
tiềm năng,9,B,7.0,1, B,0,0, 
người mẫu,9,B,12.0,1, B,11.333333333333334,3, B
hội,9,B,7.0,1, B,12.555555555555555,9,A B
công thức hóa học,9,B,9.0,1, B,14.5,2, B
thần kinh,9,B,5.0,1, B,15.7,10, B
ấn bản,9,B,4.0,1,A ,0,0, 
tổng doanh thu,9,B,7.0,1, B,0,0, 
phê chuẩn,9,B,7.0,1, B,15.0,3, B
trại cải tạo,9,B,4.0,1,A ,0,0, 
thói quen,9,B,6.0,1, B,0,0, 
hàm lượng,9,B,4.0,1, B,0,0, 
quyền thế,9,B,4.0,1,A ,9.571428571428571,7, B
tin tưởng,9,B,15.0,1, B,0,0, 
chẩn đoán trị liệu,9,B,8.0,1, B,12.0,2, B
quan niệm,9,B,5.0,1, B,8.333333333333334,3,A B
khởi động,9,B,9.0,1, B,0,0, 
thích hợp,9,B,8.0,1, B,11.333333333333334,3, B
tuyệt vọng,9,B,6.0,1, B,10.0,4, B
liên kết,9,B,2.0,1,A ,12.0,1, B
thoải mái,9,B,8.0,1, B,13.0,1, B
quyền sở hữu,9,B,12.0,1, B,10.5,2, B
diễn kịch,9,B,8.0,1, B,0,0, 
hiện thân,9,B,4.0,1, B,7.5,2, B
khiếu nại,9,B,5.0,1, B,8.0,3, B
công viên,9,B,10.0,1, B,14.0,2, B
dòng chảy,9,B,4.0,1,A ,0,0, 
xuất hiện,9,B,9.0,1, B,0,0, 
hiểu biết,9,B,7.0,1, B,12.0,1, B
bối cảnh,9,B,7.0,1, B,0,0, 
nhãn,9,B,4.0,1, B,0,0, 
điểm tham chiếu,9,B,13.0,1, B,8.666666666666666,6, B
sự đổi khác,9,B,7.0,1, B,0,0, 
cách thức,9,B,10.0,1, B,13.3,10,A B
chi,9,B,8.0,1, B,0,0, 
vòng loại,9,B,11.0,1, B,0,0, 
mạng,9,B,5.0,1, B,5.333333333333333,3,A B
thời tiết,9,B,8.0,1, B,0,0, 
loại hình,9,B,8.0,1, B,0,0, 
thằng cu,9,B,3.0,1,A ,2.0,1,A 
lãi vốn,9,B,15.0,1, B,0,0, 
biến dạng,9,B,21.5,2, B,12.0,1, B
lối đi,9,B,7.0,1, B,9.3,10, B
hạn ngạch,9,B,2.0,1,A ,0,0, 
động viên,9,B,6.0,1, B,11.0,2, B
đảng viên,9,B,11.0,1, B,0,0, 
có của,9,B,11.0,1, B,8.0,2, B
xây dựng,8,B,17.0,1, B,5.0,1, B
thời kỳ đầu,8,B,14.0,1, B,0,0, 
thế giới,8,B,6.0,1,A ,0,0, 
kiến thức,8,B,7.0,1, B,8.4,5, B
đề án,8,B,4.0,1,A ,9.294117647058824,17,A B
sản xuất,8,B,10.0,1, B,10.642857142857142,14, B
kiểm tra,8,B,5.0,1, B,0,0, 
khả năng,8,B,6.0,1, B,0,0, 
đề án,8,B,10.0,1, B,11.0,1, B
gia đình,8,B,10.0,1, B,12.5,6, B
tiếp tục,8,B,5.0,1, B,0,0, 
dấu hiệu,8,B,13.0,1, B,9.0,1,A 
tham gia,8,B,12.0,1, B,9.666666666666666,3, B
phó,8,B,5.0,1, B,11.208333333333334,24,A B
nhiệm vụ,8,B,8.0,1, B,9.818181818181818,11, B
tìm kiếm,8,B,19.0,1, B,10.5,2, B
cơ chế,8,B,8.0,1, B,0,0, 
làm việc,8,B,4.0,1,A ,0,0, 
toàn bộ,8,B,11.0,1, B,0,0, 
bây giờ,8,B,7.0,1, B,0,0, 
hệ thống,8,B,15.0,1,A ,14.071428571428571,28,A B
xác định,8,B,18.0,1, B,15.0,1, B
thay đổi,8,B,4.0,1,A ,0,0, 
tỉnh,8,B,15.0,1, B,11.571428571428571,7,A B
phép,8,B,6.0,1, B,11.5,4, B
điều tra,8,B,9.0,1, B,0,0, 
người điều hành,8,B,9.0,1, B,20.0,1, B
nhà nước,8,B,8.0,1, B,15.0,2, B
xây dựng,8,B,6.0,1, B,9.444444444444445,9,A B
công chúng,8,B,4.0,1,A ,14.0,3, B
sự ban cấp,8,B,8.0,1, B,8.88888888888889,9,A B
nội dung,8,B,5.0,1, B,0,0, 
quẫn bách,8,B,4.0,1,A ,9.416666666666666,12,A B
sửa soạn,8,B,17.0,1, B,0,0, 
kế hoạch,8,B,7.0,1, B,14.0,1, B
đánh giá,8,B,10.0,1, B,12.666666666666666,6, B
hợp đồng,8,B,7.0,1, B,10.5,2, B
đầu đảng,8,B,4.0,1, B,11.522727272727273,44,A B
người chủ trì,8,B,11.0,1, B,15.5,2, B
phần tử,8,B,4.0,1,A ,14.0,1, B
hiệu lực,8,B,8.0,1, B,12.333333333333334,3, B
thế công,8,B,12.0,1, B,11.333333333333334,3, B
khoa học,8,B,8.0,1, B,12.31578947368421,19, B
công chuyện,8,B,8.0,1, B,0,0, 
trị liệu,8,B,10.0,1, B,16.954545454545453,22,A B
lĩnh vực,8,B,6.0,1, B,8.0,1, B
cảnh binh,8,B,16.0,1, B,11.428571428571429,14,A B
giám thị,8,B,10.0,1, B,0,0, 
người thôi học,8,B,8.0,1, B,0,0, 
chuyên gia tính toán,8,B,9.0,1, B,12.5,4, B
cảm thông,8,B,9.0,1, B,8.5,2, B
lời,8,B,6.0,1, B,9.0,1, B
sức khoẻ,8,B,4.0,1,A ,0,0, 
ứng dụng,8,B,11.0,1, B,12.375,8,A B
thể thao ngoại khóa,8,B,17.0,1, B,0,0, 
chuyển động biểu kiến,8,B,6.0,1, B,0,0, 
việc làm công,8,B,9.0,1, B,0,0, 
phóng sự,8,B,8.0,1, B,12.25,8, B
hiệu lực,8,B,8.0,1, B,12.333333333333334,3, B
đại lý cục,8,B,9.0,1, B,12.666666666666666,3, B
người chứng kiến,8,B,12.0,1, B,12.846153846153847,13, B
cupid,8,B,0,0, ,0,0, 
tiền đạo,8,B,11.0,1, B,0,0, 
mãn hạn,8,B,8.0,1, B,0,0, 
khối lượng,8,B,5.0,1, B,0,0, 
vợ chồng,8,B,7.0,1, B,19.0,1, B
phối hợp,8,B,13.0,1, B,0,0, 
hình ảnh,8,B,9.0,1, B,0,0, 
quá trình tự nhiên,8,B,8.0,1, B,9.93939393939394,66,A B
nạn nhân,8,B,4.0,1, B,10.75,4, B
điểm bắn,8,B,13.0,1, B,9.0,2, B
hội đồng,8,B,4.0,1,A ,0,0, 
thể hiện,8,B,11.0,1, B,10.714285714285714,7, B
hội nghị,8,B,15.0,1, B,17.0,4,A B
liên tục,8,B,9.0,1, B,0,0, 
mục đích,8,B,4.0,1,A ,0,0, 
sân khấu,8,B,8.0,1, B,8.0,1, B
quốc hội,8,B,14.0,1, B,9.0,3,A B
dấu hiệu,8,B,12.0,1, B,0,0, 
thông cáo báo chí,8,B,5.0,1, B,0,0, 
bản quốc,8,B,15.0,1, B,15.636363636363637,11,A B
thứ lấp đầy,8,B,7.0,1, B,13.0,1, B
nhân vật,8,B,4.0,1, B,0,0, 
sự giản dị,8,B,15.0,1, B,0,0, 
thiết bị hiển thị,8,B,7.0,1, B,0,0, 
đại biểu,8,B,13.0,1, B,12.5,6, B
đạo diễn,8,B,13.0,1, B,14.0,1, B
duy nhất,8,B,11.0,1, B,0,0, 
thảo luận,8,B,7.0,1, B,12.285714285714286,7, B
cảm giác,8,B,7.0,1, B,3.0,1,A 
quan sát,8,B,6.0,1, B,15.0,1, B
ứng dụng,8,B,11.0,1, B,12.375,8,A B
thí sinh,8,B,11.0,1, B,9.0,1, B
lựa chọn,8,B,14.0,1, B,18.25,8, B
kết luận,8,B,7.0,1, B,0,0, 
rưa rứa,8,B,6.0,1, B,0,0, 
đời sống,8,B,14.0,1, B,9.0,1, B
nhiệt độ,8,B,7.0,1, B,0,0, 
đạt được,8,B,7.0,1, B,0,0, 
du hí,8,B,7.0,1, B,13.833333333333334,6, B
đóng góp,8,B,3.0,1,A ,10.0,2, B
quí tử,8,B,7.0,1, B,6.5,2,A B
bản thân,8,B,7.0,1, B,0,0, 
thương phẩm,8,B,10.0,1, B,9.333333333333334,15,A B
vận động,8,B,5.0,1, B,0,0, 
tiền lãi,8,B,7.0,1, B,9.0,2, B
quang minh,8,B,4.0,1,A ,0,0, 
hiện duy tân,8,B,8.0,1, B,0,0, 
sự canh chừng,8,B,15.0,1, B,8.0,1,A 
nông phu,8,B,11.0,1, B,0,0, 
sự chia sẻ,8,B,6.0,1, B,7.0,1, B
năng động,8,B,8.0,1, B,8.0,2, B
ngày tháng,8,B,7.0,1, B,0,0, 
quân đội,8,B,4.0,1, B,8.75,4, B
phát hiện hữu ích,8,B,10.0,1, B,0,0, 
suy nghĩ,8,B,19.0,1, B,10.571428571428571,14, B
chăm sóc,8,B,8.0,1, B,13.65,20, B
hàng,8,B,7.0,1, B,8.25,4, B
trưng bầy,8,B,8.0,1, B,14.0,2, B
dao động,8,B,15.0,1, B,8.0,1, B
phép,8,B,6.0,1, B,11.5,4, B
một chút xíu,8,B,8.0,1, B,10.0,1, B
du khách,8,B,14.0,1, B,0,0, 
tiêu dùng,8,B,6.0,1, B,17.0,1, B
bợn,8,B,20.0,1, B,7.0,2,A B
hội thảo,8,B,6.0,1, B,0,0, 
vật dục,8,B,8.0,1, B,12.25,12, B
sao,8,B,8.0,1, B,15.25,4, B
triệu chứng,8,B,10.0,1, B,14.0,1, B
bản quán,8,B,12.0,1, B,14.717948717948717,39,A B
đội hình,8,B,14.0,1, B,0,0, 
cấp bậc,8,B,9.0,1, B,7.8,10,A B
ấn tượng,8,B,5.0,1, B,0,0, 
tiếp xúc,8,B,7.0,1, B,0,0, 
tinh thần,8,B,6.0,1, B,10.666666666666666,6,A B
phổ biến,8,B,7.0,1, B,0,0, 
thay thế,8,B,9.0,1, B,9.5,4, B
thuê bao,8,B,13.0,1, B,0,0, 
ngay lúc này,8,B,7.0,1, B,0,0, 
rắc rối,8,B,8.0,1, B,0,0, 
kết nối,8,B,16.0,1, B,7.5,2,A B
mặt trời,8,B,0,0, ,0,0, 
khủng bố,8,B,5.0,1, B,16.545454545454547,11, B
nước mắt,8,B,4.0,1,A ,0,0, 
quan niệm,8,B,5.0,1, B,8.333333333333334,3,A B
thi hành,8,B,8.0,1, B,0,0, 
đồng chí,8,B,8.0,1, B,0,0, 
sáng tạo,8,B,6.0,1, B,14.0,3,A B
chế biến,8,B,6.0,1, B,0,0, 
năng lực,8,B,6.0,1, B,7.166666666666667,6,A B
thất bại,8,B,8.0,1, B,11.0,4, B
chi phí,8,B,18.0,1, B,9.0,3, B
sáng tác,8,B,6.0,1, B,9.794871794871796,39,A B
âm,8,B,14.0,1, B,20.0,1, B
cường độ,8,B,6.0,1, B,12.333333333333334,6, B
bảo hiểm,8,B,9.0,1,A ,0,0, 
phản ứng hóa học,8,B,14.0,1, B,12.176470588235293,17, B
diễn đàn,8,B,15.0,1, B,0,0, 
phía trước,8,B,8.0,1, B,0,0, 
chất độc,8,B,4.0,1,A ,11.666666666666666,3,A B
giới hạn,8,B,18.0,1, B,0,0, 
giải thoát,8,B,8.0,1, B,0,0, 
thể hiện,8,B,11.0,1, B,10.714285714285714,7, B
thị xã,8,B,15.0,1, B,0,0, 
đồng đội,8,B,12.0,1, B,0,0, 
bổ sung,8,B,10.0,1, B,0,0, 
cảnh cáo,8,B,10.0,1, B,0,0, 
sự bội thu,8,B,4.0,1,A ,0,0, 
phường,8,B,3.0,1,A ,14.833333333333334,18, B
thời hạn tốt nhất,8,B,14.0,1, B,0,0, 
trận đấu,8,B,7.0,1, B,17.857142857142858,7, B
tình trạng trọng tội,8,B,9.0,1, B,0,0, 
bản lĩnh,8,B,6.0,1, B,11.615384615384615,13, B
sách kỷ lục,8,B,11.0,1, B,13.333333333333334,3, B
năng lượng,8,B,10.0,1, B,7.0,2,A B
địa điểm,8,B,10.0,1, B,0,0, 
cơ quan,8,B,4.0,1, B,0,0, 
vật chất,8,B,8.0,1, B,5.4,5,A B
khẳng định,8,B,13.0,1, B,16.0,1, B
thúc đẩy,8,B,11.0,1, B,0,0, 
phân bộ,8,B,7.0,1, B,14.333333333333334,6, B
thông tin,8,B,8.0,1, B,9.6,15,A B
khối liên kết,8,B,6.0,1, B,15.272727272727273,11, B
nghề xuất bản,8,B,17.0,1, B,13.5,4, B
liên lạc,8,B,6.0,1, B,0,0, 
vốn,8,B,32.0,1, B,0,0, 
tham số,8,B,5.5,2, B,0,0, 
động viên,8,B,6.0,1, B,11.0,2, B
tiếp cận,8,B,7.0,1, B,6.0,1, B
đặc tính,8,B,8.0,1, B,0,0, 
điện trở,8,B,29.0,1, B,17.0,1, B
tiếng lóng,8,B,23.0,1, B,11.5,2, B
tăng giá,8,B,14.0,1, B,0,0, 
chút nghĩa cũ càng,8,B,6.0,1, B,11.0,4, B
phạn điếm,8,B,3.0,1,A ,11.533333333333333,15, B
cải biến,8,B,9.0,1, B,0,0, 
đồng hương,8,B,7.0,1, B,14.0,2, B
học bổng,8,B,9.5,2, B,0,0, 
quân bình,8,B,16.0,1, B,33.666666666666664,3, B
lãi cổ tức,8,B,8.0,1, B,14.0,4, B
hợp đồng mua bán,8,B,6.0,1, B,12.0,2, B
thúc đẩy,8,B,11.0,1, B,0,0, 
kim loại,8,B,8.0,1, B,6.077922077922078,77,A B
hoàn thành,8,B,9.0,1, B,0,0, 
đối lập,8,B,5.0,1, B,10.058823529411764,17,A B
quân sĩ,8,B,4.0,1, B,9.6,5,A B
cửa sông,8,B,13.0,1, B,0,0, 
công dân,8,B,7.0,1, B,10.714285714285714,7, B
xu hướng,8,B,6.0,1,A ,0,0, 
suy nghĩ,8,B,19.0,1, B,10.571428571428571,14, B
chấm dứt,8,B,8.0,1, B,0,0, 
thể loại,8,B,4.0,1,A ,0,0, 
hiệu lực,8,B,7.0,1, B,6.5,2, B
thay đổi,8,B,8.0,1, B,8.0,1, B
cỏ rác,8,B,6.0,1, B,7.333333333333333,3, B
nghi ngờ,8,B,18.0,1, B,0,0, 
hoạt động,8,B,8.0,1, B,0,0, 
sông,8,B,8.0,1, B,0,0, 
hội đàm,8,B,7.0,1, B,14.933333333333334,15, B
sai lầm,8,B,11.0,1, B,0,0, 
trái đất,8,B,0,0, ,0,0, 
kịch bản,8,B,7.0,1, B,0,0, 
rối loạn,8,B,16.0,1, B,14.24390243902439,41,A B
đổi mới,8,B,7.0,1, B,9.0,1, B
vũ trụ,8,B,13.0,1, B,11.666666666666666,3, B
chia rẽ,8,B,5.0,1, B,0,0, 
lợi dụng cơ hội,8,B,9.0,1, B,0,0, 
giới động vật,8,B,4.0,1,A ,0,0, 
loài nicotiana,8,B,17.0,1, B,0,0, 
niềm vui,8,B,7.0,1, B,18.666666666666668,3, B
cách,8,B,7.0,1, B,8.0,9,A B
lấy lại,8,B,8.0,1, B,7.0,5, B
chủ thầu,8,B,18.0,1, B,16.75,4, B
tìm ra,8,B,8.0,1, B,0,0, 
sự cam lòng,8,B,8.0,1, B,0,0, 
chặn,8,B,8.0,1, B,8.5,2, B
công nhận,8,B,8.0,1, B,0,0, 
câu thúc,8,B,9.0,1, B,12.0,1, B
truy cập,8,B,6.0,1, B,0,0, 
hạt nhân,8,B,6.0,1,A ,8.5,4,A B
huyết áp,8,B,10.0,2, B,14.0,4, B
tư bản hóa,8,B,8.0,1, B,0,0, 
rộng rãi,8,B,3.0,1,A ,9.0,2, B
công văn,8,B,7.0,1, B,12.823529411764707,34,A B
trung vệ,8,B,12.0,1, B,0,0, 
đấu tranh,8,B,6.0,1, B,14.666666666666666,3, B
thiếu sót,8,B,8.0,1, B,0,0, 
sự phòng ngừa,8,B,10.0,1, B,0,0, 
cảm tính,8,B,5.0,1, B,9.5,4, B
siêu thị,8,B,18.0,1, B,10.0,1, B
mỹ thuật,8,B,14.0,1, B,6.333333333333333,3,A B
ngày mai,8,B,4.0,1,A ,0,0, 
cải tiến,8,B,10.0,1, B,9.4,5, B
ngày chúa nghỉ,8,B,8.0,1, B,0,0, 
người buôn lậu,8,B,6.0,1, B,13.666666666666666,3, B
bổ nhiệm,8,B,9.0,1, B,7.8,5, B
thình lình,8,B,8.0,1, B,0,0, 
bưu cục,8,B,8.0,1, B,0,0, 
tin tưởng,8,B,15.0,1, B,0,0, 
văn minh,8,B,5.0,1, B,15.857142857142858,7, B
tính chính đáng,8,B,11.0,1, B,0,0, 
con,8,B,6.0,1, B,7.333333333333333,6,A B
cẳng tay,8,B,3.0,1,A ,0,0, 
đánh bại,8,B,9.0,1, B,0,0, 
tiếp thị,8,B,9.0,1, B,13.5,2, B
sự kế tiếp,8,B,11.0,1, B,10.0,2, B
khoản cho vay cá nhân,8,B,10.0,1, B,17.0,1, B
dùng,7,B,8.0,1, B,7.666666666666667,6, B
công ty,7,B,15.0,1, B,11.727272727272727,11,A B
cơ quan,7,B,4.0,1, B,0,0, 
văn minh,7,B,5.0,1, B,15.857142857142858,7, B
yêu cầu,7,B,6.0,1, B,16.0,1, B
cơ quan,7,B,4.0,1, B,0,0, 
điểm cuối,7,B,6.0,1, B,0,0, 
quản đốc,7,B,11.0,1, B,11.333333333333334,3, B
quan hệ,7,B,5.0,1, B,8.333333333333334,9,A B
phạm vi,7,B,16.0,1, B,8.428571428571429,7,A B
người chơi,7,B,14.0,1, B,12.772727272727273,22, B
bây giờ,7,B,7.0,1, B,0,0, 
công an,7,B,2.0,1,A ,0,0, 
thời điểm bắt đầu,7,B,8.0,1, B,8.75,4,A B
dịch vụ công,7,B,4.0,1,A ,19.0,1, B
địa chỉ,7,B,9.0,1, B,10.0,4, B
viện hàn lâm,7,B,6.0,1, B,22.333333333333332,6, B
lượng,7,B,18.0,1, B,9.0,2, B
yêu cầu,7,B,13.0,1, B,11.727272727272727,11,A B
môn bóng đá,7,B,9.0,1, B,0,0, 
diễn ra,7,B,7.0,1, B,0,0, 
du lịch,7,B,17.0,1, B,14.0,1, B
bê tông,7,B,12.0,2, B,10.5,2, B
quan hệ,7,B,16.0,1, B,9.75,4,A B
phúc đáp,7,B,7.0,1, B,15.5,2, B
trở lại,7,B,7.0,1, B,0,0, 
thực tế,7,B,8.0,1, B,19.0,1, B
cứ liệu,7,B,5.0,1, B,10.0,3, B
phục dịch,7,B,5.0,1, B,11.6,5, B
tác giả,7,B,12.0,1, B,14.314285714285715,35, B
bảo đảm,7,B,6.0,1, B,12.0,3,A B
sự áp dụng,7,B,7.0,1, B,9.0,1, B
thứ hai,7,B,10.0,1, B,21.0,1, B
nhà máy,7,B,15.0,1, B,11.363636363636363,11, B
văn chương,7,B,13.0,1, B,0,0, 
báo danh,7,B,3.0,1,A ,0,0, 
báo cáo,7,B,6.0,1, B,0,0, 
toàn bộ,7,B,11.0,1, B,0,0, 
cần,7,B,4.0,1,A ,7.5,2,A B
lực điện động,7,B,29.0,1, B,0,0, 
thích hợp,7,B,9.0,1, B,0,0, 
hôm nay,7,B,4.0,1,A ,0,0, 
công an,7,B,2.0,1,A ,0,0, 
an,7,B,2.0,1,A ,8.666666666666666,3, B
bữa qua,7,B,4.0,1,A ,0,0, 
sự mở rộng,7,B,9.0,1, B,0,0, 
lịch sử,7,B,6.0,1, B,0,0, 
nhân công tự do,7,B,8.0,1, B,0,0, 
cơ,7,B,16.0,1, B,9.0,2,A B
bóng gương,7,B,8.0,1, B,10.5,2,A B
phong thanh,7,B,11.0,1,A ,8.666666666666666,3, B
cá nhân,7,B,4.0,1, B,9.25,8,A B
một phần,7,B,9.0,1, B,0,0, 
tính đàn ông,7,B,11.0,1, B,0,0, 
dân tộc,7,B,4.0,1, B,0,0, 
tác giả,7,B,12.0,1, B,14.314285714285715,35, B
nguy cơ,7,B,8.0,1, B,14.75,4, B
phối kết hợp,7,B,26.0,1, B,0,0, 
thu xếp,7,B,5.0,1, B,6.0,1, B
vi phạm,7,B,8.0,1, B,14.5,2, B
sự dìu dắt,7,B,6.0,1, B,0,0, 
ổn định,7,B,11.0,1, B,7.0,1, B
hành vi,7,B,8.0,1, B,0,0, 
cấu tạo,7,B,11.0,1, B,6.758064516129032,62,A B
bài cáo,7,B,8.0,1, B,0,0, 
hạn chế,7,B,6.0,1, B,11.333333333333334,3, B
tài liệu,7,B,4.0,1,A ,10.75,4,A B
âm nhạc,7,B,20.0,1, B,10.9375,32,A B
cầu thủ hậu vệ,7,B,17.0,1, B,0,0, 
răng,7,B,7.0,1, B,0,0, 
sự chia sẻ,7,B,6.0,1, B,7.0,1, B
cách nhìn,7,B,18.0,1, B,9.75,8,A B
dâu tây fragaria vesca,7,B,9.0,1, B,0,0, 
thủ tục,7,B,8.0,1, B,0,0, 
thành kiến,7,B,9.0,1, B,17.285714285714285,7,A B
ráng sức,7,B,5.0,1, B,7.0,2, B
cước,7,B,6.0,1, B,11.944444444444445,18,A B
kết nối,7,B,16.0,1, B,7.5,2,A B
tham gia,7,B,12.0,1, B,9.666666666666666,3, B
bổ sung,7,B,11.0,1, B,0,0, 
điện tử,7,B,6.0,1,A ,10.75,4, B
ra công,7,B,6.0,1, B,14.0,1, B
bao gồm,7,B,8.0,1, B,0,0, 
duyên,7,B,6.0,1, B,9.0,2, B
đô vật,7,B,13.0,1, B,13.666666666666666,9, B
tài sản,7,B,6.0,1, B,0,0, 
máy bay cánh chim,7,B,21.0,1, B,0,0, 
ung thư,7,B,12.0,1, B,13.25,4, B
thủ môn,7,B,18.0,2, B,0,0, 
sự dễ hiểu,7,B,17.0,1, B,8.666666666666666,6, B
phạm vi,7,B,16.0,1, B,8.428571428571429,7,A B
hình mẫu,7,B,4.0,1, B,0,0, 
bảo đảm,7,B,6.0,1, B,12.0,3,A B
thình lình,7,B,8.0,1, B,0,0, 
thời điểm bắt đầu,7,B,8.0,1, B,8.75,4,A B
sản xuất,7,B,7.0,1, B,0,0, 
william jennings bryan,7,B,0,0, ,0,0, 
dễ dàng,7,B,2.0,1,A ,9.0,2, B
cổ phần,7,B,10.0,1, B,6.0,1, B
tồn tại,7,B,9.0,1, B,8.636363636363637,11, B
học,7,B,7.0,1, B,0,0, 
tổng số,7,B,2.0,1,A ,12.5,8, B
bàn tay,7,B,7.0,1, B,6.5,4,A B
tai nạn chết người,7,B,5.0,2, B,15.0,1, B
hỗ trợ,7,B,5.0,1, B,0,0, 
động cơ,7,B,5.0,1, B,0,0, 
ca khúc,7,B,6.0,1, B,11.0,1, B
ý nghĩa,7,B,1.0,1,A ,0,0, 
hút,7,B,15.0,1, B,0,0, 
nổi bật,7,B,6.0,1, B,8.0,2, B
xi măng,7,B,14.0,1, B,14.0,1, B
cỏ rơm,7,B,11.0,1, B,0,0, 
giáo sư,7,B,6.0,1, B,0,0, 
yêu sách,7,B,10.0,1, B,8.666666666666666,3,A B
gia cầm,7,B,4.0,1, B,12.2,10,A B
pha,7,B,14.0,1, B,13.0,21,A B
đồng hồ,7,B,9.0,1, B,0,0, 
giấy tờ,7,B,2.0,1,A ,0,0, 
cứ liệu,7,B,5.0,1, B,10.0,3, B
kết nối,7,B,16.0,1, B,7.5,2,A B
xe buýt,7,B,20.0,1, B,0,0, 
phạm vi,7,B,16.0,1, B,8.428571428571429,7,A B
tài trợ,7,B,4.0,1,A ,0,0, 
sinh viên,7,B,12.0,1, B,14.35,20, B
ledbetter,7,B,0,0, ,0,0, 
giao dịch,7,B,11.0,1, B,0,0, 
quần áo,7,B,5.0,1, B,0,0, 
học giả của hội thánh,7,B,18.0,1, B,0,0, 
hội chợ,7,B,9.0,1, B,10.0,1, B
sự lừa gạt,7,B,9.0,1, B,8.909090909090908,11,A B
khởi tố,7,B,4.0,1,A ,10.0,1, B
giá,7,B,6.0,1, B,12.11111111111111,9, B
so sánh,7,B,5.0,1, B,10.0,1, B
hậu quả,7,B,8.0,1, B,0,0, 
mong đợi,7,B,8.0,1, B,11.333333333333334,3, B
độc lập,7,B,9.0,1, B,0,0, 
đội ngũ,7,B,5.0,1,A ,0,0, 
vệ sinh,7,B,9.0,1, B,0,0, 
đổi mới,7,B,6.0,1, B,10.0,1, B
ý tưởng,7,B,7.0,1, B,0,0, 
kẻ cướp,7,B,5.0,1, B,10.0,2, B
bài hát,7,B,7.0,1, B,10.45,20,A B
ưu đãi,7,B,9.0,1, B,0,0, 
phương tiện vận tải,7,B,15.0,1,A ,13.857142857142858,14,A B
nhà thơ,7,B,0,0, ,0,0, 
lo lắng,7,B,8.0,1, B,0,0, 
con tốt thí,7,B,12.0,1, B,0,0, 
sự từ chối,7,B,13.0,1, B,8.0,5, B
di động,7,B,6.0,1, B,6.6,10,A B
thái độ,7,B,6.0,1, B,8.0,2, B
dẫn đầu,7,B,4.0,1, B,0,0, 
sân khấu,7,B,8.0,1, B,8.0,1, B
ghi điểm,7,B,9.0,1, B,9.0,14,A B
bổ sung,7,B,10.0,1, B,0,0, 
tiết lộ,7,B,13.0,1, B,12.222222222222221,9, B
cân cốt,7,B,7.0,1, B,0,0, 
biên độ,7,B,10.0,1, B,0,0, 
phong vân,7,B,8.0,1, B,9.0,2, B
cam kết,7,B,6.0,1, B,9.25,4, B
dịp,7,B,11.0,1, B,10.166666666666666,6, B
đại hội,7,B,15.0,1, B,14.0,1, B
hội,7,B,6.0,1, B,13.25,20,A B
chia sẻ,7,B,10.0,1, B,34.0,1, B
cô nương,7,B,16.0,1, B,0,0, 
ánh mắt công chúng,7,B,6.0,1, B,0,0, 
khẩu hiệu,7,B,7.0,1, B,0,0, 
lời đề nghị,7,B,8.0,1, B,8.0,3, B
khoa học tính toán,7,B,12.0,1, B,10.5,2, B
thu hồi,7,B,6.0,1, B,0,0, 
thứ tự,7,B,7.0,1, B,0,0, 
sân bay,7,B,5.0,1,A ,0,0, 
tiền,7,B,4.0,1,A ,0,0, 
nhà báo,7,B,12.0,1, B,16.5,2, B
bá chủ,7,B,11.5,2, B,14.285714285714286,7,A B
kỷ luật,7,B,10.0,1, B,0,0, 
bảo tồn,7,B,21.0,1, B,0,0, 
tạp chí,7,B,10.0,1, B,0,0, 
ca khúc,7,B,6.0,1, B,4.0,1,A 
cố định,7,B,18.0,1, B,15.0,1, B
đất,7,B,7.0,1, B,7.25,4,A B
bài trí,7,B,4.0,1,A ,11.363636363636363,11, B
tử vong,7,B,4.0,1,A ,12.5,2, B
chủ định,7,B,7.0,1, B,7.833333333333333,6, B
người hợp tác,7,B,4.0,1, B,14.5,2, B
bắt,7,B,7.0,1, B,7.0,2, B
tình thế,7,B,4.0,1,A ,0,0, 
dung dịch liên hợp,7,B,8.0,1, B,0,0, 
phần tử,7,B,4.0,1,A ,14.0,1, B
dự liệu,7,B,6.0,1, B,7.0,1, B
lo ngại,7,B,9.0,1, B,0,0, 
tối cao,7,B,8.0,1, B,0,0, 
bảo mật,7,B,8.0,1, B,0,0, 
bộ đồ nghề,7,B,3.0,1,A ,0,0, 
sĩ quan chỉ huy,7,B,6.0,1, B,15.0,4,A B
phác thảo,7,B,6.0,1, B,0,0, 
chỗ,7,B,8.0,1, B,7.0,1, B
phép,7,B,6.0,1, B,11.5,4, B
lợi thế chiến lược,7,B,6.0,1, B,20.0,1, B
an tâm,7,B,10.0,1, B,8.0,1, B
đất,7,B,3.0,1,A ,9.096774193548388,31,A B
vi mạch,7,B,11.0,1, B,0,0, 
sự đa dạng,7,B,13.0,1, B,16.0,1, B
năm học,7,B,3.0,1,A ,0,0, 
cải tiến,7,B,10.0,1, B,9.4,5, B
cộng hòa,7,B,13.0,1, B,18.5,2, B
máy thu vô tuyến điện,7,B,11.0,1, B,17.0,4, B
giải mã,7,B,7.0,1, B,0,0, 
cấu tạo,7,B,11.0,1, B,0,0, 
sự thật,7,B,8.0,1, B,0,0, 
ở,7,B,8.0,1, B,6.0,2, B
thời gian dài,7,B,14.0,1, B,0,0, 
mua hàng,7,B,3.0,1,A ,5.0,1, B
phẩm giá,7,B,5.0,1, B,0,0, 
sai lầm,7,B,11.0,1, B,0,0, 
nhà,7,B,6.0,1, B,9.615384615384615,52,A B
tiếng nói,7,B,5.0,1, B,0,0, 
nụ cười,7,B,11.0,1, B,0,0, 
sự mệt mỏi,7,B,16.0,1, B,10.0,5, B
xây dựng,7,B,6.0,1, B,9.444444444444445,9,A B
chỉ thị,7,B,19.0,1, B,18.0,1, B
cảm xúc,7,B,6.0,1, B,9.333333333333334,9, B
ông bô,7,B,5.0,1, B,0,0, 
tính sống động,7,B,8.0,1,A ,0,0, 
tâm,7,B,7.0,1, B,0,0, 
gia cố,7,B,4.0,1,A ,5.0,1, B
cực hình,7,B,12.0,1, B,15.0,5, B
ọp ẹp,7,B,6.0,1, B,0,0, 
vệ tinh,7,B,8.0,1, B,9.5,2, B
cánh quân,7,B,6.0,1, B,10.75,4, B
pháp luật học,7,B,5.0,1, B,11.571428571428571,14, B
phụ bút,7,B,7.0,1, B,10.0,2, B
ô nhiễm,7,B,7.0,1, B,9.0,1, B
con,7,B,6.0,1, B,7.333333333333333,6,A B
đánh mất,7,B,8.0,1, B,0,0, 
giáo hóa,7,B,7.0,1, B,0,0, 
sự thăm dò,7,B,9.0,1, B,0,0, 
bản quốc,7,B,15.0,1, B,15.636363636363637,11,A B
phúc phận,7,B,8.0,1, B,9.75,4, B
đầu tư,6,B,6.0,1, B,21.0,3, B
xã hội,6,B,12.0,1, B,10.75,4, B
vấn đề,6,B,8.0,1, B,16.5,2, B
toàn bộ,6,B,11.0,1, B,0,0, 
cán bộ,6,B,15.0,1, B,15.0,2, B
vị trí,6,B,5.0,1, B,0,0, 
bảo vệ,6,B,2.0,1,A ,17.0,2, B
đơn vị đo lường,6,B,12.0,1, B,11.2,35,A B
tần số,6,B,5.0,1, B,9.428571428571429,7,A B
cơ,6,B,16.0,1, B,9.0,2,A B
bác sĩ,6,B,11.0,1, B,9.5,4, B
phụ nữ,6,B,8.5,2, B,10.5,58,A B
hỗ trợ,6,B,5.0,1, B,0,0, 
tốc độ,6,B,16.0,1, B,9.714285714285714,35,A B
quan niệm,6,B,5.0,1, B,8.333333333333334,3,A B
cố vấn,6,B,10.0,1, B,14.0,1, B
lập ra,6,B,7.0,1, B,9.5,2, B
chính thể,6,B,8.0,1, B,12.625,16,A B
thủ phạm,6,B,20.0,1, B,7.0,2, B
có mặt,6,B,5.0,1, B,0,0, 
bố trí,6,B,10.0,1, B,10.5,2, B
cấu tử,6,B,7.0,1, B,10.666666666666666,3,A B
ủy ban,6,B,14.0,1, B,14.842105263157896,19, B
anh em,6,B,9.0,1, B,8.666666666666666,3,A B
trẻ con,6,B,9.0,1, B,10.588235294117647,17,A B
cổ vũ,6,B,5.0,1, B,17.0,1, B
châu á,6,B,0,0, ,0,0, 
toàn bộ,6,B,11.0,1, B,0,0, 
nền,6,B,5.0,1, B,4.5,2,A B
xương,6,B,2.0,1,A ,12.0,2, B
phiên tòa,6,B,12.0,1, B,13.0,6, B
thứ ba,6,B,10.0,1, B,20.0,1, B
chủ đề,6,B,5.0,1, B,8.0,4, B
đàn bà,6,B,11.0,1, B,0,0, 
thế kỷ,6,B,14.0,1, B,18.5,2, B
châu thành,6,B,13.0,1, B,9.333333333333334,3, B
hậu vệ cánh,6,B,17.0,1, B,0,0, 
ráng sức,6,B,5.0,1, B,7.0,2, B
chữ số,6,B,8.0,1, B,6.8125,16,A B
người họ hàng,6,B,6.0,1, B,15.0,1, B
phụ mẫu,6,B,9.0,1, B,6.833333333333333,6,A B
mức độ,6,B,6.0,1, B,0,0, 
tối đa,6,B,4.0,1,A ,0,0, 
cây cần sa,6,B,6.0,1, B,0,0, 
cà phê,6,B,6.0,1, B,11.076923076923077,13, B
chiến hữu,6,B,3.0,1,A ,10.0,3, B
căn cứ,6,B,4.0,1,A ,0,0, 
cơ chế,6,B,4.0,1, B,0,0, 
người cùng thời,6,B,8.0,1, B,9.5,2, B
bí mật,6,B,7.0,1, B,0,0, 
thống nhất,6,B,7.0,1, B,0,0, 
áp lực,6,B,11.0,1, B,0,0, 
cơ nghiệp kế thừa,6,B,6.0,2, B,0,0, 
ra đời,6,B,7.0,1, B,11.2,5, B
tìm ra,6,B,8.0,1, B,0,0, 
vũ trụ,6,B,13.0,1, B,11.666666666666666,3, B
vũ khí,6,B,10.0,1, B,0,0, 
tế bào,6,B,11.0,1, B,10.043478260869565,23,A B
trí nhớ dài hạn,6,B,4.0,1, B,13.333333333333334,3, B
phương tiện có bánh,6,B,11.0,2,A B,8.117647058823529,17,A B
hội,6,B,7.0,1, B,12.555555555555555,9,A B
thị xã,6,B,15.0,1, B,0,0, 
trung tâm,6,B,8.0,1, B,0,0, 
bắt đầu,6,B,6.0,1, B,12.0,1, B
tâm sự,6,B,13.0,1, B,0,0, 
vùng chân trời,6,B,7.0,1, B,4.0,2,A 
đi lại,6,B,4.0,1, B,0,0, 
cuộc đầu phiếu,6,B,9.0,1, B,16.625,8, B
thủ phủ,6,B,3.0,1,A ,8.25,4, B
sứ thần,6,B,8.0,1, B,0,0, 
phạm vi,6,B,6.0,1, B,0,0, 
vui vẻ,6,B,11.0,1, B,0,0, 
cửa sổ,6,B,2.0,1,A ,10.5,2, B
lương tâm,6,B,15.0,1, B,11.0,3, B
kỷ lục,6,B,2.0,1,A ,0,0, 
họa sĩ phối màu,6,B,5.0,1, B,0,0, 
bị can,6,B,7.0,1, B,16.0,2, B
cơ cấu,6,B,13.0,1, B,11.333333333333334,3, B
định đề,6,B,7.0,1, B,0,0, 
hình vẽ,6,B,8.0,1, B,12.076923076923077,13, B
tự tín,6,B,8.0,1, B,0,0, 
cữ,6,B,10.0,1, B,11.0,1, B
dân cư,6,B,5.0,1, B,25.5,2, B
dự báo,6,B,11.0,1, B,14.0,2, B
phục,6,B,9.0,1, B,9.75,4, B
xe đạp ẩy chân,6,B,5.0,1, B,0,0, 
gộp lại,6,B,8.0,1, B,6.0,1, B
ý tưởng,6,B,7.0,1, B,0,0, 
nhạc tố,6,B,12.0,1, B,12.0,1, B
nghiệp hội,6,B,10.0,1, B,10.5,2, B
ước mơ,6,B,7.0,1, B,0,0, 
ưu đãi,6,B,9.0,1, B,0,0, 
điều khiển,6,B,8.0,2, B,6.0,1, B
chỉ số,6,B,15.0,1, B,0,0, 
quẫn bách,6,B,6.0,1, B,8.5,2, B
giá trị,6,B,4.0,1, B,13.5,2, B
chị em ruột,6,B,3.0,1,A ,7.666666666666667,3,A B
tự hào,6,B,12.0,1, B,0,0, 
quyền sở hữu,6,B,9.0,1, B,0,0, 
gắn bó,6,B,7.0,1, B,19.25,4, B
thứ tư,6,B,10.0,1, B,0,0, 
tố cáo,6,B,8.0,1, B,11.363636363636363,11,A B
màu cam,6,B,9.0,1, B,8.0,1, B
dân số,6,B,8.0,1, B,0,0, 
bồi thường,6,B,9.0,1, B,0,0, 
ông bà,6,B,5.0,1, B,2.5,2,A 
độ cao,6,B,8.0,1, B,0,0, 
đại lý cục,6,B,9.0,1, B,12.666666666666666,3, B
cử tri,6,B,7.0,1, B,12.75,4, B
sách kỷ lục,5,B,11.0,1, B,13.333333333333334,3, B
dự án luật,5,B,7.0,1, B,20.0,5, B
cơ sở,5,B,5.0,1, B,6.5,2, B
xử lý,5,B,8.0,1, B,6.857142857142857,7,A B
đề án,5,B,4.0,1,A ,9.294117647058824,17,A B
án lệ,5,B,12.0,1, B,13.833333333333334,6, B
horne,5,B,0,0, ,0,0, 
sự chú ý,5,B,10.0,1, B,19.0,1, B
cơ,5,B,5.0,1, B,11.0,1, B
tỷ lệ,5,B,16.0,1, B,11.324324324324325,37,A B
hệ số,5,B,8.0,1, B,0,0, 
tự do,5,B,4.0,1, B,0,0, 
tỷ số,5,B,4.0,1, B,4.0,1, B
chút,5,B,2.0,1,A ,0,0, 
chú ý,5,B,4.0,1, B,0,0, 
sự cố,5,B,3.0,1,A ,8.0,1, B
phân suất,5,B,4.0,1, B,0,0, 
kỹ sư,5,B,4.0,1, B,11.076923076923077,13, B
mô tả,5,B,13.0,1, B,7.0,4,A B
quá bán,5,B,13.0,1, B,0,0, 
người yêu thích,5,B,10.0,1, B,15.5,6,A B
y học,5,B,15.0,1, B,11.142857142857142,7, B
chăm sóc sức khỏe,4,B,7.0,1, B,0,0, 
dốc,7,A,3.0,1,A ,12.0,1, B
vitamin,7,A,13.0,1, B,24.5,2, B
trường,6,A,14.0,1, B,10.25,4, B
việc,6,A,6.0,1, B,0,0, 
thời điểm,6,A,8.0,1, B,0,0, 
phương,6,A,5.0,1, B,8.5625,16,A B
cải danh,6,A,6.0,1, B,10.172413793103448,29,A B
sự truyền,6,A,8.0,1, B,11.636363636363637,11,A B
số nguyên,6,A,2.0,1,A ,8.125,8, B
chút nghĩa cũ càng,6,A,6.0,1, B,11.0,4, B
người đầu sỏ,6,A,7.0,1, B,10.1,10, B
chương,6,A,3.0,1,A ,0,0, 
khu,6,A,15.0,1, B,0,0, 
thuyền,6,A,20.0,1, B,0,0, 
bận,6,A,2.0,1,A ,0,0, 
nghiệm,6,A,3.0,1,A ,0,0, 
khuyết áo,6,A,2.0,1,A ,0,0, 
giường,6,A,13.0,1, B,11.15,20,A B
chuyền,6,A,8.0,1, B,0,0, 
truyện,6,A,10.0,1, B,11.333333333333334,9, B
chuông,6,A,13.0,1, B,0,0, 
lời răn,6,A,9.0,1, B,8.5,2, B
phượng,6,A,11.0,1, B,0,0, 
không,5,A,5.0,1, B,0,0, 
nhân vật,5,A,4.0,1, B,0,0, 
hàng đống,5,A,20.0,1, B,0,0, 
chính,5,A,8.0,1, B,0,0, 
đường cacbohydrat,5,A,9.0,1, B,10.0,11,A B
tháng,5,A,14.0,1, B,16.666666666666668,6, B
vách,5,A,13.0,1, B,0,0, 
triệu,5,A,11.0,1, B,0,0, 
giờ,5,A,13.0,1, B,9.0,2, B
xuống,5,A,5.0,1,A ,0,0, 
trang,5,A,2.0,1,A ,12.0,9, B
tiếng trung,5,A,18.0,1, B,12.2,5, B
bộ đôi,5,A,2.0,1,A ,37.0,1, B
khoảng,5,A,3.0,1,A ,5.785714285714286,14,A B
phủ,5,A,14.0,1, B,22.296875,64,A B
thuốc tẩy,5,A,11.0,1, B,10.666666666666666,6, B
ngành,5,A,11.0,1, B,14.571428571428571,14, B
phanh,5,A,6.0,1, B,11.75,4, B
khu vực,5,A,4.0,1,A ,9.9375,16,A B
sự phản đối,5,A,9.0,1, B,0,0, 
khách đến thăm,5,A,7.0,1, B,10.25,4,A B
nguồn,5,A,8.0,1, B,0,0, 
chiều,5,A,4.0,1,A ,0,0, 
quyền,5,A,6.0,1, B,0,0, 
gã,5,A,8.0,1, B,13.5,2, B
người họ hàng nữ,5,A,6.0,1, B,3.6666666666666665,3,A B
dương,5,A,12.0,1, B,11.666666666666666,3, B
thiếu,5,A,5.0,1,A ,0,0, 
chồng,5,A,6.0,2,A B,0,0, 
thích,5,A,9.0,1, B,0,0, 
hướng la bàn,5,A,6.0,1,A ,14.310344827586206,29,A B
lượng,5,A,18.0,1, B,9.0,2, B
thằng,5,A,3.0,1,A ,0,0, 
đường,5,A,4.0,1,A ,8.714285714285714,7,A B
hội họa,5,A,14.0,1, B,13.25,20, B
lẩn tránh,5,A,9.0,1, B,0,0, 
bệnh cùi,5,A,17.0,1, B,9.0,2, B
lương,5,A,13.0,1, B,8.0,1, B
màu trắng tinh,5,A,9.0,1, B,0,0, 
tường,5,A,7.0,1, B,10.8,10, B
chương,5,A,4.0,1,A ,0,0, 
giống,5,A,3.0,1,A ,0,0, 
thoát,5,A,7.0,1, B,0,0, 
vi-rút máy tính,5,A,20.0,1, B,0,0, 
miệng,5,A,4.0,1,A ,3.0,1,A 
chứng tật,5,A,14.0,1, B,9.666666666666666,3, B
nuôi trồng,5,A,7.0,1, B,11.75,4, B
giọng,5,A,10.0,1, B,9.0,1, B
chiếm dụng,5,A,7.0,1, B,10.0,1, B
lẩn tránh,5,A,9.0,1, B,0,0, 
sự cam chịu,5,A,8.0,1, B,15.0,1, B
nghĩa,5,A,1.0,1,A ,17.0,1, B
cách thức,5,A,10.0,1, B,13.3,10,A B
thẳng,5,A,8.0,1, B,11.333333333333334,3, B
khung,5,A,7.0,1, B,7.0,2, B
xương,5,A,15.0,1, B,0,0, 
một nghìn,5,A,11.0,1, B,8.0,1, B
tượng,5,A,5.0,1,A ,0,0, 
trại,5,A,9.0,1, B,18.333333333333332,3, B
khoản,5,A,11.0,1, B,15.666666666666666,3, B
thạch,5,A,7.0,1, B,0,0, 
dứt,5,A,8.0,1, B,0,0, 
đâm,5,A,9.0,1, B,6.0,1, B
quân vương,5,A,5.0,1, B,7.666666666666667,3, B
khoan,5,A,6.0,1, B,9.1,10, B
trống,5,A,4.0,1,A ,9.0,4, B
nhiệt,5,A,9.0,1, B,12.833333333333334,6, B
tuyết,5,A,9.0,1, B,14.0,2, B
phóng,5,A,6.0,1, B,8.333333333333334,3, B
phúc,5,A,10.0,1, B,11.0,1, B
triều đại,5,A,6.0,1, B,13.625,32,A B
mẩu,5,A,7.0,1, B,8.0,5,A B
que,5,A,4.0,1,A ,7.0,3,A B
mặt trăng,5,A,0,0, ,0,0, 
khiển trách,5,A,9.0,1, B,0,0, 
canh phòng,5,A,14.0,1, B,0,0, 
phương pháp mới,5,A,10.0,1, B,0,0, 
rượu pân gồm sữa,5,A,7.0,1, B,0,0, 
chỉnh,5,A,7.0,1, B,0,0, 
quan tài bằng đá,5,A,4.0,1,A ,0,0, 
sĩ quan cấp tướng,5,A,6.0,1, B,8.25,4,A B
sương,5,A,7.0,1, B,0,0, 
phiếu,5,A,8.0,1, B,11.0,11, B
album,5,A,21.0,1, B,17.0,1, B
chuột,5,A,13.0,1, B,0,0, 
luồng,5,A,3.0,1,A ,0,0, 
thang,5,A,8.0,1, B,12.555555555555555,9, B
dấu thăng,5,A,7.0,1, B,11.0,1, B
logic,5,A,8.0,1, B,13.0,1, B
vòng kiềng,5,A,10.0,1, B,8.5,2, B
thùng,5,A,19.0,1, B,0,0, 
ruộng nương,5,A,5.0,1,A ,0,0, 
phần chính,5,A,4.0,1,A ,25.0,1, B
quyến,5,A,6.0,1, B,8.0,1, B
tuột,5,A,6.0,1, B,0,0, 
phượng,5,A,13.0,1, B,0,0, 
duyên,5,A,6.0,1, B,9.0,2, B
khuya,5,A,8.0,1, B,0,0, 
nhung,5,A,6.0,1, B,0,0, 
giếng,5,A,5.0,1, B,9.0,5, B
dãy,5,A,6.0,1, B,0,0, 
pha,5,A,8.0,1, B,23.0,1, B
thánh,5,A,7.0,1, B,11.0,1, B
video,5,A,17.0,1, B,0,0, 
sự bằng phẳng,5,A,14.0,1, B,0,0, 
buông,5,A,7.0,1, B,11.0,1, B
nhiễu,5,A,13.0,1, B,10.0,7,A B
nhánh,5,A,3.0,1,A ,0,0, 
chùm,5,A,5.0,1, B,0,0, 
quyên,5,A,15.0,1, B,8.8,5, B
chết chóc,5,A,0,0, ,0,0, 
xích,5,A,10.0,1, B,8.666666666666666,3, B
cương,5,A,12.0,1, B,0,0, 
máu,5,A,3.0,1,A ,0,0, 
sân,5,A,10.0,1, B,10.5,4, B
việc,4,A,6.0,1, B,0,0, 
ngày,4,A,14.0,1, B,14.0,1, B
nước,4,A,7.0,1, B,0,0, 
rõ,4,A,4.0,1,A ,0,0, 
thân,4,A,11.0,1, B,0,0, 
nhìn,4,A,8.0,1, B,15.6,5, B
bằng cấp,4,A,10.0,1, B,12.857142857142858,7, B
phân biệt,4,A,7.0,1, B,13.625,8,A B
đời sống,4,A,6.0,1, B,9.666666666666666,3, B
chung cục,4,A,4.0,1,A ,9.6,5, B
đào lộn hột,4,A,6.0,1, B,0,0, 
đồng,4,A,7.0,2, B,7.0,1, B
giải,4,A,3.0,1,A ,10.222222222222221,9,A B
dùng,4,A,8.0,1, B,7.666666666666667,6, B
hàng,4,A,2.0,1,A ,6.5,2, B
sự kiện,4,A,12.0,1, B,10.5,10, B
phách,4,A,4.0,1,A ,0,0, 
giống,4,A,16.0,2, B,0,0, 
nhau,4,A,4.0,1,A ,0,0, 
giữa,4,A,10.0,1, B,0,0, 
muốn,4,A,6.0,1, B,0,0, 
chiến xa,4,A,13.0,3, B,11.0,1, B
tuổi già,4,A,12.0,1, B,6.0,1, B
phụ thêm,4,A,4.0,1,A ,10.5,2, B
nhận,4,A,2.0,1,A ,0,0, 
xu,4,A,11.0,1, B,10.54054054054054,37,A B
mực nho,4,A,3.0,1,A ,0,0, 
tỉnh,4,A,8.0,1, B,0,0, 
công,4,A,9.0,1, B,0,0, 
trận,4,A,8.0,1, B,0,0, 
nghe,4,A,8.0,1, B,17.0,2, B
phong cảnh,4,A,13.0,1, B,8.875,8,A B
chu kỳ,4,A,10.0,1, B,0,0, 
không khí,4,A,11.0,1, B,18.5,2, B
phần,4,A,5.0,1, B,7.2,10,A B
cấp bậc,4,A,9.0,1, B,7.8,10,A B
bình,4,A,19.0,1, B,0,0, 
nghĩ,4,A,13.0,1, B,0,0, 
chân,4,A,6.0,1, B,7.666666666666667,3,A B
phủ,4,A,8.0,1, B,0,0, 
bóng,4,A,4.0,1,A ,0,0, 
pháp luật học,4,A,5.0,1, B,11.571428571428571,14, B
mùa đông,4,A,3.0,1,A ,0,0, 
nhịp đập,4,A,15.0,1, B,11.0,3, B
phương,4,A,5.0,1, B,8.5625,16,A B
vâng,4,A,9.0,1, B,0,0, 
giảm,4,A,4.0,1,A ,9.0,2, B
phim ảnh,4,A,8.0,2, B,9.61111111111111,18, B
bệnh hoạn,4,A,6.0,1, B,13.179487179487179,39, B
rạng đông,4,A,8.0,1, B,0,0, 
mang,4,A,11.0,1, B,6.333333333333333,3,A B
phạm vi,4,A,16.0,1, B,8.428571428571429,7,A B
chơi,4,A,7.0,1, B,9.5,6, B
chạy,4,A,6.0,1, B,7.0,1, B
hỗ trợ,4,A,5.0,1, B,0,0, 
hình minh họa,4,A,14.0,1, B,0,0, 
đoàn diễu hành,4,A,12.0,1, B,0,0, 
sự an tọa,4,A,5.0,1, B,0,0, 
cùng tận,4,A,9.0,1, B,0,0, 
sải chân,4,A,18.0,1, B,0,0, 
tâm,4,A,7.0,1, B,0,0, 
dòng,4,A,5.0,1, B,10.0,2, B
bụi,4,A,7.0,1, B,8.0,2, B
được phép,4,A,8.0,1, B,9.125,8,A B
biệt tài,4,A,6.0,1, B,10.0,1, B
vàng,4,A,10.0,1, B,9.75,4, B
sông,4,A,8.0,1, B,0,0, 
nhóm,4,A,5.0,1, B,8.851851851851851,27,A B
đẻ,4,A,14.0,1, B,10.0,1, B
trận đòn,4,A,12.0,1, B,9.0,2,A B
cáo chung,4,A,8.0,1, B,0,0, 
phát,4,A,4.0,1,A ,8.0,1, B
một chặp,4,A,8.0,1, B,12.428571428571429,7,A B
tuổi xanh,4,A,11.0,1, B,0,0, 
tiếng cười,4,A,8.0,1, B,15.125,8, B
hiểu,4,A,4.0,1,A ,11.25,8, B
nhân,4,A,13.0,1, B,0,0, 
việc cắt,4,A,8.0,1, B,8.8,5,A B
cái díp,4,A,9.0,1, B,14.0,1, B
chu kỳ,4,A,10.0,1, B,0,0, 
bảng,4,A,9.0,1, B,0,0, 
viên,4,A,6.0,1, B,0,0, 
lời răn,4,A,8.0,1, B,0,0, 
xoay,4,A,4.0,1,A ,7.0,1, B
quan,4,A,7.0,1, B,11.0,2, B
ngọc báu,4,A,7.0,1, B,9.333333333333334,3, B
viêm khớp dạng phong thấp,4,A,14.5,2, B,17.5,2, B
cháu,4,A,3.0,1,A ,6.333333333333333,3,A B
ngừng,4,A,7.0,1, B,10.2,5,A B
hang,4,A,4.0,1,A ,0,0, 
giao,4,A,2.0,1,A ,0,0, 
thời đại,4,A,8.0,1, B,0,0, 
chất lỏng,4,A,8.0,1, B,9.642857142857142,14,A B
tài liệu,4,A,4.0,1,A ,10.75,4,A B
làng,4,A,11.0,1, B,3.0,1,A 
lĩnh vực,4,A,6.0,1, B,8.0,1, B
biên,4,A,4.0,1,A ,3.0,1,A 
thời tiết,4,A,17.0,1, B,9.727272727272727,11,A B
tuần,4,A,14.0,1, B,12.25,4, B
khối,4,A,7.0,1, B,0,0, 
hồng,4,A,7.0,1, B,0,0, 
ngậm,4,A,5.0,1, B,0,0, 
thần rừng,4,A,7.0,1, B,0,0, 
buổi,4,A,12.0,1, B,10.428571428571429,7, B
cha đẻ,4,A,6.0,1, B,2.75,4,A B
uống,4,A,2.0,1,A ,9.5,2, B
mạng,4,A,5.0,1, B,5.333333333333333,3,A B
kinh,4,A,9.0,1, B,20.555555555555557,9, B
biển cả,4,A,20.0,1, B,0,0, 
châu,4,A,5.0,1, B,11.0,1, B
khu vực,4,A,7.0,1, B,6.0,1,A 
gươm,4,A,8.0,1, B,8.571428571428571,7,A B
quận,4,A,4.0,1,A ,0,0, 
rượu,4,A,8.0,1, B,10.916666666666666,12,A B
chất,4,A,4.5,2,A B,14.041666666666666,24,A B
xúc cảm,4,A,9.0,1, B,8.390243902439025,41,A B
biên,4,A,4.0,1,A ,3.0,1,A 
thép,4,A,6.0,1, B,10.75,12, B
kiện,4,A,3.0,1,A ,7.0,1, B
nâng,4,A,3.0,1,A ,0,0, 
bụi nước biển,4,A,7.0,1, B,0,0, 
bản sắc,4,A,14.0,1, B,8.777777777777779,9, B
thay,4,A,7.0,1, B,0,0, 
pha,4,A,9.0,1, B,12.5,2, B
cánh,4,A,7.0,1, B,0,0, 
tiêm,4,A,10.0,1, B,11.0,4, B
nặng,4,A,6.0,1, B,0,0, 
quân,4,A,12.0,1, B,8.125,8,A B
công ty,4,A,15.0,1, B,11.727272727272727,11,A B
biệt tài,4,A,6.0,1, B,10.0,1, B
giấy,4,A,7.0,1, B,9.13953488372093,43,A B
phách,4,A,4.0,1,A ,0,0, 
tổ chức,4,A,11.0,1, B,8.0,3,A B
cảnh,4,A,8.0,1, B,14.333333333333334,18, B
thuế,4,A,2.0,1,A ,13.666666666666666,3, B
cải biến,4,A,5.0,1, B,11.0,2, B
thân,4,A,4.0,1,A ,0,0, 
đáy,4,A,12.0,1, B,0,0, 
khoảng,4,A,3.0,1,A ,5.785714285714286,14,A B
ống,4,A,7.0,1, B,8.0,2, B
ngôi,4,A,6.0,1, B,12.666666666666666,3, B
trăm,4,A,11.0,1, B,0,0, 
nuôi,4,A,7.0,1, B,9.0,1, B
tiến,4,A,6.0,1, B,8.8,5, B
song,4,A,3.0,1,A ,0,0, 
đá,4,A,7.0,1, B,8.5,4, B
đi tiêu,4,A,9.0,1, B,10.5,4, B
quyển,4,A,7.0,1, B,0,0, 
tổng,4,A,15.0,1, B,15.0,1, B
hiệp,4,A,7.0,1, B,0,0, 
sự tiểu tiện,4,A,9.0,1, B,9.8,5, B
chi râm,4,A,11.0,1, B,0,0, 
u sầu,4,A,6.0,1, B,8.909090909090908,11, B
thăm,4,A,5.0,1, B,0,0, 
cây hạnh,4,A,7.0,1, B,13.0,1, B
thuê,4,A,8.0,1, B,0,0, 
dựng,4,A,7.0,1, B,0,0, 
hành,4,A,4.0,1,A ,7.5,4, B
số dư,4,A,2.0,1,A ,4.0,1, B
giải lao,4,A,7.0,1, B,16.0,1, B
chia,4,A,13.0,1, B,13.5,2, B
bè đảng,4,A,6.0,1, B,13.794117647058824,34,A B
nóng,4,A,6.0,1, B,0,0, 
lưng,4,A,11.0,1, B,0,0, 
cải huấn,4,A,4.0,1,A ,12.0,1, B
nghệ,4,A,7.0,1, B,0,0, 
rực cháy,4,A,7.0,1, B,9.666666666666666,3,A B
khoa,4,A,4.0,1,A ,0,0, 
giáo hội công giáo,4,A,7.0,1, B,16.6,5, B
phẩm cấp,4,A,6.0,1, B,9.75,4,A B
quán,4,A,7.0,1, B,0,0, 
thủy ngân,4,A,7.0,1, B,0,0, 
nhân,4,A,13.0,1, B,0,0, 
sát sinh,4,A,7.0,1, B,0,0, 
diện mạo,4,A,3.0,1,A ,11.0,1, B
buộc,4,A,5.0,1, B,0,0, 
lạnh,4,A,6.0,1, B,0,0, 
đá nền,4,A,5.0,1, B,0,0, 
chức danh,4,A,8.0,1, B,13.444444444444445,108,A B
lượt đấu,4,A,7.0,1, B,9.0,2, B
thất bại,4,A,7.0,1, B,6.5,2, B
dừng,4,A,15.0,1, B,6.5,2, B
kiến,4,A,23.0,1, B,9.666666666666666,9, B
cổng,4,A,11.0,1, B,7.0,4, B
tiếng thét,4,A,8.0,1, B,12.0,1, B
ném,4,A,5.0,1,A ,0,0, 
chuyển,4,A,6.0,1,A ,0,0, 
trạm,4,A,11.0,1, B,13.0,9,A B
thánh,4,A,8.0,1, B,10.0,2, B
vườn,4,A,5.0,1, B,0,0, 
một nghìn,4,A,11.0,1, B,8.0,1, B
thể khẳng định,4,A,14.0,1, B,0,0, 
bụng,4,A,6.0,1,A ,0,0, 
mạng,4,A,5.0,1, B,5.333333333333333,3,A B
chi anemia,4,A,11.0,1, B,0,0, 
tích hát,4,A,11.0,1, B,20.0,8, B
giam,4,A,4.0,1,A ,0,0, 
hầm,4,A,6.0,1, B,0,0, 
cứt,4,A,4.0,1,A ,9.0,4, B
đầu,4,A,13.0,1, B,0,0, 
chảy,4,A,8.0,1, B,7.2,15,A B
chùa,4,A,6.0,1, B,0,0, 
sự trừ khử tận gốc,4,A,8.0,1, B,0,0, 
phúc lành,4,A,8.0,1, B,5.0,1, B
gian,4,A,11.0,1, B,4.666666666666667,3,A B
kênh,4,A,6.0,1, B,7.875,8, B
tặng,4,A,3.0,1,A ,0,0, 
khóa nhạc,4,A,7.0,1, B,7.5,6, B
thai nhi,4,A,4.0,1,A ,0,0, 
rớ,4,A,4.0,1,A ,11.833333333333334,6,A B
lúc,4,A,8.0,1, B,13.666666666666666,3, B
nhảy,4,A,4.0,1,A ,11.0,1, B
binh sĩ,4,A,17.0,1, B,12.642857142857142,14, B
cậu bé,4,A,3.0,1,A ,10.545454545454545,11,A B
răng,4,A,7.0,1, B,0,0, 
báo cáo,4,A,11.0,1, B,17.0,1, B
lịch,4,A,10.0,1, B,11.0,3, B
trục,4,A,5.0,1,A ,8.714285714285714,7, B
chai,4,A,4.0,1,A ,0,0, 
chục,4,A,11.0,1, B,0,0, 
phương,4,A,10.0,1, B,11.833333333333334,6, B
hoa súng,4,A,15.0,1, B,10.166666666666666,12,A B
bản nháp,4,A,7.0,1, B,0,0, 
bánh,4,A,3.0,1,A ,20.0,1, B
thị nhuệ,4,A,6.0,1, B,13.5,2, B
thiết bị quang học,4,A,7.0,1, B,11.368421052631579,19,A B
phái,4,A,2.0,1,A ,15.833333333333334,6, B
thuyền nhẹ,4,A,9.0,1, B,11.0,1, B
đài,4,A,4.0,1,A ,7.5,2,A B
tính cộng,4,A,13.0,1, B,0,0, 
trăm,4,A,11.0,1, B,0,0, 
đội,4,A,10.0,1, B,14.0,7,A B
gạch,4,A,9.5,2, B,9.0,5, B
bộ đồ nghề,4,A,3.0,1,A ,0,0, 
trắng phốp,4,A,11.0,1, B,7.8,5,A B
mẩu,4,A,7.0,1, B,8.0,5,A B
ngựa gỗ,4,A,6.0,1, B,0,0, 
đỉnh,4,A,6.0,1, B,0,0, 
cốc,4,A,19.0,1, B,0,0, 
treo,4,A,15.0,1, B,0,0, 
ấp,4,A,8.0,1, B,0,0, 
real,4,A,17.0,1, B,0,0, 
ghép,4,A,2.0,1,A ,17.0,2, B
hàng đống,4,A,20.0,1, B,0,0, 
bang,4,A,7.0,1, B,0,0, 
cửu,4,A,5.0,1, B,0,0, 
giàu có,4,A,14.0,1, B,8.4,5, B
xăng,4,A,10.0,2, B,9.0,3, B
cửa bể,4,A,4.0,1,A ,8.0,2, B
thổi,4,A,9.0,1, B,12.0,1,A 
bệ thờ,4,A,6.0,1, B,11.0,1, B
cung,4,A,10.0,1, B,0,0, 
trâu nước phi-líp-pin,4,A,8.0,1, B,0,0, 
đuổi,4,A,6.0,1, B,4.0,1, B
quí,4,A,14.0,1, B,7.0,8, B
quần,4,A,10.0,1, B,9.222222222222221,18,A B
chán,4,A,10.0,1, B,6.833333333333333,6, B
đập tràn,4,A,8.0,1, B,0,0, 
khâu,4,A,11.0,1, B,8.5,2, B
chạm,4,A,14.0,1, B,9.5,2, B
quân thù,4,A,6.0,1, B,22.0,1, B
tham,4,A,9.0,1, B,9.666666666666666,3, B
chúa tể,4,A,13.0,1, B,0,0, 
phạm vi,4,A,16.0,1, B,8.428571428571429,7,A B
giao,4,A,2.0,1,A ,0,0, 
xin chào,4,A,9.0,2,A B,0,0, 
phục,4,A,9.0,1, B,9.75,4, B
phủ tạng,4,A,7.0,1, B,7.0,2, B
ngực,4,A,11.0,1, B,0,0, 
dòng nước,4,A,8.0,1, B,10.0,6,A B
khí xả,4,A,4.5,2,A B,0,0, 
phím,4,A,4.0,1,A ,0,0, 
bươu,4,A,10.0,2, B,11.3,10,A B
vòng,4,A,8.0,1, B,4.666666666666667,3,A B
quang vinh,4,A,11.0,1, B,0,0, 
cước,4,A,5.0,1, B,17.0,1, B
bồ đào,4,A,11.0,1, B,12.0,24,A B
địa điểm cắm trại,4,A,3.0,1,A ,0,0, 
miệng,4,A,4.0,1,A ,3.0,1,A 
bề rộng ngón tay,4,A,10.0,1, B,0,0, 
vắng,4,A,10.0,1, B,7.666666666666667,3, B
buồng,4,A,6.0,1,A ,6.5,2, B
phẩm,4,A,13.0,1, B,14.08,25,A B
dứa,4,A,7.0,1, B,0,0, 
dãy,4,A,6.0,1, B,0,0, 
đấm,4,A,6.0,1, B,0,0, 
kích,4,A,7.0,1, B,0,0, 
suất,4,A,4.0,1, B,10.0,1, B
vùng mu,4,A,4.0,1,A ,0,0, 
ấn,4,A,5.0,1, B,3.5,2,A B
xáo,4,A,6.0,1, B,7.5,2, B
than,4,A,22.5,2, B,10.5,4, B
khúc,4,A,22.0,1, B,0,0, 
sự thấm,4,A,11.0,1, B,0,0, 
giây,4,A,13.0,1, B,9.0,1, B
byte,4,A,17.0,1, B,0,0, 
hang,4,A,4.0,1,A ,0,0, 
ám thinh,4,A,9.0,1, B,0,0, 
bán đấu giá,4,A,9.0,1, B,0,0, 
nhánh,4,A,3.0,1,A ,0,0, 
quét,4,A,8.0,1, B,0,0, 
canh,4,A,7.0,1, B,0,0, 
vách,4,A,13.0,1, B,0,0, 
va chạm,4,A,6.0,1, B,6.8,5, B
kem nướng bột tacta,4,A,4.0,1,A ,0,0, 
vặn,4,A,4.0,1,A ,0,0, 
giấu,4,A,8.0,1, B,7.777777777777778,9,A B
nốt nhạc,4,A,7.0,1, B,7.545454545454546,22, B
ngài,4,A,14.0,1, B,0,0, 
điểm,4,A,3.0,1,A ,0,0, 
chìm,4,A,4.0,1,A ,0,0, 
giầy,4,A,19.0,1, B,0,0, 
ấm,4,A,19.0,1, B,0,0, 
luật,4,A,7.0,1, B,10.75,8, B
bích,4,A,7.0,1, B,0,0, 
pan,4,A,14.0,1, B,8.5,6,A B
giáp,4,A,7.0,1, B,10.727272727272727,22, B
vươn tới,4,A,6.0,1, B,0,0, 
dự liệu,4,A,6.0,1, B,0,0, 
sự đề cao,4,A,8.0,1, B,10.0,5, B
chĩa,4,A,8.0,1, B,0,0, 
tháo,4,A,7.0,1, B,0,0, 
bại liệt,4,A,12.0,1, B,12.090909090909092,11, B
chí nguyện,4,A,8.0,1, B,14.166666666666666,6, B
khớp,4,A,11.0,1, B,8.666666666666666,6,A B
đất,4,A,10.0,1, B,10.333333333333334,3, B
bản quán,4,A,12.0,1, B,14.717948717948717,39,A B
điểm đích,4,A,6.0,1, B,7.0,1, B
giọt,4,A,4.0,1,A ,0,0, 
giật,4,A,12.0,1, B,0,0, 
bào chế,4,A,12.0,1, B,0,0, 
chi trúc,4,A,11.0,1, B,0,0, 
kẻ xâm lăng,4,A,8.0,1, B,0,0, 
ăn trộm,4,A,7.0,1, B,7.0,1, B
năm,4,A,14.0,1, B,6.0,1, B
cốc,4,A,3.0,1,A ,0,0, 
thuẫn,4,A,4.0,1,A ,10.0,2, B
chớp,4,A,10.0,1, B,0,0, 
vâng,4,A,9.0,1, B,0,0, 
lông,4,A,7.0,1, B,0,0, 
mông,4,A,11.0,1, B,0,0, 
đốm,4,A,4.0,1,A ,11.3,10,A B
điên cuồng,4,A,7.0,1, B,12.5,2, B
phun,4,A,4.0,1,A ,0,0, 
chốn,4,A,5.0,1, B,6.6923076923076925,26,A B
lạch,4,A,8.0,1, B,0,0, 
liều,4,A,11.0,1, B,7.2,5,A B
ông trùm,4,A,9.0,1, B,13.0,1, B
sự lệch,4,A,12.0,1, B,0,0, 
dái,4,A,11.0,1, B,8.666666666666666,9, B
cong,4,A,7.0,1, B,0,0, 
phán,4,A,13.0,1, B,0,0, 
chốt pít-tông,4,A,8.0,1, B,0,0, 
nai,4,A,14.0,1, B,11.3125,16,A B
chăn,4,A,10.0,1, B,8.8,5,A B
không chặt,4,A,4.0,1,A ,0,0, 
khoảng,4,A,3.0,1,A ,5.785714285714286,14,A B
giai điệu,4,A,6.0,1, B,11.25,8,A B
lưỡi,4,A,8.0,1, B,0,0, 
sự chúc,4,A,12.0,1, B,0,0, 
lăng,4,A,6.0,2,A B,6.0,4, B
sự bất khả xâm phạm,4,A,8.0,1, B,13.0,4, B
chấp,4,A,4.0,1, B,0,0, 
buồng phổi,4,A,11.0,1, B,0,0, 
đường,4,A,3.0,1,A ,12.76923076923077,13, B
tiệc,4,A,9.0,1, B,15.25,16,A B
một bửng,4,A,6.0,1,A ,16.0,2, B
chán,4,A,10.0,1, B,6.833333333333333,6, B
bọc,4,A,15.0,1, B,0,0, 
chôn,4,A,4.0,1,A ,9.0,1, B
của,3,A,3.0,1,A ,10.818181818181818,22, B
thẻ,3,A,3.0,1,A ,11.0,1, B
một,3,A,4.0,1,A ,0,0, 
cho,3,A,8.0,1, B,8.0,7,A B
tiếp hợp,3,A,6.0,1, B,0,0, 
tôi,3,A,8.0,1, B,0,0, 
chi,3,A,6.0,1, B,0,0, 
năm,3,A,14.0,1, B,6.0,1, B
ví dụ,3,A,3.0,1,A ,0,0, 
tôn ông,3,A,8.0,1, B,0,0, 
anh tiền tệ đơn vị,3,A,11.0,1, B,9.0,2,A B
hai,3,A,5.0,1, B,10.5,2, B
chỉ,3,A,6.0,1, B,0,0, 
cung hoàng đạo,3,A,6.0,1, B,0,0, 
lên,3,A,6.0,1, B,7.0,4,A B
con,3,A,6.0,1, B,7.333333333333333,6,A B
nam,3,A,15.0,1, B,0,0, 
đây,3,A,4.0,1,A ,0,0, 
rồi,3,A,13.0,1, B,12.6,5, B
một người,3,A,5.0,1, B,0,0, 
nên,3,A,10.0,1, B,0,0, 
cao,3,A,7.0,1, B,0,0, 
lần,3,A,14.0,1, B,13.5,2, B
đầu,3,A,7.0,1, B,5.0,3,A B
cần,3,A,4.0,1,A ,7.5,2,A B
hay lắm,3,A,3.0,1,A ,0,0, 
lớn,3,A,5.0,1, B,6.166666666666667,6, B
trẻ,3,A,14.0,1, B,11.0,2, B
bạn,3,A,8.0,1, B,0,0, 
thế,3,A,14.0,1, B,0,0, 
học,3,A,7.0,1, B,0,0, 
đương sự,3,A,4.0,1, B,14.181818181818182,11,A B
lúc,3,A,8.0,1, B,13.666666666666666,3, B
chuyển,3,A,9.0,1, B,8.8,5,A B
đất,3,A,3.0,1,A ,9.096774193548388,31,A B
đều,3,A,7.0,1, B,0,0, 
tin,3,A,11.0,1,A ,10.571428571428571,7, B
tác phẩm văn học,3,A,6.0,1, B,16.0,1, B
giá,3,A,19.0,1, B,0,0, 
báo,3,A,3.0,1,A ,0,0, 
sao,3,A,7.0,1, B,9.0,1, B
hàng,3,A,8.0,1, B,11.142857142857142,7,A B
mặt,3,A,6.0,1, B,0,0, 
tay,3,A,3.0,1,A ,0,0, 
chị em ruột,3,A,3.0,1,A ,7.666666666666667,3,A B
lấy,3,A,7.0,1, B,7.0,2,A B
xếp đặt,3,A,3.0,1,A ,0,0, 
con bé,3,A,8.0,1, B,0,0, 
chỗ,3,A,10.0,1, B,12.533333333333333,15, B
những tên của các ngày trong tuần,3,A,7.0,1, B,9.0,2, B
tìm,3,A,7.0,1, B,0,0, 
tên,3,A,3.0,1,A ,8.5,2, B
máy,3,A,11.0,1, B,0,0, 
công dân,3,A,7.0,1, B,10.714285714285714,7, B
người da đen,3,A,10.0,1, B,0,0, 
sự ra hoa,3,A,13.0,1, B,0,0, 
cuối cùng,3,A,8.0,1, B,7.9,10,A B
lính trơn,3,A,7.0,1, B,0,0, 
mức,3,A,5.0,1, B,0,0, 
tiếng nói,3,A,5.0,1, B,0,0, 
mua,3,A,3.0,1,A ,17.333333333333332,3, B
phẩm cấp,3,A,6.0,1, B,9.75,4,A B
thời gian,3,A,3.0,1,A ,9.375,16,A B
sáng tác,3,A,6.0,1, B,9.794871794871796,39,A B
mắt,3,A,1.0,1,A ,0,0, 
ban,3,A,16.0,1, B,0,0, 
bán,3,A,18.0,1, B,0,0, 
mùa,3,A,14.0,1, B,11.764705882352942,17, B
mùa thu,3,A,3.0,1,A ,0,0, 
ủy ban nhân dân,3,A,8.0,1,A ,19.0,2, B
cây hồng,3,A,8.0,1, B,4.333333333333333,3,A B
sơn,3,A,7.0,1, B,0,0, 
lớp phủ,3,A,5.0,1, B,0,0, 
bài,3,A,5.0,1, B,9.0,2, B
hình ảnh,3,A,17.0,1, B,0,0, 
đêm,3,A,14.0,1, B,10.5,2, B
mất,3,A,5.0,1,A ,0,0, 
ông chủ,3,A,9.0,1, B,12.8,10, B
vòm cây,3,A,6.0,1, B,0,0, 
tây,3,A,15.0,1, B,0,0, 
bàn ăn,3,A,19.0,1, B,20.0,1, B
giam,3,A,6.0,1, B,7.666666666666667,3,A B
phong lan,3,A,6.0,1, B,13.218390804597702,87,A B
đấu,3,A,17.0,1, B,0,0, 
khu,3,A,15.0,1, B,0,0, 
cương vị,3,A,8.0,1, B,0,0, 
tâm thần,3,A,8.0,1, B,8.8,5, B
nguyên nhân,3,A,7.0,1, B,0,0, 
sự đau buồn,3,A,4.0,1, B,0,0, 
phồn thịnh,3,A,10.0,1, B,15.5,2, B
bắt,3,A,7.0,1, B,7.0,2, B
sân,3,A,10.0,1, B,10.5,4, B
tuổi thọ,3,A,14.0,1, B,7.0,1, B
điểm đánh dấu,3,A,22.0,1, B,9.0,2, B
dẫn,3,A,14.0,1, B,9.0,1, B
thơ ca,3,A,8.0,1, B,7.5,2, B
quí nương,3,A,5.0,1, B,11.076923076923077,26,A B
câu,3,A,7.0,1, B,12.38888888888889,18,A B
bắc,3,A,15.0,1, B,0,0, 
cần,3,A,4.0,1,A ,7.5,2,A B
nhóm hồi giáo vũ trang,3,A,0,0, ,0,0, 
kéo,3,A,12.5,2, B,8.0,3, B
vài,3,A,22.0,1, B,0,0, 
quả,3,A,10.0,1, B,22.0,2, B
chí khí,3,A,7.0,1, B,0,0, 
bản sắc,3,A,14.0,1, B,8.777777777777779,9, B
biền ngẫu,3,A,3.0,1,A ,13.0,1, B
hồi,3,A,3.0,1,A ,0,0, 
chim chả cá,3,A,13.0,1, B,15.0,3, B
nhờ,3,A,5.0,1, B,0,0, 
sức,3,A,7.0,1, B,0,0, 
hàn,3,A,4.0,1,A ,8.5,2, B
cửa,3,A,8.0,1, B,0,0, 
mức sàn,3,A,10.0,1, B,10.5,2, B
để,3,A,7.0,1, B,6.0,1, B
bãi,3,A,13.0,1, B,7.0,1, B
tâm,3,A,7.0,1, B,0,0, 
thuyền,3,A,20.0,1, B,0,0, 
chán chê,3,A,7.0,1, B,0,0, 
bợn,3,A,20.0,1, B,7.0,2,A B
tập,3,A,9.0,1, B,8.642857142857142,14,A B
pha,3,A,9.0,1, B,12.5,2, B
áo,3,A,6.0,1, B,0,0, 
đó,3,A,4.0,1,A ,0,0, 
chi,3,A,5.0,1, B,4.666666666666667,3,A B
cha đẻ,3,A,6.0,1, B,2.75,4,A B
phế bào,3,A,3.0,1,A ,7.0,1, B
gió,3,A,8.0,1, B,8.7,30,A B
đại,3,A,14.0,1, B,0,0, 
lá đơn,3,A,8.0,1, B,13.25,4, B
mày,3,A,5.0,1, B,14.0,1, B
quý,3,A,14.0,1, B,0,0, 
bốn,3,A,5.0,1, B,0,0, 
kim,3,A,6.0,1, B,0,0, 
nổi,3,A,7.0,1, B,0,0, 
kết nối,3,A,16.0,1, B,7.5,2,A B
máu,3,A,3.0,1,A ,0,0, 
mẫu,3,A,4.0,1,A ,0,0, 
môn,3,A,0,0, ,0,0, 
hổ,3,A,6.0,1, B,7.0,3, B
pha,3,A,14.0,1, B,13.0,21,A B
bọn bạn,3,A,9.0,1, B,0,0, 
phá,3,A,2.0,1,A ,11.0,1, B
giấc ngủ,3,A,11.0,1, B,0,0, 
lòng thương cảm,3,A,9.0,1, B,0,0, 
người cầm lái,3,A,12.0,1, B,13.428571428571429,14, B
vai,3,A,11.0,1, B,0,0, 
tấn,3,A,15.0,1, B,0,0, 
lực,3,A,14.0,1, B,8.0,19, B
chợ ngoài trời,3,A,9.0,1, B,10.666666666666666,3, B
bao,3,A,2.0,1,A ,0,0, 
đào,3,A,8.0,1, B,0,0, 
đau,3,A,10.0,1, B,9.682926829268293,41,A B
sự ca,3,A,6.0,1, B,9.0,2, B
phiến,3,A,4.0,1,A ,14.0,3, B
đổi,3,A,4.0,1,A ,7.0,2, B
chữ,3,A,18.0,1, B,0,0, 
bay,3,A,9.0,1, B,8.4,5,A B
thế thủ,3,A,6.0,1, B,0,0, 
thử,3,A,3.0,1,A ,0,0, 
suýt,3,A,4.0,1,A ,0,0, 
phủ,3,A,6.0,1, B,0,0, 
dải băng,3,A,5.0,1, B,4.0,1,A 
tối,3,A,12.0,1, B,0,0, 
lối,3,A,2.0,1,A ,0,0, 
thư,3,A,6.0,2, B,11.5625,16,A B
hơi,3,A,6.0,1, B,7.0,2, B
dầu thô,3,A,18.5,2,A B,6.0,1, B
mối,3,A,8.0,1, B,23.833333333333332,6, B
ông bô,3,A,5.0,1, B,0,0, 
tim,3,A,4.0,1,A ,10.8,10, B
hợp,3,A,13.0,1, B,9.0,4,A B
cầm,3,A,10.0,1, B,0,0, 
bì,3,A,3.0,1,A ,7.756756756756757,37,A B
vật thể,3,A,13.0,1, B,5.25,4,A B
quê,3,A,5.0,1, B,0,0, 
góc,3,A,11.0,1, B,8.212121212121213,33,A B
cắt,3,A,8.0,1, B,0,0, 
giữa,3,A,10.0,1, B,0,0, 
bệnh nấm ngoài da,3,A,11.0,1, B,11.125,8, B
phúc đáp,3,A,7.0,1, B,15.5,2, B
chú,3,A,10.0,1, B,6.0,1, B
đảo nhau,3,A,12.0,1, B,0,0, 
giữa,3,A,10.0,1, B,0,0, 
đàn,3,A,3.0,1,A ,0,0, 
tiền,3,A,4.0,1,A ,0,0, 
cam,3,A,9.0,1, B,11.75,4, B
suy đồi,3,A,7.0,1, B,0,0, 
đài,3,A,4.0,1,A ,7.5,2,A B
phó,3,A,5.0,1, B,11.208333333333334,24,A B
bóng tối,3,A,3.0,1,A ,0,0, 
cột,3,A,3.0,1,A ,0,0, 
tiếng kêu,3,A,7.0,1, B,10.238095238095237,21, B
kết,3,A,11.0,1, B,0,0, 
mắc,3,A,8.0,1, B,0,0, 
yên,3,A,20.0,1, B,0,0, 
tiền,3,A,4.0,1,A ,0,0, 
tháo,3,A,7.0,1, B,0,0, 
lửa,3,A,7.0,1, B,0,0, 
bữa,3,A,15.0,1, B,11.0,1, B
biền ngẫu,3,A,3.0,1,A ,13.0,1, B
lai,3,A,5.0,1,A ,0,0, 
buổi,3,A,12.0,1, B,10.428571428571429,7, B
mạch khoáng,3,A,13.0,1, B,13.0,1, B
bạc,3,A,8.5,2, B,19.0,1, B
nét,3,A,5.0,1, B,0,0, 
tết,3,A,4.0,1,A ,0,0, 
khí,3,A,11.0,1, B,7.589743589743589,39,A B
cơn,3,A,14.0,1, B,0,0, 
dĩa,3,A,13.0,1, B,11.73758865248227,141,A B
nền,3,A,6.0,1, B,8.0,1, B
khí,3,A,9.0,1, B,0,0, 
mũi,3,A,6.0,1, B,0,0, 
mặc,3,A,8.0,1, B,0,0, 
chứng tật,3,A,14.0,1, B,9.666666666666666,3, B
hạn chót,3,A,8.0,1, B,10.0,1, B
căn,3,A,4.0,1, B,15.363636363636363,11, B
đất cát,3,A,3.0,1,A ,0,0, 
mây,3,A,14.0,1, B,8.333333333333334,6, B
lông,3,A,11.0,1, B,7.066666666666666,15,A B
mẩu,3,A,7.0,1, B,8.0,5,A B
sáu,3,A,5.0,1, B,0,0, 
ga,3,A,4.0,1,A ,9.0,5,A B
ca,3,A,2.0,1,A ,0,0, 
vay,3,A,8.0,1, B,5.0,1, B
u,3,A,9.0,1, B,0,0, 
cứu,3,A,9.0,1, B,0,0, 
rơi,3,A,8.0,2, B,9.0,3, B
chiều dài,3,A,11.0,3, B,8.2,5, B
dịp,3,A,3.0,1,A ,6.0,1, B
chúa tể,3,A,13.0,1, B,0,0, 
lao,3,A,17.0,1, B,6.2,5, B
tai biến,3,A,6.0,1, B,8.777777777777779,9, B
đặc,3,A,7.0,1, B,9.4,10, B
cùng tận,3,A,9.0,1, B,0,0, 
phi,3,A,0,0, ,0,0, 
bảy,3,A,5.0,1, B,0,0, 
gấp,3,A,7.0,1, B,8.5,2, B
nhóm,3,A,5.0,1, B,8.851851851851851,27,A B
bợn,3,A,20.0,1, B,7.0,2,A B
đẩy,3,A,5.0,1, B,0,0, 
hút,3,A,15.0,1, B,0,0, 
rơi,3,A,8.0,2, B,9.0,3, B
đĩnh,3,A,10.0,1, B,0,0, 
khoảng thời gian năm năm,3,A,6.0,1, B,0,0, 
thở,3,A,8.0,1, B,4.0,2,A B
sắc,3,A,12.0,1, B,0,0, 
khô,3,A,4.0,1,A ,10.333333333333334,6, B
bậc,3,A,6.0,1, B,0,0, 
thẻ,3,A,3.0,1,A ,11.0,1, B
phí,3,A,9.0,1, B,0,0, 
xếp đặt,3,A,3.0,1,A ,0,0, 
ánh sáng,3,A,22.0,1, B,12.0,1, B
đĩa,3,A,8.0,1, B,5.0,2,A B
chầu chực,3,A,13.0,1, B,0,0, 
ma kiết,3,A,0,0, ,0,0, 
bát,3,A,5.0,1, B,0,0, 
con cái,3,A,10.0,1, B,0,0, 
bắn,3,A,8.0,1, B,12.0,1, B
ngô,3,A,3.0,1,A ,0,0, 
buộc,3,A,6.0,1, B,5.142857142857143,7,A B
dầm,3,A,3.0,1,A ,0,0, 
vạn,3,A,11.0,1, B,0,0, 
môi,3,A,14.0,1, B,6.0,2, B
ngày xưa,3,A,6.0,1, B,0,0, 
đập,3,A,3.0,1,A ,0,0, 
phạm vi,3,A,16.0,1, B,8.428571428571429,7,A B
chè,3,A,6.0,1, B,0,0, 
bã,3,A,7.0,1, B,0,0, 
chở,3,A,8.0,1, B,0,0, 
sữa,3,A,6.0,1, B,0,0, 
tôm,3,A,6.0,1, B,7.0,1, B
dostoyevsky,3,A,0,0, ,0,0, 
trò vui,3,A,7.0,1, B,15.333333333333334,9,A B
cảm,3,A,3.0,1,A ,0,0, 
hàm,3,A,13.0,1, B,10.545454545454545,11,A B
đại biểu,3,A,12.0,1, B,0,0, 
bè lũ,3,A,3.0,1,A ,13.0,2, B
bụi,3,A,7.0,1, B,18.0,1, B
hạt đậu phộng,3,A,10.0,1, B,0,0, 
bom,3,A,3.0,1,A ,0,0, 
đáy,3,A,7.0,1, B,0,0, 
khuyết tật,3,A,14.0,1, B,23.5,2, B
van,3,A,6.0,1, B,12.0,3, B
sắt,3,A,7.0,1, B,7.363636363636363,11,A B
vữa,3,A,9.5,2, B,8.5,6,A B
hộp,3,A,19.0,1, B,0,0, 
trường thọ,3,A,6.0,1, B,0,0, 
tần số,3,A,5.0,1, B,9.428571428571429,7,A B
cốc,3,A,3.0,1,A ,0,0, 
vết lằn,3,A,11.0,1, B,0,0, 
bìa,3,A,8.5,2,A B,10.0,6,A B
chỉnh phong,3,A,7.0,1, B,6.4,5, B
lúa,3,A,6.0,1, B,0,0, 
khổ,3,A,4.0,1,A ,0,0, 
frostweed,3,A,13.0,1, B,0,0, 
lợi nhuận,3,A,7.0,1, B,12.333333333333334,9, B
tạm ứng,3,A,6.0,1, B,0,0, 
nữ hoàng,3,A,7.0,1, B,0,0, 
gạo,3,A,6.0,1, B,0,0, 
cáp,3,A,10.0,1, B,9.4,5, B
bơm,3,A,12.0,1, B,8.294117647058824,17, B
quỹ,3,A,6.0,1, B,0,0, 
niềm vui,3,A,18.0,1, B,0,0, 
vải,3,A,8.0,1, B,0,0, 
đầu óc,3,A,12.0,1,A ,0,0, 
cân,3,A,12.0,1, B,0,0, 
tre,3,A,9.0,1, B,7.142857142857143,7,A B
vợt,3,A,6.0,1, B,0,0, 
bia,3,A,3.0,1,A ,9.666666666666666,6, B
giảm,3,A,4.0,1,A ,9.0,1, B
lọc,3,A,3.0,1,A ,0,0, 
sợi mỏng,3,A,7.0,1, B,7.0,7, B
xóm,3,A,4.0,1,A ,12.333333333333334,3, B
dao,3,A,15.0,1, B,8.578947368421053,19,A B
phù thũng,3,A,4.0,1,A ,11.25,8, B
đếm,3,A,13.0,1,A ,9.285714285714286,7, B
màn,3,A,11.0,1, B,0,0, 
cánh quân,3,A,6.0,1, B,10.75,4, B
đâm,3,A,9.0,1, B,6.0,1, B
đậu hạt,3,A,3.0,1,A ,9.428571428571429,7,A B
rửa vết thương,3,A,10.0,1, B,6.0,4,A B
bao,3,A,2.0,1,A ,0,0, 
che,3,A,5.0,1, B,9.0,1, B
bến bờ,3,A,3.0,1,A ,0,0, 
nút,3,A,6.0,1, B,0,0, 
chớp nhoáng,3,A,10.0,1, B,0,0, 
dải,3,A,7.0,1, B,0,0, 
bang,3,A,4.0,1,A ,10.9375,32,A B
quà,3,A,6.0,1, B,8.666666666666666,3, B
hồn,3,A,7.0,1, B,0,0, 
búp,3,A,9.0,1, B,4.666666666666667,3,A B
kho,3,A,19.0,1, B,0,0, 
cáo,3,A,4.0,1, B,0,0, 
tiếp đất,3,A,10.0,1, B,0,0, 
dấu hiệu,3,A,12.0,1, B,0,0, 
gã,3,A,7.0,1, B,0,0, 
sen,3,A,13.0,1, B,0,0, 
cồn,3,A,3.0,1,A ,12.0,3, B
chén,3,A,19.0,1, B,0,0, 
byte,3,A,17.0,1, B,0,0, 
song,3,A,3.0,1,A ,0,0, 
bao bọc,3,A,4.0,1,A ,0,0, 
phao phí,3,A,8.0,1, B,10.285714285714286,7, B
sinh viên,3,A,12.0,1, B,14.35,20, B
viên,3,A,4.0,1,A ,14.25,4, B
lào,3,A,0,0, ,0,0, 
trừ,3,A,4.0,1,A ,10.5,2, B
hạ xuống,3,A,8.0,1, B,0,0, 
lậu,3,A,11.0,1, B,0,0, 
hầm,3,A,7.0,1, B,10.5,2, B
lạch,3,A,8.0,1, B,0,0, 
tiếng sét,3,A,3.0,1,A ,0,0, 
mục,3,A,9.0,1, B,0,0, 
bột,3,A,7.0,1, B,0,0, 
mật,3,A,13.0,1, B,0,0, 
xe ô tô,3,A,10.0,1, B,9.709677419354838,31,A B
bếp,3,A,8.0,1, B,6.571428571428571,7, B
sườn,3,A,9.0,1, B,0,0, 
dốc,3,A,8.0,1, B,0,0, 
rau,3,A,7.0,1, B,9.75,4, B
gối,3,A,3.0,1,A ,5.5,2, B
hôn,3,A,4.0,1,A ,12.0,2, B
ném,3,A,9.0,1, B,20.0,1, B
nhảy,3,A,4.0,1,A ,11.0,1, B
đầm,3,A,5.0,1, B,5.0,1, B
bếp núc,3,A,16.0,1, B,5.818181818181818,11,A B
dây,3,A,8.0,1, B,0,0, 
cuộc hẹn,3,A,9.0,1, B,13.0,1, B
hươu sambar,3,A,3.0,1,A ,0,0, 
chó,3,A,6.0,1, B,0,0, 
tia,3,A,5.0,1,A ,0,0, 
đất,3,A,7.0,1, B,0,0, 
béo phì,3,A,3.0,1,A ,11.0,3, B
khoảng,3,A,3.0,1,A ,5.785714285714286,14,A B
mực,3,A,6.0,1, B,0,0, 
mềm,3,A,7.0,1, B,0,0, 
bão,3,A,6.0,1, B,0,0, 
nóng,3,A,6.0,1, B,0,0, 
cẩm,3,A,6.0,1, B,0,0, 
làn,3,A,10.0,1, B,0,0, 
tắm,3,A,15.0,1, B,7.666666666666667,6,A B
cột,3,A,3.0,1,A ,0,0, 
phủ,3,A,18.0,1, B,7.0588235294117645,17,A B
trèo,3,A,3.0,1,A ,11.25,4, B
vực,3,A,7.0,1, B,0,0, 
con dâu,3,A,13.0,1, B,0,0, 
rượt,3,A,6.0,1, B,9.666666666666666,3, B
mặc,3,A,8.0,1, B,0,0, 
say,3,A,10.0,1, B,0,0, 
quán chợ,3,A,5.0,1, B,8.941176470588236,17,A B
gan,3,A,7.0,1, B,9.25,4, B
cắm,3,A,3.0,1,A ,0,0, 
lăn,3,A,3.0,1,A ,0,0, 
tập trung,3,A,6.0,1, B,0,0, 
mét,3,A,8.0,1, B,0,0, 
rìa,3,A,4.0,1,A ,0,0, 
đạn,3,A,7.0,1, B,7.0,4,A B
dãy,3,A,6.0,1, B,0,0, 
đường móc,3,A,9.0,1, B,7.0,1, B
thợ,3,A,3.0,1,A ,10.833333333333334,6, B
dàn,3,A,10.0,1, B,13.0,1, B
nệm,3,A,6.0,1, B,11.125,8,A B
rắn,3,A,21.0,1, B,6.5,6, B
tựa,3,A,4.0,1,A ,7.428571428571429,7, B
canh phòng,3,A,14.0,1, B,0,0, 
ước muốn,3,A,8.0,1, B,11.0,1, B
bận rộn,3,A,8.0,1, B,0,0, 
mía,3,A,9.0,1, B,6.0,1, B
dứt,3,A,8.0,1, B,0,0, 
bần bật,3,A,15.0,1, B,8.0,2, B
phúc phận,3,A,8.0,1, B,9.75,4, B
bẻ khục,3,A,6.0,1, B,0,0, 
cúp,3,A,7.0,1, B,14.0,2, B
can,3,A,19.0,1, B,0,0, 
séc,3,A,12.0,1, B,0,0, 
cốc,3,A,3.0,1,A ,0,0, 
cỏ rác,3,A,6.0,1, B,7.333333333333333,3, B
hẹp,3,A,8.0,1, B,0,0, 
củi,3,A,9.0,1, B,10.25,4, B
kéo,3,A,7.0,1, B,0,0, 
thuẫn,3,A,4.0,1,A ,10.0,2, B
tầng,3,A,6.0,1, B,6.6,5, B
bấm,3,A,10.0,1, B,6.0,1, B
bút,3,A,6.0,1, B,8.375,8,A B
vị trí đứng gác,3,A,3.0,1,A ,11.0,3, B
mốc,3,A,6.0,1, B,13.0,1, B
trạng thái quanh co,3,A,11.0,1, B,0,0, 
đền bách thần,3,A,6.0,1, B,0,0, 
tin tưởng,3,A,5.0,1, B,0,0, 
lô,3,A,5.0,1, B,2.0,1,A 
uốn,3,A,12.0,1, B,8.0,1, B
tập tục,3,A,6.0,1, B,10.0,3,A B
ram,3,A,12.0,1, B,0,0, 
ram,3,A,12.0,1, B,0,0, 
cửu,3,A,5.0,1, B,0,0, 
hào,3,A,16.0,1, B,0,0, 
nấm,3,A,3.0,1,A ,0,0, 
lội,3,A,4.0,1, B,0,0, 
men,3,A,4.0,1,A ,8.333333333333334,3, B
rét,3,A,9.0,2, B,10.5,4, B
bao bọc,3,A,4.0,1,A ,0,0, 
năm,3,A,5.0,1, B,0,0, 
run,3,A,6.0,1, B,0,0, 
đất bồi,3,A,3.0,1,A ,0,0, 
mác,3,A,0,0, ,0,0, 
ngôn ngữ tự nhiên,3,A,7.0,1, B,14.227272727272727,22, B
cai,3,A,12.0,1, B,10.0,2, B
cáy,3,A,22.0,1, B,10.0,11, B
yết hầu,3,A,13.0,1, B,0,0, 
cải biến,3,A,5.0,1, B,11.0,2, B
tàn,3,A,10.0,1, B,5.5,2,A B
lừa,3,A,6.0,1, B,6.0,2, B
lợn,3,A,6.0,1, B,7.0,1, B
voi,3,A,14.0,1, B,0,0, 
toa hành khách,3,A,3.0,1,A ,10.166666666666666,6, B
râm rấp,3,A,5.0,1, B,13.0,2, B
vành,3,A,13.0,1, B,0,0, 
chặn,3,A,8.0,1, B,8.5,2, B
đồ đất nung,3,A,5.0,1, B,7.6,5, B
dải,3,A,7.0,1, B,0,0, 
phản hồi,3,A,7.0,1, B,7.0,1, B
lật,3,A,8.0,1, B,0,0, 
để,2,A,7.0,1, B,6.0,1, B
quang chất,2,A,7.0,1, B,0,0, 
đó,2,A,4.0,1,A ,0,0, 
từ,2,A,17.0,1, B,0,0, 
đi,2,A,16.0,1, B,0,0, 
bì,2,A,3.0,1,A ,7.756756756756757,37,A B
phúc phận,2,A,8.0,1, B,9.75,4, B
cả,2,A,3.0,1,A ,0,0, 
kết tụ,2,A,4.0,1,A ,9.548387096774194,93,A B
phẩm cấp,2,A,5.0,1, B,8.545454545454545,11,A B
tantan,2,A,7.0,1, B,0,0, 
o,2,A,20.0,1, B,0,0, 
đơn vị pica,2,A,10.0,1, B,0,0, 
bà,2,A,2.0,1,A ,0,0, 
loạt,2,A,4.0,1,A ,0,0, 
một thị trấn ở tây bắc bang michigan,2,A,0,0, ,0,0, 
hà,2,A,4.0,1,A ,5.0,2, B
bari,2,A,7.0,1, B,5.0,1,A 
bạch cúc,2,A,9.0,1, B,0,0, 
xê-non,2,A,7.0,2, B,0,0, 
xê-non,2,A,7.0,2, B,0,0, 
cữ,2,A,10.0,1, B,11.0,1, B
ăn,2,A,2.0,1,A ,7.866666666666666,15,A B
an,2,A,2.0,1,A ,8.666666666666666,3, B
hồ,2,A,7.0,1, B,0,0, 
lê,2,A,8.0,1, B,0,0, 
rõ,2,A,4.0,1,A ,0,0, 
cấp bậc,2,A,9.0,1, B,7.8,10,A B
đá,2,A,7.0,1, B,8.5,4, B
bỏ,2,A,6.0,1, B,8.0,1, B
xóm,2,A,4.0,1,A ,12.333333333333334,3, B
mở,2,A,13.0,1, B,4.0,1,A 
vài,2,A,22.0,1, B,0,0, 
mùa,2,A,14.0,1, B,11.0,9, B
trẻ nhỏ,2,A,3.0,1,A ,14.0,9, B
cổ,2,A,14.0,1, B,4.0,1, B
người đàn bà,2,A,5.0,1, B,0,0, 
da,2,A,9.0,1, B,8.153846153846153,26,A B
lý,2,A,10.0,1, B,0,0, 
ô,2,A,10.0,1, B,0,0, 
tỷ,2,A,5.0,1, B,0,0, 
dễ,2,A,7.0,1, B,11.333333333333334,6, B
nấm ngựa,2,A,6.0,1, B,0,0, 
vị ngon,2,A,2.0,1,A ,5.5,2, B
vỏ bọc,2,A,13.0,1, B,6.25,24,A B
hoa trà my,2,A,6.0,1, B,6.0,1, B
nhà,2,A,3.5,2,A B,10.74074074074074,27, B
ca,2,A,2.0,1,A ,0,0, 
lực đẩy,2,A,6.0,1, B,0,0, 
không khí,2,A,7.0,1, B,11.333333333333334,3, B
nhân vật,2,A,4.0,1, B,0,0, 
lông,2,A,13.0,2, B,7.875,8, B
ông bô,2,A,5.0,1, B,0,0, 
ngưỡng,2,A,4.0,1,A ,0,0, 
cơ,2,A,16.0,1, B,9.0,2,A B
đo,2,A,8.0,1, B,12.567567567567568,37,A B
giảm,2,A,9.0,1, B,9.25,8,A B
inđi,2,A,7.0,1, B,0,0, 
lá,2,A,5.0,1, B,6.0,1, B
án quyết,2,A,7.0,1, B,18.4,5, B
hàng,2,A,7.0,1, B,8.25,4, B
gà choai,2,A,10.0,1, B,11.5,6, B
cớm,2,A,8.0,1, B,0,0, 
gã,2,A,2.0,1,A ,0,0, 
một nghìn gram,2,A,15.0,1, B,3.0,1,A 
lễ kỷ niệm,2,A,3.0,1,A ,10.571428571428571,14, B
đánh vật,2,A,8.0,1, B,0,0, 
đề,2,A,5.0,1, B,0,0, 
hệ,2,A,4.0,1,A ,0,0, 
rạc,2,A,10.0,1, B,8.2,5, B
mực nho,2,A,3.0,1,A ,0,0, 
tờ,2,A,6.0,1, B,6.333333333333333,3,A B
tổ,2,A,13.0,1, B,0,0, 
sự lăng mạ,2,A,13.0,1, B,11.2,5, B
ra công,2,A,8.0,1, B,8.157894736842104,19,A B
ám số,2,A,9.0,1, B,8.4,10,A B
hề,2,A,11.0,1, B,6.75,4, B
vé,2,A,16.0,1, B,8.125,8, B
sáu,2,A,5.0,1, B,0,0, 
củi,2,A,17.0,1, B,9.010989010989011,91,A B
âm,2,A,14.0,1, B,20.0,1, B
âm mưu,2,A,8.0,1, B,5.333333333333333,3, B
phần mộ,2,A,7.0,1, B,4.5,2,A B
ấn,2,A,0,0, ,0,0, 
cú,2,A,8.0,1, B,10.428571428571429,7, B
đẻ,2,A,2.0,1,A ,0,0, 
lỗ,2,A,2.0,1,A ,0,0, 
bác học,2,A,11.0,1, B,12.90625,32,A B
lở,2,A,10.0,1, B,6.0,2, B
lịch sử,2,A,6.0,1, B,11.285714285714286,7, B
mơ,2,A,8.0,1, B,8.0,3, B
thầy chùa,2,A,9.0,1, B,12.666666666666666,3, B
lantan,2,A,7.0,1, B,0,0, 
sự nổ,2,A,5.0,1,A ,10.428571428571429,7,A B
bò tót,2,A,2.0,1,A ,8.0,1, B
gạt đỡ,2,A,4.0,1,A ,0,0, 
cờ hiệu,2,A,22.0,1, B,11.0,3, B
biển cả,2,A,20.0,1, B,0,0, 
cỏ lúa mạch,2,A,7.0,1, B,0,0, 
cốc,2,A,19.0,1, B,0,0, 
nợ nần,2,A,12.0,1, B,0,0, 
ôm,2,A,19.0,1, B,0,0, 
bá,2,A,8.0,1, B,12.666666666666666,9, B
hè,2,A,6.0,1, B,16.0,1, B
phỉ,2,A,13.0,1, B,11.25,4, B
miliampe,2,A,11.0,1, B,0,0, 
lũ,2,A,18.0,1, B,0,0, 
êm ấm,2,A,5.0,1, B,0,0, 
câu thúc,2,A,8.0,1, B,31.0,1, B
cây đa,2,A,5.0,1, B,0,0, 
chuyển dịch,2,A,7.0,1, B,9.0,2, B
đô la hoa kỳ,2,A,11.0,1, B,10.391304347826088,23,A B
rạ,2,A,17.0,1, B,6.0,1, B
cacbon mônôxit,2,A,7.0,1,A ,0,0, 
mổ,2,A,15.0,1, B,14.3125,64,A B
lưng,2,A,11.0,1, B,0,0, 
phòi,2,A,12.0,1, B,10.571428571428571,7, B
bát chiết yêu,2,A,13.0,1, B,0,0, 
khu vực,2,A,4.0,1,A ,8.696969696969697,33,A B
cà tím,2,A,7.0,1, B,0,0, 
nhôm,2,A,7.0,1, B,8.0,2, B
một trăm nghìn gram,2,A,15.0,1, B,0,0, 
curi,2,A,7.0,1, B,0,0, 
hở,2,A,4.0,1,A ,0,0, 
xem như rác,2,A,10.0,1, B,0,0, 
vâng,2,A,9.0,1, B,0,0, 
tràng,2,A,3.0,1,A ,0,0, 
lò,2,A,8.0,1, B,6.4,5, B
dặm,2,A,32.0,1, B,0,0, 
căn do,2,A,10.0,1, B,0,0, 
cadmi,2,A,7.0,1, B,0,0, 
ân,2,A,10.0,1, B,0,0, 
ameriđi,2,A,7.0,1, B,0,0, 
đáy,2,A,7.0,1, B,0,0, 
delaware,2,A,0,0, ,0,0, 
cái chèn,2,A,4.0,1,A ,13.0,1, B
sổ,2,A,11.0,1, B,0,0, 
ki-lô-mét,2,A,8.0,1, B,0,0, 
o,2,A,13.0,1, B,8.5,2, B
phía,2,A,6.0,1, B,8.222222222222221,9,A B
tô,2,A,3.0,1,A ,0,0, 
mụ,2,A,15.0,1, B,0,0, 
xô,2,A,19.0,1, B,0,0, 
bảo mẫu,2,A,4.0,1, B,0,0, 
honmi,2,A,7.0,1, B,0,0, 
nữ tu,2,A,4.0,1, B,0,0, 
hố,2,A,11.0,1, B,4.5,2,A B
bồ,2,A,19.0,1, B,0,0, 
mỡ,2,A,7.0,2, B,14.0,1, B
mũ,2,A,19.0,1, B,0,0, 
hạt,2,A,15.0,1, B,0,0, 
cồn,2,A,3.0,1,A ,12.0,3, B
bệnh tả,2,A,17.0,1, B,0,0, 
đẻ,2,A,14.0,1, B,10.0,1, B
kỷ,2,A,14.0,1, B,12.0,1, B
lồi,2,A,6.0,1, B,9.0,1, B
mất,2,A,5.0,1,A ,0,0, 
vỉa,2,A,7.0,1, B,7.0,1, B
bù,2,A,8.0,1, B,0,0, 
mờ,2,A,10.0,1, B,0,0, 
tơ tằm,2,A,10.0,1, B,0,0, 
em,2,A,5.0,1, B,0,0, 
cỡ,2,A,9.0,1, B,0,0, 
mi-li-mét,2,A,8.0,1, B,0,0, 
ga,2,A,34.0,1, B,0,0, 
tủ hốc tường,2,A,7.0,1, B,12.0,4, B
aoxơ,2,A,21.0,1, B,0,0, 
ấp,2,A,7.0,1, B,0,0, 
rẽ,2,A,7.0,1, B,0,0, 
sứ giả,2,A,7.0,1, B,0,0, 
hổ,2,A,6.0,1, B,7.0,3, B
a-xen,2,A,8.0,1, B,0,0, 
bò con,2,A,9.0,1, B,17.5,2, B
quạ cái,2,A,9.0,1, B,8.0,1, B
gõ,2,A,14.0,1, B,9.0,1, B
vơginia,2,A,0,0, ,0,0, 
râm rấp,2,A,5.0,1, B,13.0,2, B
hê-li,2,A,7.0,2, B,0,0, 
hê-li,2,A,7.0,2, B,0,0, 
bộ,2,A,5.0,1, B,6.0,2, B
chẻ,2,A,8.0,1, B,0,0, 
ở,1,A,8.0,1, B,6.0,2, B
vi-ta-min a,1,A,25.0,1, B,10.0,2, B
ý,1,A,5.0,1, B,8.916666666666666,12,A B
ytri,1,A,7.0,1, B,0,0, 
ô,1,A,10.0,1, B,0,0, 
ô,1,A,10.0,1, B,0,0, 
vi-ta-min e,1,A,20.5,2, B,16.0,1,A 
u-ran,1,A,7.0,1, B,15.0,2, B
lô,1,A,5.0,1, B,2.0,1,A 
