trung học phổ thông,19,B,12.0,1, B,0,0, 
điện thoại di động,18,B,16.0,1, B,0,0, 
kinh tế thị trường,18,B,13.0,1, B,13.0,1, B
công nghệ sinh học,18,B,13.0,1, B,30.5,2, B
cơ quan chức năng,17,B,14.0,1, B,22.296875,64,A B
hội đồng nhân dân,17,B,9.0,1, B,0,0, 
vũ khí hạt nhân,15,B,20.0,1, B,14.333333333333334,3, B
bảo hiểm xã hội,15,B,12.0,1, B,16.666666666666668,3, B
an sinh xã hội,14,B,9.0,1, B,13.333333333333334,3, B
cơ sở hạ tầng,13,B,7.0,1, B,0,0, 
cơ sở dữ liệu,13,B,11.0,1,A ,13.666666666666666,3, B
thanh thiếu niên,16,B,8.5,2, B,0,0, 
phim truyền hình,16,B,7.0,1, B,0,0, 
kênh truyền hình,16,B,13.0,1, B,0,0, 
tình nguyện viên,16,B,8.0,1, B,24.666666666666668,3, B
đài truyền hình,15,B,22.0,1, B,4.0,1,A 
người phát ngôn,15,B,13.0,1, B,12.5,6, B
nghiên cứu sinh,15,B,8.0,1, B,0,0, 
chánh văn phòng,15,B,10.0,1, B,12.0,5, B
huấn luyện viên,15,B,8.0,1, B,0,0, 
liên hiệp quốc,14,B,7.0,1, B,0,0, 
sách giáo khoa,14,B,4.0,1,A ,10.75,4,A B
sốt xuất huyết,14,B,19.0,1, B,17.833333333333332,6, B
trang thiết bị,14,B,15.0,1,A ,12.869565217391305,23, B
liên hoan phim,14,B,3.0,1,A ,0,0, 
đài phát thanh,14,B,22.0,1, B,18.0,1, B
phim hoạt hình,14,B,7.0,1, B,0,0, 
phát ngôn viên,14,B,13.0,1, B,12.5,6, B
thượng nghị sĩ,14,B,10.0,1, B,19.0,1, B
suy dinh dưỡng,14,B,12.0,1, B,9.0,4, B
đái tháo đường,14,B,9.0,1, B,16.0,3, B
thuế thu nhập,13,B,11.0,1, B,8.0,1,A 
viện kiểm sát,13,B,8.0,1, B,0,0, 
vận động viên,13,B,11.0,1, B,0,0, 
phim tài liệu,13,B,7.0,1, B,0,0, 
đường cao tốc,13,B,6.0,1, B,13.333333333333334,3, B
chính trị gia,13,B,7.0,1, B,9.0,3, B
nhiếp ảnh gia,13,B,6.0,1, B,11.333333333333334,3, B
bầu không khí,13,B,4.0,1,A ,10.0,4, B
liên hợp quốc,13,B,15.0,1, B,0,0, 
biên tập viên,13,B,8.0,1, B,16.0,1, B
thuốc trừ sâu,13,B,7.0,1, B,12.25,8,A B
nhà xuất bản,12,B,6.0,1, B,6.0,2, B
sân vận động,12,B,10.0,1, B,8.333333333333334,6,A B
cổ động viên,12,B,13.0,1, B,15.5,24,A B
thầy cô giáo,12,B,8.0,1, B,10.0,2, B
hệ điều hành,12,B,8.0,1,A ,0,0, 
kiến trúc sư,12,B,12.0,1, B,11.5,2,A B
thềm lục địa,12,B,7.0,1, B,0,0, 
nhà vệ sinh,11,B,10.0,1, B,0,0, 
ứng cử viên,11,B,13.0,1, B,0,0, 
mũ bảo hiểm,11,B,9.0,1, B,0,0, 
máy vi tính,11,B,9.0,1, B,13.0,2, B
nhân dân tệ,11,B,20.0,1, B,0,0, 
câu lạc bộ,10,B,3.0,1,A ,14.833333333333334,18, B
xe gắn máy,10,B,8.0,1, B,9.454545454545455,11, B
hợp tác xã,10,B,3.0,1,A ,0,0, 
chủ sở hữu,10,B,9.0,1, B,12.8,10, B
anh chị em,10,B,6.0,1, B,12.4,5, B
ký túc xá,9,B,7.0,1, B,0,0, 
chuyên nghiệp,13,B,8.0,1, B,12.5,4, B
truyền thuyết,13,B,10.0,1, B,0,0, 
chương trình,12,B,5.0,1, B,18.5,2, B
doanh nghiệp,12,B,15.0,1, B,11.727272727272727,11,A B
chuyên ngành,12,B,8.0,1, B,0,0, 
truyền thống,12,B,7.0,1, B,0,0, 
ngoại trưởng,12,B,8.0,1, B,0,0, 
quảng trường,12,B,11.0,1, B,0,0, 
truyện tranh,12,B,14.0,1, B,11.8,5,A B
chiến trường,12,B,14.0,1, B,0,0, 
khuynh hướng,12,B,8.0,1, B,0,0, 
phương hướng,12,B,6.0,1,A ,9.5,4,A B
thượng nguồn,12,B,8.0,1, B,0,0, 
trách nhiệm,11,B,6.0,1, B,7.0,1, B
chính quyền,11,B,9.0,1, B,14.0,2, B
nguyên nhân,11,B,7.0,1, B,0,0, 
công nghiệp,11,B,17.0,1, B,14.666666666666666,3,A B
kinh nghiệm,11,B,6.0,1, B,11.0,12,A B
giải thưởng,11,B,6.0,1, B,12.428571428571429,7,A B
phương pháp,11,B,7.0,1, B,0,0, 
chiến thắng,11,B,8.0,2, B,14.818181818181818,11, B
chứng khoán,11,B,7.0,1, B,17.428571428571427,14, B
phương tiện,11,B,5.0,1, B,0,0, 
chiến tranh,11,B,9.0,1, B,13.222222222222221,9,A B
nông nghiệp,11,B,7.0,1, B,0,0, 
nguyện vọng,11,B,8.0,1, B,13.333333333333334,3, B
thiên nhiên,11,B,5.0,1, B,0,0, 
thương hiệu,11,B,3.0,1,A ,7.0,1, B
nghề nghiệp,11,B,14.0,1, B,12.0,6, B
đồng nghiệp,11,B,12.0,1, B,0,0, 
nguyên liệu,11,B,8.0,1, B,9.235294117647058,51,A B
hiệu trưởng,11,B,10.0,1, B,0,0, 
khoảng cách,11,B,10.0,1, B,0,0, 
triệu chứng,11,B,10.0,1, B,11.333333333333334,3, B
phương thức,11,B,12.0,1, B,0,0, 
hiện trường,11,B,10.0,1, B,0,0, 
khủng hoảng,11,B,4.0,1,A ,15.5,4, B
tiểu thuyết,11,B,10.0,1, B,15.333333333333334,6, B
chuyên viên,11,B,9.0,1, B,15.555555555555555,18, B
khoảnh khắc,11,B,10.0,1, B,0,0, 
khung thành,11,B,13.0,1, B,6.0,2,A B
buồng trứng,11,B,17.5,2, B,0,0, 
chấn thương,11,B,8.0,1, B,10.0,2, B
bóng chuyền,11,B,14.0,1, B,0,0, 
nghĩa trang,11,B,3.0,1,A ,0,0, 
phần thưởng,11,B,18.0,1, B,0,0, 
thượng viện,11,B,3.0,1,A ,0,0, 
trọng lượng,11,B,6.0,1, B,0,0, 
tình thương,11,B,9.0,1, B,0,0, 
truyện ngắn,11,B,6.0,1,A ,0,0, 
huyền thoại,11,B,6.0,1,A ,21.0,1, B
thương tích,11,B,11.0,1, B,17.0,2, B
giảng đường,11,B,8.0,1, B,0,0, 
chiến thuật,11,B,13.0,1, B,0,0, 
huân chương,11,B,7.0,1, B,0,0, 
chiều hướng,11,B,10.0,1, B,11.833333333333334,6, B
khuyết điểm,11,B,7.0,1, B,0,0, 
nhiệt huyết,11,B,7.0,1, B,0,0, 
kinh nguyệt,11,B,7.0,1, B,11.0,2, B
phương châm,11,B,6.0,1, B,8.0,3, B
trình duyệt,11,B,7.0,1, B,0,0, 
thiên đường,11,B,6.0,1, B,0,0, 
triều cường,11,B,14.0,1, B,12.666666666666666,3, B
thiếu tướng,11,B,14.0,1, B,0,0, 
trường hợp,10,B,5.0,1, B,11.0,1, B
môi trường,10,B,4.0,1,A ,10.0,4, B
thị trường,10,B,8.0,1,A ,17.0,5, B
nước ngoài,10,B,7.0,1, B,0,0, 
giao thông,10,B,9.0,1, B,0,0, 
địa phương,10,B,3.0,1,A ,8.8,5,A B
tình trạng,10,B,10.0,1, B,0,0, 
chất lượng,10,B,7.0,1, B,11.5,2, B
công trình,10,B,14.0,1, B,8.484375,64,A B
quyết định,10,B,5.0,1, B,16.0,1,A 
thành viên,10,B,4.0,1,A ,0,0, 
thương mại,10,B,9.0,1, B,15.0,3, B
chính sách,10,B,7.0,1, B,16.75,8,A B
câu chuyện,10,B,5.0,1, B,14.166666666666666,6, B
thanh niên,10,B,12.0,1, B,0,0, 
nghệ thuật,10,B,11.0,1, B,14.333333333333334,3, B
chuyên gia,10,B,9.0,1, B,15.555555555555555,18, B
tổng thống,10,B,10.0,1, B,0,0, 
khách hàng,10,B,15.0,1, B,0,0, 
điện thoại,10,B,18.0,1, B,14.428571428571429,7, B
tài nguyên,10,B,7.0,1, B,0,0, 
tiêu chuẩn,10,B,8.0,1, B,0,0, 
hành khách,10,B,7.0,1, B,19.6,5, B
không gian,10,B,5.0,1, B,0,0, 
thành tích,10,B,7.0,1, B,0,0, 
chuyên môn,10,B,14.0,1, B,12.1,20, B
năng lượng,10,B,10.0,1, B,7.0,2,A B
hiện tượng,10,B,9.0,1, B,10.875,24,A B
phóng viên,10,B,6.0,1, B,0,0, 
ngoại giao,10,B,11.0,1, B,19.0,4, B
nhà trường,10,B,11.0,1, B,0,0, 
chiến dịch,10,B,12.0,1, B,13.0,1, B
tình huống,10,B,16.0,1, B,9.0,2,A B
người thân,10,B,4.0,1, B,0,0, 
phong cách,10,B,11.0,1, B,12.03448275862069,29, B
nghiên cứu,10,B,7.0,1, B,0,0, 
trường học,10,B,6.0,1,A ,0,0, 
hành trình,10,B,8.0,1, B,0,0, 
viễn thông,10,B,13.0,1, B,0,0, 
thời trang,10,B,11.0,1, B,5.333333333333333,3,A B
chiến lược,10,B,13.0,1, B,0,0, 
phong trào,10,B,12.0,1, B,16.916666666666668,12, B
nguyên tắc,10,B,5.0,1, B,0,0, 
trang phục,10,B,9.0,1, B,10.75,4, B
hàng không,10,B,8.0,1, B,7.0,1, B
thành công,10,B,6.0,1, B,11.25,4, B
chủ trương,10,B,7.0,1, B,9.333333333333334,3,A B
cuộc chiến,10,B,7.0,1, B,0,0, 
điểm chuẩn,10,B,6.0,1, B,0,0, 
công chúng,10,B,4.0,1,A ,14.0,3, B
doanh nhân,10,B,11.0,1, B,0,0, 
thành phần,10,B,7.0,1, B,0,0, 
khuyết tật,10,B,12.0,1, B,11.4,15,A B
thẩm quyền,10,B,7.0,1, B,0,0, 
huy chương,10,B,10.0,1, B,17.866666666666667,15, B
thứ trưởng,10,B,8.0,1, B,0,0, 
giảng viên,10,B,8.0,1, B,0,0, 
trung ương,10,B,8.0,1, B,0,0, 
bằng chứng,10,B,8.0,1, B,17.0,1, B
thông điệp,10,B,8.0,1, B,15.0,1, B
lương thực,10,B,8.0,1, B,6.909090909090909,11,A B
nghị quyết,10,B,7.0,1, B,14.0,1, B
người bệnh,10,B,11.0,1, B,15.36,25, B
năng khiếu,10,B,14.0,1, B,8.333333333333334,3,A B
thách thức,10,B,13.0,1, B,12.285714285714286,7, B
tiền lương,10,B,8.0,1, B,0,0, 
khối lượng,10,B,4.0,1, B,0,0, 
biểu tượng,10,B,17.0,1, B,0,0, 
nhiên liệu,10,B,4.0,1,A ,9.714285714285714,21,A B
vết thương,10,B,11.0,1, B,8.5,6, B
giáng sinh,10,B,15.0,1, B,0,0, 
tiến trình,10,B,9.0,1, B,0,0, 
hội trường,10,B,3.5,2,A B,7.0,1, B
kích thước,10,B,6.0,1, B,5.25,4,A B
phòng khám,10,B,5.0,1, B,12.0,1, B
trạng thái,10,B,10.0,1, B,10.0,1, B
chức trách,10,B,9.0,1, B,14.0,2, B
tinh trùng,10,B,6.0,1, B,0,0, 
khuôn viên,10,B,5.0,1,A ,0,0, 
trọng điểm,10,B,7.0,1, B,8.2,5,A B
nhân chứng,10,B,4.0,1, B,17.4,5, B
trái phiếu,10,B,9.5,2, B,16.875,16, B
vương quốc,10,B,6.0,1, B,8.0,1, B
định hướng,10,B,8.0,1, B,14.0,1, B
văn chương,10,B,13.0,1, B,0,0, 
xét nghiệm,10,B,3.0,1,A ,26.0,4, B
láng giềng,10,B,6.0,1, B,0,0, 
thiếu niên,10,B,12.0,1, B,0,0, 
nhân quyền,10,B,5.0,1,A ,13.428571428571429,7, B
thung lũng,10,B,12.0,1, B,9.0,7,A B
tổn thương,10,B,3.0,1,A ,11.0,3, B
tàu thuyền,10,B,7.0,1, B,11.423076923076923,26,A B
thầy thuốc,10,B,5.0,1, B,13.5,14,A B
dây chuyền,10,B,12.0,1, B,0,0, 
phong cảnh,10,B,7.0,1, B,0,0, 
điều khoản,10,B,9.0,1, B,0,0, 
đường kính,10,B,10.0,1, B,0,0, 
kháng sinh,10,B,7.0,1, B,0,0, 
tiểu đường,10,B,9.0,1, B,24.5,2, B
trang trại,10,B,7.0,1, B,0,0, 
trực thăng,10,B,21.0,1, B,18.25,4, B
khung cảnh,10,B,16.0,1, B,9.5,2, B
ngoại hình,10,B,4.0,1,A ,0,0, 
khẩu trang,10,B,5.0,1, B,0,0, 
thần tượng,10,B,3.0,1,A ,8.0,1, B
dung lượng,10,B,7.0,1, B,12.0,1, B
triển vọng,10,B,7.0,1, B,0,0, 
người tình,10,B,8.0,1, B,9.333333333333334,3, B
thị trưởng,10,B,13.5,2, B,10.0,4, B
vương miện,10,B,6.0,1, B,0,0, 
cao nguyên,10,B,7.0,1, B,7.5,2,A B
ngày tháng,10,B,6.666666666666667,3,A B,7.0,1, B
không quân,10,B,6.0,1, B,12.333333333333334,3,A B
thiên thần,10,B,8.0,1, B,10.0,2, B
thực khách,10,B,7.0,1, B,13.5,2, B
biến chứng,10,B,8.0,1, B,0,0, 
đấu trường,10,B,4.0,1,A ,0,0, 
lòng đường,10,B,8.0,1, B,7.0,1, B
quần chúng,10,B,8.0,1, B,10.0,1, B
chủng loại,10,B,5.0,1, B,8.545454545454545,11,A B
thủ trưởng,10,B,7.0,1, B,10.1,10, B
cường quốc,10,B,7.0,1, B,7.0,1,A 
định nghĩa,10,B,9.0,1, B,0,0, 
loài người,10,B,5.5,2,A B,0,0, 
người hùng,10,B,7.0,1, B,0,0, 
khoai lang,10,B,2.0,1,A ,0,0, 
nguyên thủ,10,B,7.0,1, B,10.1,10, B
hình tượng,10,B,7.0,1, B,10.0,1, B
lâm nghiệp,10,B,7.0,1, B,8.0,2, B
thử nghiệm,10,B,13.0,1, B,13.6,5, B
danh tiếng,10,B,9.0,1, B,0,0, 
phán quyết,10,B,7.0,1, B,20.94736842105263,19,A B
thiệt thòi,10,B,7.0,1, B,9.2,10,A B
tranh chấp,10,B,9.0,1, B,13.8,5, B
bàng quang,10,B,6.0,1, B,0,0, 
chiến binh,10,B,4.0,1, B,9.6,5,A B
thời gian,9,B,14.0,1, B,0,0, 
thành phố,9,B,15.0,1, B,0,0, 
thông tin,9,B,5.0,1, B,10.0,3, B
trung tâm,9,B,3.0,1,A ,16.0,1, B
chính phủ,9,B,8.0,1, B,12.625,16,A B
sinh viên,9,B,12.0,1, B,14.35,20, B
bệnh viện,9,B,5.0,1, B,0,0, 
cuộc sống,9,B,14.0,1, B,0,0, 
công việc,9,B,16.0,1, B,0,0, 
công nghệ,9,B,8.0,1, B,15.466666666666667,15, B
hoạt động,9,B,7.0,1, B,0,0, 
điều kiện,9,B,4.0,1,A ,0,0, 
tài chính,9,B,6.0,1, B,10.25,8, B
ngân hàng,9,B,14.0,1, B,15.454545454545455,11, B
nhân viên,9,B,5.0,1, B,0,0, 
con người,9,B,5.0,1, B,0,0, 
thủ tướng,9,B,10.0,1, B,0,0, 
bệnh nhân,9,B,9.0,2, B,17.2,10,A B
đối tượng,9,B,4.0,1, B,0,0, 
thời điểm,9,B,8.0,1, B,12.428571428571429,7,A B
lực lượng,9,B,2.0,1,A ,0,0, 
quá trình,9,B,8.0,1, B,20.0,2, B
tình hình,9,B,4.0,1,A ,0,0, 
biện pháp,9,B,13.0,1, B,12.9,10, B
giáo viên,9,B,9.0,1, B,12.761904761904763,21,A B
giai đoạn,9,B,9.0,1, B,0,0, 
công nhân,9,B,5.0,1, B,11.208333333333334,24,A B
khách sạn,9,B,3.0,1,A ,15.142857142857142,7,A B
pháp luật,9,B,5.0,1, B,11.571428571428571,14, B
cộng đồng,9,B,9.0,1, B,0,0, 
tinh thần,9,B,11.0,1, B,18.5,2, B
kiến thức,9,B,9.0,1, B,0,0, 
văn phòng,9,B,8.0,1, B,10.666666666666666,3, B
tương lai,9,B,4.0,1,A ,0,0, 
chính trị,9,B,11.0,1, B,0,0, 
hình thức,9,B,8.0,1, B,6.0,1, B
ngân sách,9,B,12.0,1, B,21.5,2, B
thực phẩm,9,B,6.0,1, B,12.0,2, B
danh sách,9,B,9.0,1, B,17.333333333333332,6, B
diện tích,9,B,15.0,1, B,0,0, 
diễn viên,9,B,12.0,1, B,0,0, 
giải pháp,9,B,9.0,1, B,7.0,1, B
bàn thắng,9,B,11.0,1, B,0,0, 
phụ huynh,9,B,9.0,1, B,6.833333333333333,6,A B
chức năng,9,B,12.0,1, B,0,0, 
phương án,9,B,8.0,1, B,9.818181818181818,11, B
nông thôn,9,B,7.0,1, B,0,0, 
không khí,9,B,3.0,1,A ,8.333333333333334,3, B
quan chức,9,B,17.0,1, B,13.395833333333334,48,A B
hành động,9,B,8.0,1, B,0,0, 
quan điểm,9,B,8.0,1, B,0,0, 
sự nghiệp,9,B,9.0,1, B,7.0,1, B
hàng loạt,9,B,3.0,1,A ,0,0, 
hoàn cảnh,9,B,16.0,1, B,9.0,2,A B
công viên,9,B,10.0,1, B,14.0,2, B
quê hương,9,B,15.0,1, B,15.636363636363637,11,A B
biên giới,9,B,4.0,1,A ,3.0,1,A 
người lớn,9,B,7.5,2,A B,10.137254901960784,51,A B
gương mặt,9,B,4.0,1, B,0,0, 
kiến trúc,9,B,7.0,1, B,0,0, 
lợi nhuận,9,B,15.0,1, B,0,0, 
thuỷ điện,9,B,13.0,1, B,0,0, 
nghị định,9,B,8.0,1, B,0,0, 
giấy phép,9,B,8.0,1, B,21.333333333333332,3, B
đường phố,9,B,19.0,1, B,9.75,8, B
cách mạng,9,B,12.0,1, B,16.0,1, B
thanh tra,9,B,7.0,1, B,2.0,1,A 
thói quen,9,B,6.0,1, B,0,0, 
người yêu,9,B,8.0,1, B,0,0, 
trọng tài,9,B,8.0,1, B,0,0, 
thông báo,9,B,8.0,1, B,12.25,8, B
tài khoản,9,B,13.0,1, B,15.666666666666666,3, B
công chức,9,B,5.0,1, B,13.0,1, B
đường dây,9,B,8.0,1, B,15.0,4, B
chủ quyền,9,B,15.0,1, B,0,0, 
thời tiết,9,B,8.0,1, B,0,0, 
doanh thu,9,B,7.0,1, B,0,0, 
hạnh phúc,9,B,8.0,1, B,5.0,1, B
ảnh hưởng,9,B,10.0,1, B,11.333333333333334,3, B
liên đoàn,9,B,3.0,1,A ,10.222222222222221,9,A B
phiên bản,9,B,4.0,1,A ,0,0, 
biểu hiện,9,B,11.0,1, B,10.714285714285714,7, B
thiệt hại,9,B,7.0,1, B,6.0,3, B
trung học,9,B,12.0,1, B,0,0, 
quyền lợi,9,B,12.0,1, B,10.5,2, B
chủ nhiệm,9,B,11.0,1, B,11.333333333333334,3, B
người mẫu,9,B,12.0,1, B,11.333333333333334,3, B
phần trăm,9,B,4.0,1, B,11.5,4, B
bản quyền,9,B,9.5,2, B,0,0, 
nguồn gốc,9,B,15.0,1, B,0,0, 
liên bang,9,B,15.0,1, B,15.0,1, B
đường sắt,9,B,7.0,1, B,0,0, 
thập niên,9,B,14.0,1, B,14.434782608695652,23, B
đồng bằng,9,B,7.0,1, B,10.875,8, B
cải lương,9,B,7.0,1, B,0,0, 
nước thải,9,B,6.0,1, B,0,0, 
tính năng,9,B,7.0,1, B,18.11111111111111,9, B
quảng cáo,9,B,8.0,1, B,11.0,1,A 
quy trình,9,B,8.0,1, B,10.25,4, B
loại hình,9,B,8.0,1, B,0,0, 
tính chất,9,B,12.0,1, B,9.0,2,A B
giám khảo,9,B,12.0,1, B,11.0,1,A 
công suất,9,B,18.0,1, B,13.0,1, B
nghiệp vụ,9,B,7.0,1, B,0,0, 
cách thức,9,B,12.0,1, B,0,0, 
anh chàng,9,B,3.0,1,A ,2.0,1,A 
cánh đồng,9,B,7.0,1, B,10.875,8, B
liên minh,9,B,7.0,1, B,0,0, 
mong muốn,9,B,6.0,1, B,0,0, 
lý thuyết,9,B,11.0,1, B,16.8,10, B
quyền lực,9,B,8.0,1, B,8.0,1, B
người đẹp,9,B,5.0,1, B,0,0, 
điền kinh,9,B,7.0,1, B,15.25,8, B
chân dung,9,B,13.0,1, B,0,0, 
mạng lưới,9,B,5.0,1, B,5.333333333333333,3,A B
tâm trạng,9,B,16.5,2, B,8.0,2, B
xí nghiệp,9,B,6.0,1, B,13.571428571428571,7, B
hành tinh,9,B,8.0,1, B,0,0, 
hướng dẫn,9,B,6.0,1, B,0,0, 
liên hoan,9,B,7.0,1, B,12.555555555555555,9,A B
luật pháp,9,B,5.0,1, B,11.571428571428571,14, B
nhận định,9,B,7.0,1, B,0,0, 
chất thải,9,B,6.0,1, B,0,0, 
sinh nhật,9,B,4.0,1,A ,0,0, 
chi nhánh,9,B,8.0,1, B,0,0, 
thủ thành,9,B,5.0,1, B,0,0, 
quốc tịch,9,B,5.0,1, B,0,0, 
tiếng nói,9,B,5.0,1, B,0,0, 
nghệ nhân,9,B,12.0,1, B,0,0, 
diễn biến,9,B,7.0,1, B,0,0, 
nhãn hiệu,9,B,4.0,1, B,0,0, 
hành lang,9,B,7.0,1, B,9.3,10, B
tính cách,9,B,4.0,1,A ,9.181818181818182,11,A B
khuôn khổ,9,B,12.0,1, B,0,0, 
nhận thức,9,B,21.0,1, B,7.428571428571429,7,A B
sáng kiến,9,B,4.0,1,A ,9.5,4, B
thực chất,9,B,7.0,1, B,8.2,5,A B
bách khoa,9,B,13.0,1, B,0,0, 
đồng tiền,9,B,11.0,1, B,10.54054054054054,37,A B
tiềm năng,9,B,7.0,1, B,0,0, 
khái niệm,9,B,6.0,1, B,9.0,1, B
sinh hoạt,9,B,9.0,1, B,8.375,8, B
chất liệu,9,B,8.0,1, B,9.235294117647058,51,A B
cáo trạng,9,B,5.0,1, B,8.0,3, B
chứng chỉ,9,B,13.0,1, B,21.0,1, B
ngành học,9,B,8.0,1, B,14.0,1, B
quan niệm,9,B,5.0,1, B,8.333333333333334,3,A B
khí tượng,9,B,9.0,1, B,0,0, 
sinh thái,9,B,16.0,1, B,0,0, 
thiên tai,9,B,7.0,1, B,0,0, 
giao dịch,9,B,11.0,1, B,0,0, 
hàm lượng,9,B,4.0,1, B,0,0, 
mâu thuẫn,9,B,7.0,1, B,0,0, 
nhân loại,9,B,8.0,1, B,16.0,1, B
thần kinh,9,B,5.0,1, B,15.7,10, B
thử thách,9,B,10.0,1, B,0,0, 
thầy giáo,9,B,9.0,1, B,0,0, 
tham vọng,9,B,7.0,1, B,0,0, 
hiệp định,9,B,7.0,1, B,0,0, 
đảng viên,9,B,11.0,1, B,0,0, 
giao thừa,9,B,4.0,1,A ,19.0,1, B
kiến nghị,9,B,5.0,1, B,8.0,3, B
quyết tâm,9,B,7.0,1, B,12.0,1, B
viên chức,9,B,17.0,1, B,13.395833333333334,48,A B
sóng thần,9,B,13.0,1, B,0,0, 
hiện thực,9,B,6.0,1, B,9.4,5, B
thành tựu,9,B,8.0,1, B,0,0, 
thực tiễn,9,B,8.0,1, B,0,0, 
giới tính,9,B,10.0,1, B,9.666666666666666,3, B
gian hàng,9,B,3.0,1,A ,13.0,1, B
khát vọng,9,B,8.0,1, B,13.333333333333334,3, B
giai điệu,9,B,6.0,1, B,11.25,8,A B
năng suất,9,B,12.0,1, B,0,0, 
quyền hạn,9,B,9.0,1, B,14.0,2, B
tượng đài,9,B,5.0,1, B,0,0, 
qui trình,9,B,8.0,1, B,10.25,4, B
tinh hoàn,9,B,8.0,1, B,0,0, 
nước ngọt,9,B,8.0,1,A ,8.0,2, B
công chúa,9,B,6.0,1, B,11.25,4, B
động thái,9,B,8.0,1, B,0,0, 
hiểu biết,9,B,7.0,1, B,12.0,1, B
khía cạnh,9,B,8.0,1, B,0,0, 
thân nhân,9,B,6.0,1, B,12.4,5, B
đại dương,9,B,20.0,1, B,0,0, 
cảnh quan,9,B,7.0,1, B,0,0, 
tính mạng,9,B,4.0,1, B,0,0, 
sản lượng,9,B,18.0,1, B,13.0,1, B
tình cảnh,9,B,8.0,1, B,14.333333333333334,18, B
thắng lợi,9,B,10.0,1, B,14.0,1, B
hình phạt,9,B,13.0,1, B,10.818181818181818,11, B
năm tháng,9,B,6.666666666666667,3,A B,7.0,1, B
nước ngầm,9,B,8.0,1,A ,0,0, 
công đoàn,9,B,16.0,1, B,11.5,2,A B
gánh nặng,9,B,7.0,1, B,0,0, 
hạt giống,9,B,16.0,1, B,0,0, 
chức danh,9,B,4.0,1,A ,5.523809523809524,21,A B
thống đốc,9,B,8.0,1, B,0,0, 
khẩu hiệu,9,B,7.0,1, B,0,0, 
giây phút,9,B,8.0,1, B,12.428571428571429,7,A B
phẩm chất,9,B,4.0,1,A ,6.0,1, B
dòng chảy,9,B,4.0,1,A ,0,0, 
tình nhân,9,B,7.0,2, B,8.0,1, B
hiến pháp,9,B,0,0, ,0,0, 
thành quả,9,B,6.0,1, B,0,0, 
công cuộc,9,B,8.0,1, B,9.818181818181818,11, B
nhân cách,9,B,5.0,1, B,0,0, 
công thức,9,B,9.0,1, B,14.5,2, B
đồng phục,9,B,11.0,1, B,10.5,2, B
khách mời,9,B,12.0,1, B,11.333333333333334,3, B
phát biểu,9,B,10.0,1, B,8.0,2, B
cầu thang,9,B,5.0,1,A ,13.625,8, B
dân chúng,9,B,8.0,1, B,5.0,1, B
hình dáng,9,B,13.0,1, B,7.461538461538462,13,A B
chiều tối,9,B,8.0,1, B,3.0,1,A 
nguyên tử,9,B,8.0,1, B,0,0, 
trọng tâm,9,B,14.0,1, B,7.0,1, B
thẩm phán,9,B,5.0,1,A ,22.0,2, B
hạn ngạch,9,B,2.0,1,A ,0,0, 
phòng trọ,9,B,4.0,1, B,8.0,6, B
triết học,9,B,14.0,1, B,9.9,10,A B
dược phẩm,9,B,11.0,1, B,24.5,2, B
pháp lệnh,9,B,5.0,1, B,11.571428571428571,14, B
thành thị,9,B,15.0,1, B,0,0, 
điêu khắc,9,B,10.0,2,A B,16.77777777777778,9,A B
thượng tá,9,B,5.0,1, B,0,0, 
tiền công,9,B,3.0,1,A ,12.0,1, B
đồng minh,9,B,12.0,1, B,13.0,1, B
thuỷ tinh,9,B,10.0,1, B,17.0,1, B
trại giam,9,B,4.0,1,A ,0,0, 
nhạc viện,9,B,6.0,1,A ,14.0,2, B
ranh giới,9,B,4.0,1,A ,3.0,1,A 
biến động,9,B,5.0,1, B,11.0,2, B
băng nhóm,9,B,3.0,1,A ,13.0,2, B
dương vật,9,B,3.0,1,A ,0,0, 
tình tiết,9,B,6.0,1, B,9.666666666666666,3, B
hội chứng,9,B,10.0,1, B,17.766666666666666,30,A B
nước tiểu,9,B,10.0,1, B,0,0, 
bước tiến,9,B,4.0,1,A ,0,0, 
sinh mạng,9,B,7.0,1, B,0,0, 
chìa khoá,9,B,7.0,1, B,14.0,3, B
phát hiện,9,B,8.0,1, B,0,0, 
vướng mắc,9,B,8.0,1, B,14.0,6,A B
biệt danh,9,B,3.0,1,A ,17.0,2, B
chủng tộc,9,B,4.0,1,A ,11.875,8, B
tính toán,9,B,13.0,1, B,8.0,6,A B
điểm nhấn,9,B,14.0,1, B,7.0,1, B
mặt trăng,9,B,0,0, ,0,0, 
đặc trưng,9,B,4.0,1, B,7.5,2, B
nguy hiểm,9,B,8.0,1, B,17.0,1, B
phật giáo,9,B,14.0,1, B,0,0, 
công dụng,9,B,11.0,1, B,7.0,1, B
đường hầm,9,B,5.0,1, B,11.333333333333334,3, B
tiếp viên,9,B,15.0,1, B,11.0,1, B
khiếu nại,9,B,5.0,1, B,8.0,3, B
lương tâm,9,B,8.0,1, B,0,0, 
dây chằng,9,B,9.0,1, B,15.0,2, B
đường lối,9,B,8.0,1, B,11.666666666666666,3, B
hoàng hôn,9,B,8.0,1, B,3.0,1,A 
khoai tây,9,B,4.0,1,A ,0,0, 
nghi phạm,9,B,4.0,1, B,18.333333333333332,3, B
thân hình,9,B,4.0,1,A ,11.6,5,A B
thân phận,9,B,8.0,1, B,9.75,4, B
rau muống,9,B,15.0,1, B,0,0, 
thời khắc,9,B,8.0,1, B,12.428571428571429,7,A B
vũ trường,9,B,10.0,1, B,13.5,2, B
mét vuông,9,B,15.0,1, B,0,0, 
thiếu sót,9,B,8.0,1, B,0,0, 
lưu lượng,9,B,5.0,1, B,12.0,1, B
tải trọng,9,B,4.0,1, B,20.333333333333332,3, B
thang máy,9,B,10.0,1, B,14.0,1, B
nhân công,9,B,8.0,1, B,15.3,40,A B
phái đoàn,9,B,9.0,1, B,12.666666666666666,3, B
chuẩn mực,9,B,6.0,1, B,0,0, 
khác biệt,9,B,7.0,1, B,0,0, 
nhạc công,9,B,14.0,1, B,15.837837837837839,37, B
sở trường,9,B,5.0,1, B,0,0, 
thằng nhỏ,9,B,5.0,1, B,0,0, 
điểm nóng,9,B,11.0,1, B,0,0, 
thuận lợi,9,B,9.0,1, B,0,0, 
côn trùng,9,B,8.0,1, B,6.5,2,A B
đường ray,9,B,8.0,1, B,0,0, 
thượng đế,9,B,0,0, ,0,0, 
tinh dịch,9,B,7.0,1, B,10.0,1, B
bóng dáng,9,B,9.0,1, B,0,0, 
một chiều,9,B,13.0,1, B,0,0, 
phân tích,9,B,7.0,1, B,0,0, 
thùng rác,9,B,5.0,1,A ,0,0, 
tranh cãi,9,B,9.0,1, B,13.8,5, B
then chốt,9,B,7.0,1, B,0,0, 
vòng tròn,9,B,15.0,1, B,11.0,1, B
công luận,9,B,7.0,1, B,0,0, 
động mạch,9,B,8.0,1, B,0,0, 
gia đình,8,B,10.0,1, B,12.5,6, B
thế giới,8,B,6.0,1,A ,0,0, 
học sinh,8,B,8.0,1, B,0,0, 
khả năng,8,B,6.0,1, B,0,0, 
hiện nay,8,B,7.0,1, B,0,0, 
quốc gia,8,B,15.0,1, B,11.571428571428571,7,A B
nhà nước,8,B,8.0,1, B,15.0,2, B
hệ thống,8,B,4.0,1,A ,9.294117647058824,17,A B
khoa học,8,B,8.0,1, B,12.31578947368421,19, B
giáo dục,8,B,7.0,1, B,8.4,5, B
thí sinh,8,B,11.0,1, B,9.0,1, B
sản phẩm,8,B,11.0,1, B,0,0, 
lao động,8,B,5.0,1, B,11.208333333333334,24,A B
giám đốc,8,B,9.0,1, B,20.0,1, B
chủ tịch,8,B,11.0,1, B,15.5,2, B
kỹ thuật,8,B,8.0,1, B,0,0, 
kế hoạch,8,B,7.0,1, B,14.0,1, B
cảnh sát,8,B,16.0,1, B,11.428571428571429,14,A B
hình ảnh,8,B,9.0,1, B,0,0, 
hợp đồng,8,B,7.0,1, B,10.5,2, B
quy định,8,B,6.0,1, B,11.5,4, B
khán giả,8,B,12.0,1, B,12.846153846153847,13, B
đất nước,8,B,15.0,1, B,15.636363636363637,11,A B
nội dung,8,B,5.0,1, B,0,0, 
lĩnh vực,8,B,6.0,1, B,8.0,1, B
trận đấu,8,B,7.0,1, B,12.153846153846153,13, B
tác phẩm,8,B,6.0,1, B,9.0,1, B
thể thao,8,B,17.0,1, B,0,0, 
công tác,8,B,8.0,1, B,9.818181818181818,11, B
hội đồng,8,B,4.0,1,A ,0,0, 
lãnh đạo,8,B,4.0,1, B,11.522727272727273,44,A B
quốc hội,8,B,14.0,1, B,9.0,3,A B
sức khoẻ,8,B,4.0,1,A ,0,0, 
tình yêu,8,B,0,0, ,0,0, 
bản thân,8,B,7.0,1, B,0,0, 
nạn nhân,8,B,4.0,1, B,10.75,4, B
mục tiêu,8,B,13.0,1, B,9.0,2, B
vợ chồng,8,B,7.0,1, B,19.0,1, B
đại biểu,8,B,13.0,1, B,12.5,6, B
khó khăn,8,B,4.0,1,A ,9.416666666666666,12,A B
đạo diễn,8,B,13.0,1, B,14.0,1, B
nhiệm vụ,8,B,8.0,1, B,0,0, 
số lượng,8,B,5.0,1, B,0,0, 
hội nghị,8,B,15.0,1, B,17.0,4,A B
nhân vật,8,B,4.0,1, B,0,0, 
du khách,8,B,14.0,1, B,0,0, 
thiết bị,8,B,15.0,1,A ,14.071428571428571,28,A B
đại diện,8,B,9.0,1, B,12.666666666666666,3, B
sân khấu,8,B,8.0,1, B,8.0,1, B
việc làm,8,B,9.0,1, B,0,0, 
cuộc đời,8,B,7.0,1, B,0,0, 
nông dân,8,B,11.0,1, B,0,0, 
cảm giác,8,B,7.0,1, B,3.0,1,A 
máy tính,8,B,9.0,1, B,12.5,4, B
con trai,8,B,7.0,1, B,6.5,2,A B
thu nhập,8,B,7.0,1, B,9.0,2, B
tập đoàn,8,B,6.0,1, B,15.272727272727273,11, B
mục đích,8,B,4.0,1,A ,0,0, 
học bổng,8,B,9.5,2, B,0,0, 
hiện tại,8,B,7.0,1, B,0,0, 
hiệu quả,8,B,8.0,1, B,12.333333333333334,3, B
nhân dân,8,B,4.0,1,A ,14.0,3, B
tình cảm,8,B,6.0,1, B,10.666666666666666,6,A B
hàng hoá,8,B,10.0,1, B,9.333333333333334,15,A B
nhà hàng,8,B,3.0,1,A ,11.533333333333333,15, B
cửa hàng,8,B,12.0,1, B,14.717948717948717,39,A B
trình độ,8,B,9.0,1, B,7.8,10,A B
chỉ tiêu,8,B,8.0,1, B,14.0,2, B
phần lớn,8,B,20.0,1, B,7.0,2,A B
đời sống,8,B,14.0,1, B,9.0,1, B
toàn cầu,8,B,13.0,1, B,11.666666666666666,3, B
điện ảnh,8,B,6.0,1, B,0,0, 
qui định,8,B,6.0,1, B,11.5,4, B
phần mềm,8,B,11.0,1, B,12.375,8,A B
quân đội,8,B,4.0,1, B,8.75,4, B
tiền đạo,8,B,11.0,1, B,0,0, 
hàng đầu,8,B,8.0,1, B,0,0, 
nước mắt,8,B,4.0,1,A ,0,0, 
thị trấn,8,B,15.0,1, B,0,0, 
năng lực,8,B,6.0,1, B,7.166666666666667,6,A B
trò chơi,8,B,7.0,1, B,17.857142857142858,7, B
ngôi sao,8,B,8.0,1, B,15.25,4, B
kinh phí,8,B,18.0,1, B,9.0,3, B
tài liệu,8,B,5.0,1, B,0,0, 
thời hạn,8,B,14.0,1, B,0,0, 
dấu hiệu,8,B,10.0,1, B,14.0,1, B
tội phạm,8,B,9.0,1, B,0,0, 
chiến sĩ,8,B,4.0,1, B,9.6,5,A B
hạt nhân,8,B,6.0,1,A ,8.5,4,A B
công dân,8,B,7.0,1, B,10.714285714285714,7, B
trái tim,8,B,6.0,1, B,11.0,4, B
ngôn ngữ,8,B,23.0,1, B,11.5,2, B
một chút,8,B,8.0,1, B,10.0,1, B
tác dụng,8,B,8.0,1, B,12.333333333333334,3, B
xu hướng,8,B,6.0,1,A ,0,0, 
cao đẳng,8,B,11.0,1, B,18.333333333333332,3, B
tình dục,8,B,8.0,1, B,12.25,12, B
hiệp hội,8,B,3.0,1,A ,14.833333333333334,18, B
sức mạnh,8,B,10.0,1, B,7.0,2,A B
tài năng,8,B,6.0,1, B,11.615384615384615,13, B
màn hình,8,B,7.0,1, B,0,0, 
ánh sáng,8,B,4.0,1,A ,0,0, 
địa điểm,8,B,10.0,1, B,0,0, 
diễn đàn,8,B,15.0,1, B,0,0, 
trái đất,8,B,0,0, ,0,0, 
lãi suất,8,B,8.0,1, B,14.0,4, B
chất độc,8,B,4.0,1,A ,11.666666666666666,3,A B
bảo tàng,8,B,32.0,1, B,0,0, 
đồng bào,8,B,7.0,1, B,14.0,2, B
mặt hàng,8,B,7.0,1, B,8.25,4, B
vật chất,8,B,8.0,1, B,5.4,5,A B
hội thảo,8,B,6.0,1, B,0,0, 
kịch bản,8,B,7.0,1, B,0,0, 
suy nghĩ,8,B,19.0,1, B,10.571428571428571,14, B
mặt trời,8,B,0,0, ,0,0, 
chung cư,8,B,7.0,1, B,0,0, 
ấn tượng,8,B,5.0,1, B,0,0, 
mỹ thuật,8,B,14.0,1, B,6.333333333333333,3,A B
tín hiệu,8,B,13.0,1, B,9.0,1,A 
siêu thị,8,B,18.0,1, B,10.0,1, B
ứng viên,8,B,4.0,1, B,0,0, 
điện lực,8,B,3.0,1,A ,8.0,1, B
kết luận,8,B,7.0,1, B,0,0, 
chi tiết,8,B,4.0,1,A ,14.0,1, B
động vật,8,B,4.0,1,A ,0,0, 
học viện,8,B,6.0,1,A ,13.833333333333334,6, B
bối cảnh,8,B,7.0,1, B,0,0, 
nhân lực,8,B,4.0,1, B,13.0,1, B
nhiệt độ,8,B,7.0,1, B,0,0, 
đồng đội,8,B,12.0,1, B,0,0, 
đội hình,8,B,14.0,1, B,0,0, 
tư tưởng,8,B,19.0,1, B,10.571428571428571,14, B
tác động,8,B,8.0,1, B,9.93939393939394,66,A B
hôn nhân,8,B,16.0,1, B,14.25,12, B
học viên,8,B,12.0,1, B,14.35,20, B
hàng xóm,8,B,8.0,1, B,7.5,2, B
âm thanh,8,B,14.0,1, B,20.0,1, B
thư viện,8,B,5.0,1, B,12.666666666666666,3, B
hải quân,8,B,6.0,1, B,0,0, 
ngày xưa,8,B,6.0,1, B,0,0, 
sai phạm,8,B,11.0,1, B,0,0, 
căn bệnh,8,B,8.0,1, B,0,0, 
công văn,8,B,7.0,1, B,12.823529411764707,34,A B
trái cây,8,B,4.5,2,A B,8.28,75,A B
đẳng cấp,8,B,5.0,1, B,0,0, 
thuốc lá,8,B,17.0,1, B,0,0, 
tin nhắn,8,B,11.0,1, B,9.515151515151516,33,A B
biến đổi,8,B,8.0,1, B,8.0,1, B
động đất,8,B,14.0,1, B,9.666666666666666,3, B
tín dụng,8,B,10.0,1, B,17.0,1, B
vùng đất,8,B,6.0,1, B,8.0,1, B
bưu điện,8,B,8.0,1, B,0,0, 
khoá học,8,B,12.0,1, B,13.647058823529411,17, B
vật liệu,8,B,7.0,1, B,13.0,1, B
nhà thầu,8,B,18.0,1, B,16.75,4, B
hiệu lực,8,B,7.0,1, B,6.5,2, B
chủ nhật,8,B,8.0,1, B,0,0, 
thay đổi,8,B,4.0,1,A ,0,0, 
trí thức,8,B,4.0,1, B,13.772727272727273,22, B
lãnh thổ,8,B,3.0,1,A ,0,0, 
thể loại,8,B,4.0,1,A ,0,0, 
phong độ,8,B,7.0,1, B,8.0,9,A B
đám cưới,8,B,7.0,1, B,19.0,1, B
phản ứng,8,B,14.0,1, B,12.176470588235293,17, B
thất bại,8,B,8.0,1, B,11.0,4, B
nghĩa vụ,8,B,9.0,1, B,12.0,1, B
ứng dụng,8,B,11.0,1, B,12.375,8,A B
đất liền,8,B,7.0,1, B,7.25,4,A B
hạng mục,8,B,4.0,1,A ,16.285714285714285,7, B
ngày mai,8,B,4.0,1,A ,0,0, 
biên bản,8,B,11.0,1, B,13.333333333333334,3, B
bằng cấp,8,B,10.0,1, B,12.857142857142858,7, B
bảo hiểm,8,B,9.0,1,A ,0,0, 
tiền bạc,8,B,17.0,1, B,9.166666666666666,6,A B
tuổi trẻ,8,B,14.0,1, B,0,0, 
sở thích,8,B,9.0,1, B,16.0,2, B
thiết kế,8,B,10.0,1, B,11.0,1, B
động lực,8,B,7.0,1, B,0,0, 
tuyên bố,8,B,12.0,1, B,0,0, 
cấu trúc,8,B,4.0,1, B,0,0, 
thuê bao,8,B,13.0,1, B,0,0, 
hiện vật,8,B,8.0,1, B,14.0,2, B
nền tảng,8,B,4.0,1, B,0,0, 
nhiệm kỳ,8,B,5.0,1, B,16.333333333333332,3, B
trung vệ,8,B,12.0,1, B,0,0, 
thiểu số,8,B,7.0,1, B,0,0, 
chủ nhân,8,B,4.0,1, B,9.8,5,A B
hồi giáo,8,B,13.0,1, B,13.75,4, B
đồng chí,8,B,8.0,1, B,0,0, 
danh mục,8,B,9.0,1, B,0,0, 
đóng góp,8,B,3.0,1,A ,10.0,2, B
tiết mục,8,B,8.0,1, B,20.0,1, B
thời đại,8,B,9.0,1, B,0,0, 
thảm hoạ,8,B,7.0,1, B,0,0, 
bãi biển,8,B,6.0,1, B,0,0, 
con cháu,8,B,6.0,1, B,7.333333333333333,6,A B
đặc điểm,8,B,4.0,1,A ,0,0, 
tuổi thơ,8,B,12.0,1, B,0,0, 
lộ trình,8,B,5.0,1,A ,11.136363636363637,22,A B
sản xuất,8,B,10.0,1, B,10.642857142857142,14, B
thắc mắc,8,B,17.0,1, B,0,0, 
hoa hồng,8,B,3.0,1,A ,0,0, 
đánh giá,8,B,10.0,1, B,12.666666666666666,6, B
mặt trận,8,B,5.0,1,A ,0,0, 
nam giới,8,B,7.5,2,A B,10.137254901960784,51,A B
quân khu,8,B,10.0,1, B,0,0, 
quần đảo,8,B,7.0,1, B,0,0, 
tri thức,8,B,8.0,1, B,6.0,1, B
xe khách,8,B,14.0,1, B,10.666666666666666,3, B
bước đầu,8,B,6.0,1, B,14.333333333333334,3, B
bản lĩnh,8,B,6.0,1, B,11.615384615384615,13, B
bầu trời,8,B,11.0,1, B,0,0, 
cấp trên,8,B,8.0,1, B,0,0, 
sân chơi,8,B,4.0,1,A ,15.5,2, B
sinh học,8,B,6.0,1, B,0,0, 
vật dụng,8,B,15.0,1,A ,7.7,30,A B
biệt thự,8,B,3.0,1,A ,9.666666666666666,6, B
bạn trai,8,B,9.0,1, B,0,0, 
tôn giáo,8,B,6.0,1, B,9.916666666666666,12,A B
giấy báo,8,B,4.0,1,A ,0,0, 
cảm hứng,8,B,11.0,1,A ,0,0, 
giới hạn,8,B,18.0,1, B,0,0, 
bản chất,8,B,9.0,1, B,0,0, 
tay nghề,8,B,7.0,1, B,13.833333333333334,6, B
tầng lớp,8,B,8.0,1, B,12.84,25,A B
lựa chọn,8,B,14.0,1, B,18.25,8, B
động tác,8,B,4.0,1,A ,26.0,2, B
tiền mặt,8,B,8.0,1, B,0,0, 
vi khuẩn,8,B,6.0,1, B,0,0, 
chứng cứ,8,B,11.0,1,A ,13.625,8, B
phi công,8,B,7.0,1, B,13.142857142857142,7, B
tâm thần,8,B,8.0,1, B,8.8,5, B
ban ngày,8,B,14.0,1, B,7.0,3,A B
dây điện,8,B,5.0,1, B,17.0,1, B
tầm nhìn,8,B,3.0,1,A ,0,0, 
thủ lĩnh,8,B,9.0,1, B,0,0, 
cây xanh,8,B,5.0,1, B,0,0, 
hiệu ứng,8,B,9.0,1, B,10.875,24,A B
thực vật,8,B,3.0,1,A ,11.6875,48,A B
phóng sự,8,B,8.0,1, B,12.25,8, B
bí quyết,8,B,11.0,1,A ,9.0,3, B
nhận xét,8,B,5.0,1, B,8.333333333333334,3,A B
quà tặng,8,B,6.0,1, B,0,0, 
bài toán,8,B,5.0,1, B,12.555555555555555,9,A B
cánh tay,8,B,3.0,1,A ,0,0, 
đám đông,8,B,8.0,1, B,5.0,1, B
hộ chiếu,8,B,8.0,1, B,19.0,1, B
hàng hải,8,B,8.0,1, B,0,0, 
ngày đêm,8,B,14.0,1, B,13.333333333333334,3,A B
nông sản,8,B,4.0,1, B,7.333333333333333,3,A B
bệnh tật,8,B,6.0,1, B,13.179487179487179,39, B
cương vị,8,B,9.0,1, B,8.76923076923077,26,A B
hương vị,8,B,11.0,1, B,18.5,2, B
phong bì,8,B,3.0,1,A ,13.0,1, B
giấc ngủ,8,B,11.0,1, B,0,0, 
kim loại,8,B,8.0,1, B,6.077922077922078,77,A B
làn sóng,8,B,9.0,1, B,0,0, 
hiệp ước,8,B,17.0,1, B,11.5,4, B
trở ngại,8,B,5.0,1, B,7.5,4,A B
hàng rào,8,B,7.0,1, B,0,0, 
nhật báo,8,B,3.0,1,A ,0,0, 
sức sống,8,B,3.0,1,A ,0,0, 
hội viên,8,B,4.0,1, B,14.5,2, B
quần vợt,8,B,7.0,1, B,0,0, 
doanh số,8,B,7.0,1, B,0,0, 
trung tá,8,B,5.0,1, B,0,0, 
lạm phát,8,B,9.0,1, B,0,0, 
nhà giáo,8,B,9.0,1, B,0,0, 
bóng bàn,8,B,6.0,1, B,0,0, 
bàn phím,8,B,4.0,1,A ,0,0, 
địa hình,8,B,10.0,1, B,0,0, 
thuỷ thủ,8,B,17.0,1, B,12.4,5, B
túi xách,8,B,2.0,1,A ,0,0, 
lề đường,8,B,3.0,1,A ,0,0, 
máy lạnh,8,B,3.0,1,A ,14.4,5, B
khán đài,8,B,39.0,1, B,16.333333333333332,3, B
nghị lực,8,B,7.0,1, B,12.0,1, B
hoàng tử,8,B,6.0,1, B,11.4,10, B
phim ảnh,8,B,8.0,2, B,9.61111111111111,18, B
cường độ,8,B,6.0,1, B,12.333333333333334,6, B
pháo hoa,8,B,14.0,1, B,0,0, 
sinh vật,8,B,5.0,1, B,0,0, 
thiếu nữ,8,B,8.0,1, B,7.0,1, B
tình bạn,8,B,6.0,1, B,16.0,1, B
toàn thể,8,B,11.0,1, B,0,0, 
nhà sách,8,B,7.0,1, B,0,0, 
thủ phạm,8,B,7.0,1, B,0,0, 
đoàn thể,8,B,3.0,1,A ,14.833333333333334,18, B
địa danh,8,B,3.0,1,A ,0,0, 
ghi nhận,8,B,8.0,1, B,0,0, 
tập quán,8,B,7.0,1, B,0,0, 
vòng tay,8,B,4.0,1,A ,0,0, 
nữ hoàng,8,B,8.0,1, B,6.0,1, B
đại dịch,8,B,8.0,1, B,0,0, 
chứng từ,8,B,11.0,1, B,9.5,4, B
công ước,8,B,13.0,1, B,9.2,10, B
linh hồn,8,B,13.0,1, B,7.0,1, B
văn bằng,8,B,10.0,1, B,12.857142857142858,7, B
bản nhạc,8,B,6.0,1, B,9.794871794871796,39,A B
cảm nhận,8,B,5.0,1, B,9.5,4, B
văn minh,8,B,5.0,1, B,15.857142857142858,7, B
châu lục,8,B,7.0,1, B,0,0, 
giám thị,8,B,3.0,1,A ,0,0, 
xung đột,8,B,7.0,1, B,0,0, 
nước máy,8,B,8.0,1,A ,0,0, 
thiên hạ,8,B,5.0,1, B,0,0, 
tuổi thọ,8,B,6.0,1, B,0,0, 
võ thuật,8,B,4.0,1, B,10.875,8,A B
đỉnh cao,8,B,6.0,1, B,0,0, 
phúc lợi,8,B,9.0,1, B,13.333333333333334,3, B
cảnh báo,8,B,10.0,1, B,0,0, 
siêu sao,8,B,16.0,1, B,12.8,5, B
toán học,8,B,7.0,1, B,14.5,2, B
cầu vượt,8,B,3.0,1,A ,0,0, 
địa phận,8,B,3.0,1,A ,8.8,5,A B
cầu lông,8,B,7.0,1, B,0,0, 
cây cảnh,8,B,6.0,1, B,8.0,2, B
mạch máu,8,B,7.0,1, B,14.941176470588236,136, B
huyết áp,8,B,10.0,2, B,14.0,4, B
phân bón,8,B,12.0,1, B,7.0,5, B
thể chất,8,B,12.0,1, B,10.333333333333334,3, B
nhà nghỉ,8,B,8.0,1, B,20.0,4, B
thao tác,8,B,14.0,1, B,14.31578947368421,19, B
tình thế,8,B,4.0,1,A ,0,0, 
tên miền,8,B,3.0,1,A ,0,0, 
thai nhi,8,B,4.0,1,A ,0,0, 
tổng thể,8,B,11.0,1, B,0,0, 
cấp dưới,8,B,6.0,1, B,0,0, 
đạo luật,8,B,8.0,1, B,20.166666666666668,6, B
vùng cao,8,B,5.0,1, B,6.0,2,A B
bề ngoài,8,B,15.0,1, B,4.333333333333333,3,A B
máy quay,8,B,4.0,1,A ,13.0,1, B
mười một,8,B,11.0,1, B,0,0, 
thằng bé,8,B,6.0,1, B,0,0, 
thủ đoạn,8,B,10.0,1, B,0,0, 
tiện ích,8,B,10.0,1, B,16.0,1, B
đông nam,8,B,10.0,1, B,0,0, 
rác thải,8,B,6.0,1, B,7.333333333333333,3, B
thông số,8,B,5.5,2, B,0,0, 
tổng đài,8,B,7.0,1, B,0,0, 
trình tự,8,B,6.0,1, B,7.4,5,A B
cải cách,8,B,9.0,1, B,0,0, 
nghi can,8,B,20.0,1, B,7.0,2, B
phụ tùng,8,B,12.0,1, B,11.5,6, B
thiếu tá,8,B,6.0,1, B,0,0, 
triết lý,8,B,14.0,1, B,9.9,10,A B
tuổi tác,8,B,12.0,1, B,6.0,1, B
quy luật,8,B,12.0,1, B,6.75,4,A B
sương mù,8,B,8.0,1, B,8.0,1, B
cảm biến,8,B,7.0,1, B,12.25,4, B
định mức,8,B,15.0,1, B,0,0, 
sáng tác,8,B,6.0,1, B,9.794871794871796,39,A B
tâm điểm,8,B,6.0,1, B,0,0, 
trứng cá,8,B,12.5,2, B,6.0,3,A B
xác nhận,8,B,13.0,1, B,16.0,1, B
cây xăng,8,B,25.0,1, B,0,0, 
cột sống,8,B,17.0,1, B,9.5,2, B
đặc tính,8,B,8.0,1, B,0,0, 
giày dép,8,B,5.0,1, B,9.0,1, B
lý tưởng,8,B,5.0,1, B,8.0,5, B
quần thể,8,B,11.0,1, B,0,0, 
quốc dân,8,B,8.0,1, B,8.571428571428571,7,A B
tay chân,8,B,12.0,1, B,10.4,5, B
thân thể,8,B,11.0,1, B,0,0, 
trào lưu,8,B,16.0,1, B,0,0, 
bóng tối,8,B,8.0,1, B,8.0,1, B
khủng bố,8,B,5.0,1, B,16.545454545454547,11, B
tai biến,8,B,14.0,1, B,14.0,1, B
biển báo,8,B,5.0,1, B,0,0, 
điều tra,8,B,9.0,1, B,0,0, 
lãnh hải,8,B,8.0,1, B,0,0, 
nội tiết,8,B,11.0,1, B,15.304347826086957,23,A B
phu nhân,8,B,7.5,2, B,11.176470588235293,17,A B
thực dân,8,B,12.0,1, B,0,0, 
vóc dáng,8,B,10.0,1, B,0,0, 
bàn chân,8,B,7.0,1, B,10.0,1, B
yêu sách,8,B,10.0,1, B,8.666666666666666,3,A B
băng rôn,8,B,10.0,1, B,17.866666666666667,15, B
chỗ đứng,8,B,5.0,1, B,9.5,8,A B
mệnh giá,8,B,6.0,1, B,0,0, 
bạo hành,8,B,7.0,1, B,0,0, 
chất xám,8,B,15.0,1, B,6.0,2, B
dàn nhạc,8,B,9.0,1, B,10.0,3, B
hình thể,8,B,7.0,1, B,0,0, 
hoài bão,8,B,8.0,1, B,13.333333333333334,3, B
tổn thất,8,B,6.0,1, B,14.5,2, B
mật khẩu,8,B,11.5,2, B,0,0, 
niêm mạc,8,B,4.0,1,A ,9.0,3, B
pháo đài,8,B,8.0,1, B,0,0, 
tàu ngầm,8,B,19.0,1, B,20.75,4, B
bản thảo,8,B,6.0,1, B,0,0, 
chất vấn,8,B,9.0,1, B,0,0, 
giám sát,8,B,10.0,1, B,0,0, 
công ty,7,B,15.0,1, B,11.727272727272727,11,A B
cơ quan,7,B,4.0,1, B,0,0, 
đại học,7,B,6.0,1, B,22.333333333333332,6, B
khu vực,7,B,16.0,1, B,8.428571428571429,7,A B
kết quả,7,B,6.0,1, B,0,0, 
văn hoá,7,B,5.0,1, B,15.857142857142858,7, B
công an,7,B,2.0,1,A ,0,0, 
tổ chức,7,B,4.0,1, B,0,0, 
du lịch,7,B,17.0,1, B,14.0,1, B
cầu thủ,7,B,14.0,1, B,12.772727272727273,22, B
dịch vụ,7,B,4.0,1,A ,19.0,1, B
cá nhân,7,B,4.0,1, B,9.25,8,A B
thực tế,7,B,8.0,1, B,19.0,1, B
giá trị,7,B,18.0,1, B,9.0,2, B
nhu cầu,7,B,4.0,1,A ,7.5,2,A B
bóng đá,7,B,9.0,1, B,0,0, 
dân tộc,7,B,4.0,1, B,0,0, 
quan hệ,7,B,16.0,1, B,9.75,4,A B
chi phí,7,B,6.0,1, B,11.944444444444445,18,A B
hành vi,7,B,8.0,1, B,0,0, 
thủ tục,7,B,8.0,1, B,0,0, 
toàn bộ,7,B,11.0,1, B,0,0, 
nhà máy,7,B,15.0,1, B,11.363636363636363,11, B
hôm nay,7,B,4.0,1,A ,0,0, 
tài sản,7,B,6.0,1, B,0,0, 
nghệ sĩ,7,B,8.0,1, B,0,0, 
đàn ông,7,B,11.0,1, B,0,0, 
máy bay,7,B,21.0,1, B,0,0, 
tác giả,7,B,12.0,1, B,14.314285714285715,35, B
lịch sử,7,B,6.0,1, B,0,0, 
yêu cầu,7,B,6.0,1, B,16.0,1, B
con gái,7,B,8.0,1, B,10.5,2,A B
báo cáo,7,B,6.0,1, B,0,0, 
địa bàn,7,B,16.0,1, B,8.428571428571429,7,A B
văn bản,7,B,4.0,1,A ,10.75,4,A B
tai nạn,7,B,5.0,2, B,15.0,1, B
âm nhạc,7,B,20.0,1, B,10.9375,32,A B
nguy cơ,7,B,8.0,1, B,14.75,4, B
vai trò,7,B,6.0,1, B,7.0,1, B
hôm qua,7,B,4.0,1,A ,0,0, 
điện tử,7,B,6.0,1,A ,10.75,4, B
cổ phần,7,B,10.0,1, B,6.0,1, B
kỹ năng,7,B,15.0,1, B,15.0,13, B
ban đầu,7,B,8.0,1, B,8.75,4,A B
ung thư,7,B,12.0,1, B,13.25,4, B
tiến sĩ,7,B,18.0,1, B,0,0, 
sự kiện,7,B,16.0,1, B,9.0,2,A B
cảm xúc,7,B,6.0,1, B,9.333333333333334,9, B
đối thủ,7,B,13.0,1, B,13.666666666666666,9, B
ý tưởng,7,B,7.0,1, B,0,0, 
học phí,7,B,3.0,1,A ,0,0, 
ca khúc,7,B,6.0,1, B,11.0,1, B
năm học,7,B,3.0,1,A ,0,0, 
hậu quả,7,B,8.0,1, B,0,0, 
tổng số,7,B,2.0,1,A ,12.5,8, B
chủ nhà,7,B,6.0,1, B,0,0, 
ý nghĩa,7,B,1.0,1,A ,0,0, 
giấy tờ,7,B,2.0,1,A ,0,0, 
bộ phận,7,B,9.0,1, B,0,0, 
địa chỉ,7,B,9.0,1, B,10.0,4, B
giáo sư,7,B,6.0,1, B,0,0, 
sân bay,7,B,5.0,1,A ,0,0, 
học trò,7,B,12.0,1, B,14.35,20, B
vụ việc,7,B,11.0,1, B,10.166666666666666,6, B
nhà văn,7,B,12.0,1, B,14.314285714285715,35, B
văn học,7,B,13.0,1, B,0,0, 
đại hội,7,B,15.0,1, B,14.0,1, B
lợi ích,7,B,4.0,1,A ,0,0, 
dư luận,7,B,6.0,1, B,0,0, 
luật sư,7,B,0,0, ,0,0, 
xe buýt,7,B,20.0,1, B,0,0, 
tiền vệ,7,B,17.0,1, B,0,0, 
mô hình,7,B,4.0,1, B,0,0, 
quần áo,7,B,5.0,1, B,0,0, 
thức ăn,7,B,11.0,1, B,0,0, 
hoa hậu,7,B,16.0,1, B,0,0, 
vệ sinh,7,B,9.0,1, B,0,0, 
đất đai,7,B,7.0,1, B,7.25,4,A B
thái độ,7,B,6.0,1, B,8.0,2, B
an ninh,7,B,2.0,1,A ,0,0, 
quốc lộ,7,B,8.0,1, B,9.833333333333334,6,A B
tạp chí,7,B,10.0,1, B,0,0, 
khí hậu,7,B,8.0,1, B,8.25,4, B
nhạc sĩ,7,B,0,0, ,0,0, 
trật tự,7,B,7.0,1, B,0,0, 
vắc xin,7,B,20.0,1, B,17.25,4, B
đối tác,7,B,4.0,1, B,14.5,2, B
nhà báo,7,B,12.0,1, B,16.5,2, B
nhà hát,7,B,8.0,1, B,8.0,1, B
cô giáo,7,B,8.0,1, B,0,0, 
thủ môn,7,B,18.0,2, B,0,0, 
thạc sĩ,7,B,6.0,1, B,0,0, 
ngư dân,7,B,17.0,1, B,15.5,2, B
đội ngũ,7,B,5.0,1,A ,0,0, 
sự thật,7,B,8.0,1, B,0,0, 
thời kỳ,7,B,14.0,1, B,13.0,21,A B
tổ quốc,7,B,15.0,1, B,15.636363636363637,11,A B
màu sắc,7,B,8.0,1,A ,0,0, 
đạo đức,7,B,7.0,1, B,0,0, 
quan họ,7,B,7.0,1, B,0,0, 
công cụ,7,B,12.0,1, B,0,0, 
bài học,7,B,1.0,1,A ,0,0, 
đồng hồ,7,B,9.0,1, B,0,0, 
chức vụ,7,B,9.0,1, B,14.0,2, B
bàn tay,7,B,7.0,1, B,6.5,4,A B
sự việc,7,B,4.0,1,A ,0,0, 
nụ cười,7,B,11.0,1, B,0,0, 
con cái,7,B,6.0,1, B,7.333333333333333,6,A B
chi cục,7,B,6.0,1, B,10.75,4, B
khu phố,7,B,4.0,1,A ,0,0, 
dữ liệu,7,B,5.0,1, B,10.0,3, B
dự thảo,7,B,6.0,1, B,0,0, 
bạn gái,7,B,8.0,1, B,0,0, 
tư cách,7,B,5.0,1, B,0,0, 
đồ chơi,7,B,14.0,1, B,9.06060606060606,33,A B
tâm hồn,7,B,7.0,1, B,0,0, 
số liệu,7,B,5.0,1, B,10.0,3, B
cử nhân,7,B,10.0,1, B,0,0, 
phạm vi,7,B,16.0,1, B,8.428571428571429,7,A B
quá khứ,7,B,6.0,1, B,0,0, 
nhật ký,7,B,10.0,1, B,0,0, 
quy chế,7,B,6.0,1, B,11.5,4, B
tin học,7,B,12.0,1, B,10.5,2, B
pháp lý,7,B,5.0,1, B,11.571428571428571,14, B
lợi thế,7,B,6.0,1, B,20.0,1, B
tử cung,7,B,16.0,1, B,0,0, 
lớp học,7,B,9.0,1, B,9.5,2,A B
sân nhà,7,B,6.0,1, B,16.0,1, B
độc giả,7,B,6.0,1, B,7.0,1, B
thể dục,7,B,8.0,1, B,0,0, 
kỷ luật,7,B,10.0,1, B,0,0, 
thứ bảy,7,B,10.0,1, B,0,0, 
trí tuệ,7,B,12.0,1,A ,0,0, 
tư pháp,7,B,10.0,1, B,0,0, 
gia cầm,7,B,4.0,1, B,12.2,10,A B
số phận,7,B,8.0,1, B,9.75,4, B
đề nghị,7,B,13.0,1, B,11.727272727272727,11,A B
tên lửa,7,B,22.0,1, B,0,0, 
quê nhà,7,B,7.0,1, B,10.0,1, B
dụng cụ,7,B,3.0,1,A ,0,0, 
nhà đất,7,B,4.0,1, B,0,0, 
di động,7,B,6.0,1, B,6.6,10,A B
môn học,7,B,14.0,1, B,12.1,20, B
thi thể,7,B,5.0,1, B,6.0,1, B
tên gọi,7,B,3.0,1,A ,9.75,4,A B
sai sót,7,B,7.0,1, B,0,0, 
tập thể,7,B,6.0,1, B,13.25,20,A B
dầu khí,7,B,7.5,2,A B,0,0, 
sai lầm,7,B,11.0,1, B,0,0, 
ông chủ,7,B,9.0,1, B,12.8,10, B
bộ luật,7,B,5.0,1, B,11.571428571428571,14, B
nhà thơ,7,B,0,0, ,0,0, 
bê tông,7,B,12.0,2, B,10.5,2, B
cam kết,7,B,6.0,1, B,9.25,4, B
xi măng,7,B,14.0,1, B,14.0,1, B
hoá học,7,B,14.0,1, B,13.0,11,A B
trẻ con,7,B,4.0,1, B,0,0, 
tư liệu,7,B,5.0,1, B,10.0,3, B
nhà thờ,7,B,4.0,1, B,6.666666666666667,3, B
mái tóc,7,B,4.0,1,A ,9.0625,16, B
động cơ,7,B,5.0,1, B,0,0, 
sưu tập,7,B,7.0,1, B,9.4,10, B
đầu mối,7,B,9.0,1, B,9.4,5, B
máy móc,7,B,6.0,1, B,0,0, 
tin tức,7,B,11.0,1,A ,8.666666666666666,3, B
vi phạm,7,B,8.0,1, B,14.5,2, B
nhà trọ,7,B,4.5,2,A B,12.0,1, B
bài tập,7,B,7.0,1, B,10.0,2, B
ban đêm,7,B,14.0,1, B,0,0, 
bánh mì,7,B,4.0,1,A ,0,0, 
đề xuất,7,B,8.0,1, B,8.0,3, B
cổ đông,7,B,8.0,1,A ,15.0,1, B
bạo lực,7,B,10.0,1, B,17.333333333333332,3, B
hội chợ,7,B,9.0,1, B,10.0,1, B
vệ tinh,7,B,8.0,1, B,9.5,2, B
tuần lễ,7,B,14.0,1, B,12.25,4, B
máy ảnh,7,B,12.0,1, B,9.0,8, B
bệnh lý,7,B,4.0,1, B,16.0,1, B
nghị sĩ,7,B,5.0,1, B,0,0, 
bảo mẫu,7,B,4.0,1, B,0,0, 
sĩ quan,7,B,4.0,1, B,0,0, 
hoá đơn,7,B,6.0,1, B,0,0, 
độc lập,7,B,9.0,1, B,0,0, 
ni lông,7,B,9.0,2,A B,0,0, 
trợ cấp,7,B,13.0,1, B,12.0,1, B
bản sắc,7,B,8.0,1, B,0,0, 
dự luật,7,B,7.0,1, B,20.0,5, B
dự kiến,7,B,9.0,1, B,17.285714285714285,7,A B
em trai,7,B,5.0,1, B,0,0, 
nữ sinh,7,B,5.0,1, B,0,0, 
ông già,7,B,5.0,1, B,0,0, 
qui chế,7,B,6.0,1, B,11.5,4, B
danh dự,7,B,5.0,1, B,9.75,4, B
lý luận,7,B,8.0,1, B,0,0, 
hội hoạ,7,B,8.0,2, B,16.6,5, B
mỹ phẩm,7,B,14.0,1, B,9.0,5, B
quản lý,7,B,11.0,1, B,11.333333333333334,3, B
chỉ đạo,7,B,6.0,1, B,0,0, 
bất ngờ,7,B,8.0,1, B,0,0, 
khảo cổ,7,B,11.0,1, B,14.583333333333334,12, B
phụ cấp,7,B,10.0,1, B,7.0,2, B
binh sĩ,7,B,17.0,1, B,12.642857142857142,14, B
thứ hai,7,B,10.0,1, B,21.0,1, B
điện kế,7,B,8.0,1, B,13.5,2, B
trụ cột,7,B,14.0,1, B,22.0,1, B
hải sản,7,B,4.0,1, B,9.090909090909092,11,A B
công vụ,7,B,10.0,1, B,13.0,1, B
gia súc,7,B,3.0,1,A ,12.0,9, B
hạn chế,7,B,6.0,1, B,11.333333333333334,3, B
lâu đài,7,B,6.0,1, B,0,0, 
lời nói,7,B,5.0,1, B,0,0, 
nhân tố,7,B,7.0,1, B,12.333333333333334,6,A B
công sở,7,B,14.0,1, B,22.296875,64,A B
đặc sản,7,B,6.0,1, B,10.0,1, B
mật ong,7,B,11.0,1, B,0,0, 
chế tài,7,B,13.0,1, B,0,0, 
chỉ thị,7,B,19.0,1, B,18.0,1, B
sắc màu,7,B,6.0,1, B,9.0,3, B
tin đồn,7,B,14.0,1, B,0,0, 
ngữ văn,7,B,7.0,1, B,16.166666666666668,12, B
xuất xứ,7,B,7.0,1, B,0,0, 
thám tử,7,B,5.0,1, B,8.777777777777779,9,A B
thứ sáu,7,B,10.0,1, B,0,0, 
tiền tệ,7,B,17.0,1, B,9.166666666666666,6,A B
rào cản,7,B,5.0,1, B,15.0,2, B
sắc đẹp,7,B,5.0,1, B,0,0, 
số đông,7,B,13.0,1, B,0,0, 
tử hình,7,B,12.0,1, B,15.0,5, B
thù lao,7,B,8.0,1, B,0,0, 
tổ tiên,7,B,8.0,1, B,9.0,1, B
ưu điểm,7,B,6.0,1, B,10.0,1, B
đầu gối,7,B,9.0,1, B,0,0, 
kích cỡ,7,B,6.0,1, B,0,0, 
bán đảo,7,B,7.0,1, B,0,0, 
bản sao,7,B,4.0,1,A ,0,0, 
lý lịch,7,B,6.0,1, B,12.0,3, B
màn ảnh,7,B,5.0,1, B,10.0,1, B
cá tính,7,B,9.0,1, B,0,0, 
giao lộ,7,B,11.0,1, B,8.0,2, B
nồng độ,7,B,7.0,1, B,13.0,4,A B
tâm trí,7,B,7.0,1, B,5.0,1, B
tây nam,7,B,10.0,1, B,0,0, 
tủ lạnh,7,B,9.0,1, B,14.0,2, B
con tin,7,B,6.0,1, B,0,0, 
đồ dùng,7,B,6.0,1, B,6.4,5, B
âm lịch,7,B,4.0,1,A ,9.5,2, B
công lý,7,B,7.0,1, B,12.0,1, B
dân chủ,7,B,13.0,1, B,18.5,2, B
nhạc cụ,7,B,7.0,1, B,8.3,10, B
tiến bộ,7,B,10.0,1, B,9.4,5, B
học vấn,7,B,9.0,1, B,0,0, 
trí nhớ,7,B,15.0,1, B,7.0,5, B
vi tính,7,B,3.0,1,A ,9.6,10, B
đầu bếp,7,B,10.0,1, B,12.0,2, B
hơi thở,7,B,6.0,1, B,9.0,1, B
nội các,7,B,6.0,1, B,0,0, 
tay đua,7,B,11.0,1, B,8.0,1,A 
tù nhân,7,B,11.0,1, B,11.166666666666666,6,A B
dấu vết,7,B,7.0,1, B,11.5,2, B
thời cơ,7,B,5.0,1, B,11.0,1, B
kết cấu,7,B,11.0,1, B,6.758064516129032,62,A B
quỹ đạo,7,B,16.0,1, B,8.428571428571429,7,A B
thập kỷ,7,B,14.0,1, B,14.434782608695652,23, B
thể chế,7,B,6.0,1, B,11.5,4, B
tội lỗi,7,B,4.0,1,A ,7.0,1, B
bi kịch,7,B,6.0,1, B,8.777777777777779,9, B
điểm số,7,B,12.0,1, B,12.0,4, B
dự đoán,7,B,6.0,1, B,7.0,1, B
nửa đêm,7,B,8.0,1, B,0,0, 
lâu năm,7,B,14.0,1, B,12.5,4, B
vi sinh,7,B,9.0,1, B,12.1,10,A B
họ hàng,7,B,6.0,1, B,15.0,1, B
bước đi,7,B,18.0,1, B,0,0, 
cơn sốt,7,B,10.0,1, B,11.0,1, B
cột mốc,7,B,3.0,1,A ,10.5,2, B
điều lệ,7,B,7.0,1, B,10.75,8, B
xích lô,7,B,10.0,1, B,0,0, 
áo quần,7,B,10.0,1, B,0,0, 
đòi hỏi,7,B,10.0,1, B,8.666666666666666,3,A B
học giả,7,B,11.0,1, B,12.90625,32,A B
nhà trẻ,7,B,7.0,1, B,0,0, 
bản địa,7,B,17.0,1, B,0,0, 
bàn thờ,7,B,3.0,1,A ,0,0, 
ngoại ô,7,B,4.0,1,A ,0,0, 
hạ viện,7,B,15.0,1, B,26.0,1, B
nội soi,7,B,7.0,1, B,12.0,7, B
sứ mệnh,7,B,8.0,1,A ,0,0, 
cộng sự,7,B,12.0,1, B,0,0, 
bóng rổ,7,B,14.0,1, B,13.0,1, B
chủ toạ,7,B,11.0,1, B,15.5,2, B
dự định,7,B,7.0,1, B,7.833333333333333,6, B
lưu vực,7,B,11.0,1, B,10.0,2, B
xúc cảm,7,B,6.0,1, B,9.333333333333334,9, B
anh văn,7,B,20.0,1, B,13.7,10, B
cầu nối,7,B,6.0,1, B,0,0, 
con nít,7,B,4.0,1, B,0,0, 
du kích,7,B,6.0,1, B,12.0,2, B
dầu thô,7,B,18.5,2,A B,6.0,1, B
hoa văn,7,B,18.0,1, B,12.2,5, B
thứ năm,7,B,10.0,1, B,0,0, 
bệnh xá,7,B,10.0,1, B,11.5,6, B
lãnh tụ,7,B,7.0,1, B,0,0, 
lựu đạn,7,B,3.0,1,A ,14.5,2, B
phần tử,7,B,4.0,1,A ,14.0,1, B
tín chỉ,7,B,7.0,1, B,6.0,1, B
cái tôi,7,B,5.0,1, B,12.0,1, B
mái nhà,7,B,9.0,1, B,11.3,10, B
sức lực,7,B,10.0,1, B,7.0,2,A B
thổ cẩm,7,B,6.0,1, B,0,0, 
bàn ghế,7,B,5.0,1, B,8.75,24,A B
từ điển,7,B,15.0,1, B,13.875,8, B
bánh xe,7,B,8.0,1, B,0,0, 
chi hội,7,B,6.0,1, B,10.75,4, B
chút ít,7,B,22.0,1, B,6.0,1, B
hành lý,7,B,3.0,1,A ,11.0,7,A B
lãnh sự,7,B,12.0,1, B,0,0, 
bạn đời,7,B,6.5,2, B,10.5,8,A B
chị gái,7,B,3.0,1,A ,7.666666666666667,3,A B
hộp đen,7,B,8.0,1, B,0,0, 
khí đốt,7,B,3.0,1,A ,0,0, 
lục địa,7,B,7.0,1, B,0,0, 
phân tử,7,B,8.0,1, B,0,0, 
xe tăng,7,B,13.0,3, B,11.0,1, B
thế lực,7,B,5.0,1, B,9.666666666666666,3,A B
vận tốc,7,B,5.0,1, B,15.272727272727273,11, B
cố gắng,7,B,5.0,1, B,7.0,2, B
dáng vẻ,7,B,4.0,1,A ,0,0, 
hải tặc,7,B,9.0,1, B,13.5,2, B
mất mát,7,B,13.0,1, B,9.0,1, B
mỹ nhân,7,B,5.0,1, B,0,0, 
ổ chuột,7,B,2.0,1,A ,0,0, 
quy tắc,7,B,7.0,1, B,14.333333333333334,3, B
sơn mài,7,B,7.0,1, B,0,0, 
trạm xá,7,B,5.0,1,A ,0,0, 
cha ông,7,B,8.0,1, B,5.0,1, B
lỗ hổng,7,B,8.0,1, B,12.0,1, B
tầm vóc,7,B,8.0,1, B,0,0, 
bút chì,7,B,3.0,1,A ,7.0,2, B
cây bút,7,B,12.0,1, B,14.314285714285715,35, B
cây cối,7,B,13.0,1, B,11.244444444444444,180,A B
di chúc,7,B,7.0,1, B,8.0,3, B
hạn hán,7,B,3.0,1,A ,0,0, 
ưu tiên,7,B,9.0,1, B,0,0, 
chỉ huy,7,B,6.0,1, B,15.0,4,A B
chủ thể,7,B,4.0,1, B,0,0, 
cửa ngõ,7,B,12.0,1, B,15.0,1, B
vấn đề,6,B,8.0,1, B,16.5,2, B
tất cả,6,B,11.0,1, B,0,0, 
xã hội,6,B,12.0,1, B,10.75,4, B
cán bộ,6,B,15.0,1, B,15.0,2, B
bác sĩ,6,B,11.0,1, B,9.5,4, B
phụ nữ,6,B,8.5,2, B,10.5,58,A B
cơ hội,6,B,16.0,1, B,9.0,2,A B
đơn vị,6,B,12.0,1, B,11.2,35,A B
ý kiến,6,B,5.0,1, B,8.333333333333334,3,A B
trẻ em,6,B,9.0,1, B,10.588235294117647,17,A B
vị trí,6,B,5.0,1, B,0,0, 
uỷ ban,6,B,14.0,1, B,14.842105263157896,19, B
bạn bè,6,B,3.0,1,A ,10.0,3, B
bị cáo,6,B,20.0,1, B,7.0,2, B
cha mẹ,6,B,9.0,1, B,6.833333333333333,6,A B
đô thị,6,B,13.0,1, B,9.333333333333334,3, B
bà con,6,B,6.0,1, B,15.0,1, B
yếu tố,6,B,7.0,1, B,10.666666666666666,3,A B
chế độ,6,B,8.0,1, B,12.625,16,A B
anh em,6,B,9.0,1, B,8.666666666666666,3,A B
con số,6,B,8.0,1, B,6.8125,16,A B
tốc độ,6,B,16.0,1, B,9.714285714285714,35,A B
thế hệ,6,B,8.0,1, B,9.5,2, B
cơ thể,6,B,2.0,1,A ,12.0,2, B
thủ đô,6,B,8.0,1, B,0,0, 
cà phê,6,B,6.0,1, B,11.076923076923077,13, B
ma tuý,6,B,6.0,1, B,0,0, 
ước mơ,6,B,7.0,1, B,0,0, 
mức độ,6,B,6.0,1, B,0,0, 
chủ đề,6,B,12.0,1, B,12.0,1, B
thế kỷ,6,B,14.0,1, B,18.5,2, B
cơ chế,6,B,4.0,1, B,0,0, 
thị xã,6,B,15.0,1, B,0,0, 
xe máy,6,B,11.0,2,A B,8.117647058823529,17,A B
nỗ lực,6,B,5.0,1, B,7.0,2, B
dân cư,6,B,5.0,1, B,25.5,2, B
di sản,6,B,6.0,2, B,0,0, 
căn hộ,6,B,3.0,1,A ,0,0, 
trụ sở,6,B,3.0,1,A ,8.25,4, B
tế bào,6,B,11.0,1, B,10.043478260869565,23,A B
đề tài,6,B,5.0,1, B,8.0,4, B
áp lực,6,B,11.0,1, B,0,0, 
lễ hội,6,B,7.0,1, B,12.555555555555555,9,A B
da cam,6,B,9.0,1, B,8.0,1, B
hoạ sĩ,6,B,5.0,1, B,0,0, 
chỉ số,6,B,15.0,1, B,0,0, 
vũ khí,6,B,10.0,1, B,0,0, 
tài xế,6,B,12.0,1, B,13.428571428571429,14, B
xe đạp,6,B,5.0,1, B,0,0, 
dân số,6,B,8.0,1, B,0,0, 
bị can,6,B,7.0,1, B,16.0,2, B
chị em,6,B,3.0,1,A ,7.666666666666667,3,A B
cử tri,6,B,7.0,1, B,12.75,4, B
ông bà,6,B,5.0,1, B,2.5,2,A 
quy mô,6,B,6.0,1, B,0,0, 
ý thức,6,B,15.0,1, B,11.0,3, B
kỷ lục,6,B,2.0,1,A ,0,0, 
xe tải,6,B,10.0,1, B,10.272727272727273,11, B
ý định,6,B,7.0,1, B,0,0, 
vật lý,6,B,14.0,1, B,5.0,1, B
bến xe,6,B,4.0,1,A ,9.0,5,A B
hậu vệ,6,B,17.0,1, B,0,0, 
vẻ đẹp,6,B,5.0,1, B,0,0, 
vỉa hè,6,B,9.0,1, B,0,0, 
giá cả,6,B,4.0,1, B,13.5,2, B
đại sứ,6,B,8.0,1, B,0,0, 
cửa sổ,6,B,2.0,1,A ,10.5,2, B
ngã tư,6,B,11.0,1, B,8.0,2, B
căn cứ,6,B,4.0,1,A ,0,0, 
cư dân,6,B,5.0,1, B,12.357142857142858,14,A B
số một,6,B,5.0,1, B,5.5,2, B
sức ép,6,B,8.0,1, B,0,0, 
bản đồ,6,B,8.0,1, B,10.571428571428571,7, B
đàn bà,6,B,11.0,1, B,0,0, 
tư thế,6,B,5.0,1, B,0,0, 
xe hơi,6,B,10.0,1, B,9.709677419354838,31,A B
em gái,6,B,3.0,1,A ,7.666666666666667,3,A B
cơ cấu,6,B,13.0,1, B,11.333333333333334,3, B
bộ máy,6,B,4.0,1, B,0,0, 
mồ hôi,6,B,8.0,1, B,18.0,1, B
bộ môn,6,B,6.0,1, B,10.0,6, B
cơ khí,6,B,3.0,1,A ,6.0,2, B
tư duy,6,B,19.0,1, B,10.571428571428571,14, B
cao su,6,B,11.0,1, B,9.5,4,A B
đại lý,6,B,9.0,1, B,12.666666666666666,3, B
bản án,6,B,5.0,1, B,11.0,2, B
áo dài,6,B,6.0,1, B,0,0, 
vũ trụ,6,B,13.0,1, B,11.666666666666666,3, B
cô dâu,6,B,12.0,1, B,0,0, 
bề mặt,6,B,7.0,1, B,4.0,2,A 
trợ lý,6,B,13.0,1, B,0,0, 
lái xe,6,B,8.0,2, B,6.0,1, B
đại lộ,6,B,8.0,1, B,0,0, 
dấu ấn,6,B,6.0,1, B,0,0, 
ưu thế,6,B,8.0,1, B,0,0, 
cây số,6,B,8.0,1, B,0,0, 
hô hấp,6,B,8.0,1, B,9.846153846153847,13, B
qui mô,6,B,16.0,1, B,0,0, 
tội ác,6,B,11.0,1, B,13.0,1, B
chữ ký,6,B,5.0,1, B,0,0, 
khối u,6,B,5.0,1, B,8.88888888888889,18, B
đại tá,6,B,6.0,1, B,7.0,1, B
bí mật,6,B,7.0,1, B,0,0, 
một ít,6,B,22.0,1, B,8.75,4, B
nhà tù,6,B,4.0,1,A ,0,0, 
kẻ thù,6,B,6.0,1, B,22.0,1, B
y khoa,6,B,11.0,1, B,0,0, 
dự báo,6,B,11.0,1, B,14.0,2, B
góc độ,6,B,6.0,1, B,9.0,4, B
dân ca,6,B,8.0,2, B,11.5,2,A B
cổ vật,6,B,14.0,1, B,7.25,4, B
cố vấn,6,B,10.0,1, B,20.0,1, B
vật tư,6,B,8.0,1, B,9.235294117647058,51,A B
rủi ro,6,B,8.0,1, B,14.75,4, B
sa mạc,6,B,11.0,1, B,12.0,3, B
tệ nạn,6,B,4.0,1,A ,0,0, 
bảo vệ,6,B,2.0,1,A ,17.0,2, B
học kỳ,6,B,5.0,1, B,0,0, 
vị thế,6,B,5.0,1, B,9.5,8,A B
lô cốt,6,B,8.0,1, B,0,0, 
ý nghĩ,6,B,5.0,1, B,9.5,4, B
cơ bản,6,B,5.0,1, B,4.5,2,A B
chu kỳ,6,B,10.0,1, B,11.0,1, B
cá mập,6,B,12.0,1, B,0,0, 
con bé,6,B,5.0,1, B,11.076923076923077,26,A B
đáp án,6,B,3.0,1,A ,0,0, 
tứ kết,6,B,7.0,1, B,0,0, 
lũ lụt,6,B,14.0,1, B,12.666666666666666,3, B
ý muốn,6,B,6.0,1, B,0,0, 
mật độ,6,B,6.0,1, B,10.6,5, B
bô xít,6,B,6.0,1,A ,0,0, 
mơ ước,6,B,11.0,1, B,7.0,2,A B
thư ký,6,B,5.0,1, B,0,0, 
búp bê,6,B,6.0,1, B,10.0,7,A B
nhà ga,6,B,4.0,1,A ,9.0,5,A B
đồ đạc,6,B,12.0,1, B,0,0, 
lời lẽ,6,B,7.0,1, B,0,0, 
tổ hợp,6,B,10.0,1, B,10.5,2, B
cấp độ,6,B,9.0,1, B,7.8,10,A B
đồ vật,6,B,14.0,1, B,8.833333333333334,6,A B
bao bì,6,B,7.0,1, B,8.0,1, B
bộ mặt,6,B,6.0,1, B,12.5,2, B
sở hữu,6,B,9.0,1, B,0,0, 
chú rể,6,B,12.0,1, B,0,0, 
cử chỉ,6,B,17.0,1, B,11.714285714285714,14, B
xu thế,6,B,4.0,1,A ,0,0, 
mặt nạ,6,B,9.0,1, B,11.333333333333334,3, B
dạ dày,6,B,6.0,1, B,0,0, 
tâm sự,6,B,13.0,1, B,0,0, 
xe lăn,6,B,6.0,1, B,10.0,2, B
âm mưu,6,B,9.0,1, B,0,0, 
thứ tự,6,B,7.0,1, B,0,0, 
nụ hôn,6,B,4.0,1,A ,12.0,2, B
bộ đôi,6,B,3.0,1,A ,13.0,1, B
hệ quả,6,B,9.0,1, B,10.875,24,A B
tỉ phú,6,B,9.0,1, B,0,0, 
ổ cứng,6,B,4.0,1, B,0,0, 
thứ ba,6,B,10.0,1, B,20.0,1, B
gia vị,6,B,11.0,1, B,9.0,1, B
tần số,6,B,5.0,1, B,9.428571428571429,7,A B
dầu mỏ,6,B,7.0,2, B,14.0,1, B
kỳ hạn,6,B,14.0,1, B,5.333333333333333,3, B
san hô,6,B,6.0,1, B,0,0, 
thứ tư,6,B,10.0,1, B,0,0, 
cổ tức,6,B,8.0,1, B,14.0,4, B
dị tật,6,B,6.0,1, B,11.333333333333334,9,A B
tâm tư,6,B,7.0,1, B,0,0, 
ưu đãi,6,B,9.0,1, B,0,0, 
xe lửa,6,B,14.0,1, B,14.5,8, B
đầu óc,6,B,11.0,1, B,8.0,1, B
tỷ phú,6,B,9.0,1, B,0,0, 
đá quý,6,B,7.0,1, B,9.333333333333334,3, B
dị ứng,6,B,17.0,1, B,11.75,4, B
học kì,6,B,5.0,1, B,6.25,4, B
tín đồ,6,B,10.0,1, B,19.08108108108108,37,A B
tờ rơi,6,B,8.0,1, B,15.0,1, B
nợ nần,6,B,12.0,1, B,0,0, 
hỗ trợ,6,B,5.0,1, B,0,0, 
dự án,5,B,7.0,1, B,20.0,5, B
cơ sở,5,B,5.0,1, B,6.5,2, B
hồ sơ,5,B,11.0,1, B,13.333333333333334,3, B
lý do,5,B,5.0,1, B,11.0,1, B
ca sĩ,5,B,0,0, ,0,0, 
tỉ lệ,5,B,4.0,1, B,0,0, 
nhà ở,5,B,3.0,1,A ,11.333333333333334,6,A B
bố mẹ,5,B,9.0,1, B,6.833333333333333,6,A B
đa số,5,B,13.0,1, B,0,0, 
sự cố,5,B,3.0,1,A ,8.0,1, B
đề án,5,B,4.0,1,A ,9.294117647058824,17,A B
tỷ số,5,B,4.0,1, B,4.0,1, B
đô la,5,B,11.0,1, B,10.391304347826088,23,A B
tỉ số,5,B,4.0,1, B,4.0,1, B
ti vi,5,B,11.0,1, B,0,0, 
kỹ sư,5,B,4.0,1, B,11.076923076923077,13, B
tỷ lệ,5,B,16.0,1, B,11.324324324324325,37,A B
tự do,5,B,4.0,1, B,0,0, 
em bé,5,B,3.0,1,A ,14.0,9, B
ví dụ,5,B,2.0,1,A ,0,0, 
ý chí,5,B,7.0,1, B,0,0, 
y học,5,B,15.0,1, B,11.142857142857142,7, B
ký ức,5,B,6.0,1, B,0,0, 
cự ly,5,B,5.0,1, B,11.875,8, B
xứ sở,5,B,15.0,1, B,15.636363636363637,11,A B
xe cộ,5,B,16.0,1, B,10.625,8,A B
xa lộ,5,B,6.0,1, B,13.333333333333334,3, B
nô lệ,5,B,13.0,1, B,11.666666666666666,3, B
hệ số,5,B,8.0,1, B,0,0, 
bộ đồ,5,B,7.0,1, B,10.0,5, B
đề cử,5,B,7.0,1, B,0,0, 
sơ đồ,5,B,4.0,1,A ,9.294117647058824,17,A B
sư tử,5,B,0,0, ,0,0, 
đu đủ,5,B,8.0,1, B,0,0, 
võ sĩ,5,B,13.0,1, B,16.571428571428573,21, B
mã số,5,B,3.0,1,A ,0,0, 
mô tô,5,B,10.0,1, B,10.0,2, B
ba lô,5,B,3.0,1,A ,7.756756756756757,37,A B
gợi ý,5,B,9.0,1, B,0,0, 
xe đò,5,B,3.0,1,A ,10.166666666666666,6, B
ba má,5,B,9.0,1, B,6.833333333333333,6,A B
sơ mi,5,B,10.0,1, B,9.777777777777779,9,A B
bà xã,5,B,7.5,2, B,11.176470588235293,17,A B
á hậu,5,B,6.0,1, B,0,0, 
y tế,4,B,7.0,1, B,0,0, 
ô tô,4,B,10.0,1, B,9.709677419354838,31,A B
y tá,4,B,13.0,1, B,0,0, 
ổ gà,4,B,6.0,1, B,0,0, 
ý đồ,4,B,7.0,1, B,7.833333333333333,6, B
vitamin,7,A,13.0,1, B,24.5,2, B
trường,6,A,14.0,1, B,10.25,4, B
khoảng,6,A,8.0,1, B,0,0, 
chuyện,6,A,6.0,1, B,0,0, 
chuyến,6,A,2.0,1,A ,0,0, 
phường,6,A,15.0,1, B,0,0, 
trưởng,6,A,7.0,1, B,10.1,10, B
phương,6,A,5.0,1, B,8.5625,16,A B
thuyền,6,A,20.0,1, B,0,0, 
giường,6,A,13.0,1, B,11.15,20,A B
truyện,6,A,10.0,1, B,11.333333333333334,9, B
chuông,6,A,13.0,1, B,0,0, 
ngưỡng,6,A,4.0,1,A ,0,0, 
nguyên,6,A,2.0,1,A ,8.125,8, B
chiêng,6,A,8.0,1, B,0,0, 
chương,6,A,3.0,1,A ,0,0, 
chuồng,6,A,14.0,1, B,5.5,2, B
khoang,6,A,2.0,1,A ,0,0, 
người,5,A,4.0,1, B,0,0, 
tháng,5,A,14.0,1, B,16.666666666666668,6, B
người,5,A,4.0,1, B,0,0, 
đường,5,A,9.0,1, B,10.0,11,A B
triệu,5,A,11.0,1, B,0,0, 
ngành,5,A,11.0,1, B,14.571428571428571,14, B
chiếc,5,A,2.0,1,A ,37.0,1, B
huyện,5,A,4.0,1,A ,9.9375,16,A B
tiếng,5,A,13.0,1, B,9.0,2, B
phòng,5,A,14.0,1, B,22.296875,64,A B
nguồn,5,A,8.0,1, B,0,0, 
khách,5,A,7.0,1, B,10.25,4,A B
chiều,5,A,4.0,1,A ,0,0, 
thuốc,5,A,11.0,1, B,10.666666666666666,6, B
quyền,5,A,6.0,1, B,0,0, 
chồng,5,A,6.0,2,A B,0,0, 
tuyến,5,A,4.0,1,A ,8.714285714285714,7,A B
khoản,5,A,11.0,1, B,15.666666666666666,3, B
trang,5,A,2.0,1,A ,12.0,9, B
lượng,5,A,18.0,1, B,9.0,2, B
hướng,5,A,6.0,1,A ,14.310344827586206,29,A B
lương,5,A,13.0,1, B,8.0,1, B
tranh,5,A,14.0,1, B,13.25,20, B
giọng,5,A,10.0,1, B,9.0,1, B
phiên,5,A,14.0,1, B,0,0, 
nghĩa,5,A,1.0,1,A ,17.0,1, B
chiều,5,A,4.0,1,A ,0,0, 
phiếu,5,A,8.0,1, B,11.0,11, B
chàng,5,A,8.0,1, B,13.5,2, B
miệng,5,A,4.0,1,A ,3.0,1,A 
trung,5,A,18.0,1, B,12.2,5, B
tường,5,A,7.0,1, B,10.8,10, B
trứng,5,A,7.0,1, B,0,0, 
chàng,5,A,8.0,1, B,13.5,2, B
quyển,5,A,4.0,1,A ,25.0,1, B
nghìn,5,A,11.0,1, B,8.0,1, B
giống,5,A,3.0,1,A ,0,0, 
xương,5,A,15.0,1, B,0,0, 
tượng,5,A,5.0,1,A ,0,0, 
khung,5,A,7.0,1, B,7.0,2, B
miếng,5,A,7.0,1, B,8.0,5,A B
thùng,5,A,19.0,1, B,0,0, 
thành,5,A,13.0,1, B,0,0, 
gương,5,A,8.0,1, B,0,0, 
thành,5,A,13.0,1, B,0,0, 
tiếng,5,A,13.0,1, B,9.0,2, B
ruộng,5,A,5.0,1,A ,0,0, 
chuẩn,5,A,10.0,1, B,13.3,10,A B
chuỗi,5,A,6.0,1, B,0,0, 
chuột,5,A,13.0,1, B,0,0, 
trăng,5,A,0,0, ,0,0, 
luồng,5,A,3.0,1,A ,0,0, 
chặng,5,A,8.0,1, B,23.0,1, B
tướng,5,A,6.0,1, B,8.25,4,A B
thằng,5,A,3.0,1,A ,0,0, 
thằng,5,A,3.0,1,A ,0,0, 
trống,5,A,4.0,1,A ,9.0,4, B
giếng,5,A,5.0,1, B,9.0,5, B
xưởng,5,A,10.0,1, B,10.5,4, B
lượng,5,A,18.0,1, B,9.0,2, B
chứng,5,A,14.0,1, B,9.666666666666666,3, B
tuyết,5,A,9.0,1, B,14.0,2, B
thanh,5,A,3.0,1,A ,5.785714285714286,14,A B
duyên,5,A,6.0,1, B,9.0,2, B
thang,5,A,8.0,1, B,12.555555555555555,9, B
nhánh,5,A,3.0,1,A ,0,0, 
sương,5,A,7.0,1, B,0,0, 
xuồng,5,A,9.0,1, B,19.0,1, B
nhiệt,5,A,9.0,1, B,12.833333333333334,6, B
chanh,5,A,9.0,1, B,15.0,1, B
chuối,5,A,7.0,1, B,9.4,5, B
chiêu,5,A,10.0,1, B,0,0, 
khuya,5,A,8.0,1, B,0,0, 
quặng,5,A,6.0,1,A ,10.4,5, B
muỗng,5,A,19.0,1, B,0,0, 
buồng,5,A,5.0,1, B,0,0, 
mương,5,A,9.0,1, B,5.333333333333333,3,A B
xoang,5,A,6.0,1, B,11.25,8,A B
thước,5,A,10.0,1, B,8.666666666666666,3, B
triều,5,A,6.0,1, B,13.625,32,A B
cuống,5,A,5.0,1, B,0,0, 
không,5,A,5.0,1, B,0,0, 
tràng,5,A,3.0,1,A ,0,0, 
ngày,4,A,14.0,1, B,14.0,1, B
việc,4,A,6.0,1, B,0,0, 
nước,4,A,7.0,1, B,0,0, 
tuổi,4,A,12.0,1, B,6.0,1, B
đồng,4,A,7.0,2, B,7.0,1, B
tiền,4,A,11.0,1, B,10.54054054054054,37,A B
cuộc,4,A,12.0,1, B,10.5,10, B
điều,4,A,6.0,1, B,0,0, 
nhau,4,A,4.0,1,A ,0,0, 
tỉnh,4,A,8.0,1, B,0,0, 
cách,4,A,4.0,1,A ,0,0, 
điểm,4,A,9.0,1, B,7.8,10,A B
phim,4,A,8.0,2, B,9.61111111111111,18, B
loại,4,A,16.0,2, B,0,0, 
giải,4,A,3.0,1,A ,10.222222222222221,9,A B
phần,4,A,5.0,1, B,7.2,10,A B
biển,4,A,20.0,1, B,0,0, 
hàng,4,A,2.0,1,A ,6.5,2, B
sáng,4,A,8.0,1, B,0,0, 
nhóm,4,A,5.0,1, B,8.851851851851851,27,A B
phía,4,A,5.0,1, B,8.5625,16,A B
vùng,4,A,16.0,1, B,8.428571428571429,7,A B
buổi,4,A,12.0,1, B,10.428571428571429,7, B
quận,4,A,4.0,1,A ,0,0, 
trận,4,A,8.0,1, B,0,0, 
bệnh,4,A,6.0,1, B,13.179487179487179,39, B
bóng,4,A,4.0,1,A ,0,0, 
cháu,4,A,3.0,1,A ,6.333333333333333,3,A B
tuần,4,A,14.0,1, B,12.25,4, B
đoàn,4,A,12.0,1, B,0,0, 
phút,4,A,8.0,1, B,12.428571428571429,7,A B
vòng,4,A,10.0,1, B,0,0, 
sông,4,A,8.0,1, B,0,0, 
sách,4,A,4.0,1,A ,10.75,4,A B
điện,4,A,8.0,1, B,0,0, 
châu,4,A,5.0,1, B,11.0,1, B
lòng,4,A,7.0,1, B,0,0, 
cuối,4,A,8.0,1, B,0,0, 
nghề,4,A,6.0,1, B,10.0,1, B
thuế,4,A,2.0,1,A ,13.666666666666666,3, B
miền,4,A,7.0,1, B,6.0,1,A 
luật,4,A,5.0,1, B,11.571428571428571,14, B
giấy,4,A,7.0,1, B,9.13953488372093,43,A B
chân,4,A,6.0,1, B,7.666666666666667,3,A B
làng,4,A,11.0,1, B,3.0,1,A 
hãng,4,A,15.0,1, B,11.727272727272727,11,A B
tính,4,A,11.0,1, B,18.5,2, B
cạnh,4,A,4.0,1,A ,3.0,1,A 
mạng,4,A,5.0,1, B,5.333333333333333,3,A B
vàng,4,A,10.0,1, B,9.75,4, B
dòng,4,A,5.0,1, B,10.0,2, B
giới,4,A,6.0,1, B,8.0,1, B
thầy,4,A,6.0,1, B,2.75,4,A B
chục,4,A,11.0,1, B,0,0, 
ngôi,4,A,6.0,1, B,12.666666666666666,3, B
rừng,4,A,7.0,1, B,0,0, 
trăm,4,A,11.0,1, B,0,0, 
khối,4,A,7.0,1, B,0,0, 
đoạn,4,A,3.0,1,A ,5.785714285714286,14,A B
thời,4,A,8.0,1, B,0,0, 
viện,4,A,11.0,1, B,8.0,3,A B
kiểu,4,A,4.0,1,A ,0,0, 
cảnh,4,A,8.0,1, B,14.333333333333334,18, B
cuốn,4,A,7.0,1, B,0,0, 
đảng,4,A,6.0,1, B,13.794117647058824,34,A B
bảng,4,A,9.0,1, B,0,0, 
trời,4,A,17.0,1, B,9.727272727272727,11,A B
ngàn,4,A,11.0,1, B,8.0,1, B
chất,4,A,4.5,2,A B,14.041666666666666,24,A B
hạng,4,A,6.0,1, B,9.75,4,A B
cánh,4,A,7.0,1, B,0,0, 
quán,4,A,7.0,1, B,0,0, 
phép,4,A,8.0,1, B,9.125,8,A B
hình,4,A,14.0,1, B,0,0, 
trạm,4,A,11.0,1, B,13.0,9,A B
tình,4,A,9.0,1, B,8.390243902439025,41,A B
bước,4,A,18.0,1, B,0,0, 
xăng,4,A,10.0,2, B,9.0,3, B
giữa,4,A,10.0,1, B,0,0, 
khoa,4,A,4.0,1,A ,0,0, 
thịt,4,A,13.0,1, B,0,0, 
lượt,4,A,7.0,1, B,9.0,2, B
bằng,4,A,10.0,1, B,12.857142857142858,7, B
tầng,4,A,12.0,1, B,0,0, 
mười,4,A,11.0,1, B,0,0, 
quân,4,A,12.0,1, B,8.125,8,A B
kênh,4,A,6.0,1, B,7.875,8, B
thôn,4,A,8.0,1, B,0,0, 
loài,4,A,11.0,1, B,0,0, 
sóng,4,A,7.0,1, B,0,0, 
trai,4,A,3.0,1,A ,10.545454545454545,11,A B
rượu,4,A,8.0,1, B,10.916666666666666,12,A B
dịch,4,A,8.0,1, B,9.642857142857142,14,A B
cảng,4,A,4.0,1,A ,8.0,2, B
bang,4,A,7.0,1, B,0,0, 
bánh,4,A,3.0,1,A ,20.0,1, B
suất,4,A,4.0,1, B,10.0,1, B
loạt,4,A,6.0,1, B,0,0, 
vườn,4,A,5.0,1, B,0,0, 
dạng,4,A,9.0,1, B,12.5,2, B
mảnh,4,A,7.0,1, B,8.0,5,A B
khoá,4,A,7.0,1, B,7.5,6, B
băng,4,A,7.0,1, B,8.5,4, B
lính,4,A,17.0,1, B,12.642857142857142,14, B
chùa,4,A,6.0,1, B,0,0, 
lưng,4,A,11.0,1, B,0,0, 
chức,4,A,8.0,1, B,13.444444444444445,108,A B
chút,4,A,8.0,1, B,13.666666666666666,3, B
súng,4,A,15.0,1, B,10.166666666666666,12,A B
cổng,4,A,11.0,1, B,7.0,4, B
lưới,4,A,5.0,1, B,5.333333333333333,3,A B
ngọn,4,A,13.0,1, B,0,0, 
lệnh,4,A,8.0,1, B,0,0, 
toán,4,A,10.0,1, B,14.0,7,A B
đồng,4,A,7.0,2, B,7.0,1, B
kịch,4,A,11.0,1, B,20.0,8, B
trại,4,A,3.0,1,A ,0,0, 
chín,4,A,5.0,1, B,0,0, 
diện,4,A,16.0,1, B,8.428571428571429,7,A B
xuân,4,A,11.0,1, B,0,0, 
công,4,A,9.0,1, B,0,0, 
thép,4,A,6.0,1, B,10.75,12, B
thai,4,A,4.0,1,A ,0,0, 
bụng,4,A,6.0,1,A ,0,0, 
giày,4,A,19.0,1, B,0,0, 
giây,4,A,13.0,1, B,9.0,1, B
đông,4,A,3.0,1,A ,0,0, 
ngực,4,A,11.0,1, B,0,0, 
than,4,A,22.5,2, B,10.5,4, B
khâu,4,A,11.0,1, B,8.5,2, B
đỉnh,4,A,6.0,1, B,0,0, 
khói,4,A,4.5,2,A B,0,0, 
thân,4,A,4.0,1,A ,0,0, 
tiệm,4,A,12.0,1, B,14.717948717948717,39,A B
chim,4,A,3.0,1,A ,0,0, 
viên,4,A,6.0,1, B,0,0, 
chai,4,A,4.0,1,A ,0,0, 
vịnh,4,A,8.0,1, B,0,0, 
dược,4,A,12.0,1, B,0,0, 
tiệc,4,A,9.0,1, B,15.25,16,A B
hiệp,4,A,7.0,1, B,0,0, 
mình,4,A,11.0,1, B,0,0, 
đông,4,A,3.0,1,A ,0,0, 
nhịp,4,A,10.0,1, B,0,0, 
cước,4,A,5.0,1, B,17.0,1, B
muối,4,A,4.0,1,A ,0,0, 
răng,4,A,7.0,1, B,0,0, 
bình,4,A,19.0,1, B,0,0, 
kính,4,A,7.0,1, B,11.368421052631579,19,A B
khớp,4,A,11.0,1, B,8.666666666666666,6,A B
giọt,4,A,4.0,1,A ,0,0, 
lịch,4,A,10.0,1, B,11.0,3, B
cống,4,A,8.0,1, B,0,0, 
bảng,4,A,9.0,1, B,0,0, 
phổi,4,A,11.0,1, B,0,0, 
ngựa,4,A,6.0,1, B,0,0, 
suối,4,A,8.0,1, B,10.0,6,A B
cháo,4,A,9.0,1, B,0,0, 
mảng,4,A,3.0,1,A ,5.785714285714286,14,A B
đống,4,A,20.0,1, B,0,0, 
tháp,4,A,4.0,1,A ,7.5,2,A B
trâu,4,A,8.0,1, B,0,0, 
ruột,4,A,7.0,1, B,7.0,2, B
gạch,4,A,9.5,2, B,9.0,5, B
quần,4,A,10.0,1, B,9.222222222222221,18,A B
đằng,4,A,10.0,1, B,11.833333333333334,6, B
vách,4,A,13.0,1, B,0,0, 
rưỡi,4,A,17.0,1, B,6.0,2, B
ngón,4,A,10.0,1, B,0,0, 
ngôi,4,A,6.0,1, B,12.666666666666666,3, B
diều,4,A,6.0,1, B,9.0,2, B
khúc,4,A,22.0,1, B,0,0, 
thận,4,A,4.0,1,A ,0,0, 
cành,4,A,3.0,1,A ,0,0, 
lông,4,A,7.0,1, B,0,0, 
liều,4,A,11.0,1, B,7.2,5,A B
họng,4,A,13.0,1, B,0,0, 
quầy,4,A,3.0,1,A ,10.2,5, B
dáng,4,A,15.0,1, B,4.333333333333333,3,A B
mạch,4,A,15.0,1, B,11.0,3, B
móng,4,A,5.0,1, B,0,0, 
nhãn,4,A,8.0,1, B,0,0, 
cung,4,A,10.0,1, B,0,0, 
rồng,4,A,4.0,1,A ,0,0, 
tiết,4,A,14.0,1, B,7.0,8, B
điệu,4,A,6.0,1, B,11.25,8,A B
muỗi,4,A,7.0,1, B,0,0, 
trùm,4,A,9.0,1, B,13.0,1, B
chén,4,A,3.0,1,A ,0,0, 
địch,4,A,6.0,1, B,22.0,1, B
đuôi,4,A,15.0,2, B,0,0, 
chốn,4,A,5.0,1, B,6.6923076923076925,26,A B
đích,4,A,6.0,1, B,7.0,1, B
hang,4,A,4.0,1,A ,0,0, 
quan,4,A,7.0,1, B,11.0,2, B
động,4,A,4.0,1,A ,0,0, 
thần,4,A,8.0,1, B,10.0,2, B
thảm,4,A,13.0,1, B,0,0, 
lưỡi,4,A,8.0,1, B,0,0, 
gian,4,A,11.0,1, B,4.666666666666667,3,A B
kinh,4,A,9.0,1, B,20.555555555555557,9, B
đôla,4,A,11.0,1, B,10.391304347826088,23,A B
giặc,4,A,8.0,1, B,0,0, 
thác,4,A,8.0,1, B,9.5,2, B
chậu,4,A,4.0,1,A ,0,0, 
chốt,4,A,8.0,1, B,0,0, 
phao,4,A,13.0,1, B,8.75,4, B
xiếc,4,A,13.0,1, B,0,0, 
biên,4,A,4.0,1,A ,3.0,1,A 
trục,4,A,5.0,1,A ,8.714285714285714,7, B
phân,4,A,4.0,1,A ,9.0,4, B
chúa,4,A,13.0,1, B,0,0, 
viên,4,A,6.0,1, B,0,0, 
mười,4,A,11.0,1, B,0,0, 
bướu,4,A,10.0,2, B,11.3,10,A B
inch,4,A,10.0,1, B,0,0, 
phím,4,A,4.0,1,A ,0,0, 
chùm,4,A,6.0,1, B,0,0, 
pháo,4,A,4.0,1,A ,0,0, 
trán,4,A,8.0,1, B,0,0, 
mồng,4,A,6.0,1, B,5.666666666666667,3,A B
phật,4,A,5.0,1,A ,0,0, 
hiệu,4,A,2.0,1,A ,4.0,1, B
khẩu,4,A,4.0,1,A ,3.0,1,A 
vành,4,A,4.0,1,A ,0,0, 
sườn,4,A,8.0,1, B,0,0, 
phái,4,A,2.0,1,A ,15.833333333333334,6, B
canh,4,A,7.0,1, B,0,0, 
thềm,4,A,9.0,1, B,0,0, 
hông,4,A,11.0,1, B,0,0, 
ngài,4,A,14.0,1, B,0,0, 
sừng,4,A,6.0,1, B,0,0, 
tảng,4,A,6.0,1,A ,16.0,2, B
trầm,4,A,3.0,1,A ,0,0, 
chảo,4,A,11.0,1, B,11.0,7,A B
dinh,4,A,8.0,1, B,0,0, 
nhôm,4,A,7.0,1, B,8.0,2, B
băng,4,A,7.0,1, B,8.5,4, B
chín,4,A,5.0,1, B,0,0, 
thăm,4,A,5.0,1, B,0,0, 
tiêu,4,A,9.0,1, B,10.5,4, B
rạch,4,A,14.0,1, B,0,0, 
hồng,4,A,7.0,1, B,0,0, 
phấn,4,A,16.0,1, B,0,0, 
danh,4,A,11.0,1, B,0,0, 
giàn,4,A,7.0,1, B,9.268292682926829,41,A B
màng,4,A,4.0,1,A ,0,0, 
chăn,4,A,10.0,1, B,8.8,5,A B
lồng,4,A,4.0,1,A ,0,0, 
sinh,4,A,14.0,1, B,10.0,1, B
trần,4,A,7.0,1, B,8.0,2, B
nhện,4,A,17.0,1, B,0,0, 
trầu,4,A,4.0,1,A ,0,0, 
vạch,4,A,3.0,1,A ,12.76923076923077,13, B
kiếm,4,A,8.0,1, B,8.571428571428571,7,A B
bưởi,4,A,9.0,1, B,0,0, 
bướm,4,A,18.0,1, B,0,0, 
chòi,4,A,9.0,1, B,7.666666666666667,9,A B
hành,4,A,4.0,1,A ,7.5,4, B
nhân,4,A,13.0,1, B,0,0, 
hạch,4,A,6.0,1, B,0,0, 
thức,4,A,14.0,1, B,0,0, 
tiên,4,A,11.0,1, B,0,0, 
ruồi,4,A,11.0,1, B,0,0, 
tông,4,A,7.0,1, B,7.545454545454546,22, B
chấm,4,A,3.0,1,A ,0,0, 
các,3,A,3.0,1,A ,11.0,1, B
một,3,A,4.0,1,A ,0,0, 
khi,3,A,6.0,1, B,0,0, 
năm,3,A,14.0,1, B,6.0,1, B
ông,3,A,8.0,1, B,0,0, 
hai,3,A,5.0,1, B,10.5,2, B
nhà,3,A,6.0,1, B,0,0, 
anh,3,A,11.0,1, B,9.0,2,A B
lần,3,A,14.0,1, B,13.5,2, B
lúc,3,A,8.0,1, B,13.666666666666666,3, B
dân,3,A,7.0,1, B,10.714285714285714,7, B
giá,3,A,19.0,1, B,0,0, 
cái,3,A,5.0,1, B,0,0, 
bên,3,A,4.0,1, B,14.181818181818182,11,A B
nơi,3,A,10.0,1, B,12.533333333333333,15, B
nhà,3,A,6.0,1, B,0,0, 
thứ,3,A,7.0,1, B,9.0,2, B
đất,3,A,3.0,1,A ,9.096774193548388,31,A B
con,3,A,6.0,1, B,7.333333333333333,6,A B
mọi,3,A,10.0,1, B,0,0, 
con,3,A,6.0,1, B,7.333333333333333,6,A B
đầu,3,A,7.0,1, B,5.0,3,A B
bạn,3,A,8.0,1, B,0,0, 
giờ,3,A,3.0,1,A ,9.375,16,A B
chị,3,A,3.0,1,A ,7.666666666666667,3,A B
mức,3,A,5.0,1, B,0,0, 
trẻ,3,A,14.0,1, B,11.0,2, B
ban,3,A,16.0,1, B,0,0, 
khu,3,A,15.0,1, B,0,0, 
bài,3,A,5.0,1, B,9.0,2, B
đội,3,A,8.0,1, B,11.142857142857142,7,A B
lớp,3,A,5.0,1, B,0,0, 
tên,3,A,3.0,1,A ,8.5,2, B
lời,3,A,5.0,1, B,0,0, 
tay,3,A,3.0,1,A ,0,0, 
báo,3,A,3.0,1,A ,0,0, 
mùa,3,A,14.0,1, B,11.764705882352942,17, B
mặt,3,A,6.0,1, B,0,0, 
câu,3,A,7.0,1, B,12.38888888888889,18,A B
đêm,3,A,14.0,1, B,10.5,2, B
vài,3,A,22.0,1, B,0,0, 
tàu,3,A,20.0,1, B,0,0, 
bốn,3,A,5.0,1, B,0,0, 
cầu,3,A,4.0,1,A ,7.5,2,A B
mắt,3,A,1.0,1,A ,0,0, 
tin,3,A,11.0,1,A ,10.571428571428571,7, B
chỗ,3,A,8.0,1, B,0,0, 
hội,3,A,8.0,1,A ,19.0,2, B
màu,3,A,14.0,1, B,8.777777777777779,9, B
môn,3,A,0,0, ,0,0, 
chủ,3,A,9.0,1, B,12.8,10, B
sân,3,A,10.0,1, B,10.5,4, B
ảnh,3,A,17.0,1, B,0,0, 
đôi,3,A,3.0,1,A ,13.0,1, B
nam,3,A,15.0,1, B,0,0, 
vốn,3,A,7.0,1, B,0,0, 
năm,3,A,14.0,1, B,6.0,1, B
cấp,3,A,6.0,1, B,9.75,4,A B
bão,3,A,6.0,1, B,0,0, 
gái,3,A,5.0,1, B,11.076923076923077,26,A B
cây,3,A,6.0,1, B,0,0, 
đời,3,A,14.0,1, B,7.0,1, B
vai,3,A,11.0,1, B,0,0, 
chợ,3,A,9.0,1, B,10.666666666666666,3, B
máy,3,A,11.0,1, B,0,0, 
tối,3,A,12.0,1, B,0,0, 
sức,3,A,7.0,1, B,0,0, 
sáu,3,A,5.0,1, B,0,0, 
tết,3,A,4.0,1,A ,0,0, 
bản,3,A,6.0,1, B,9.794871794871796,39,A B
mối,3,A,8.0,1, B,23.833333333333332,6, B
nền,3,A,10.0,1, B,10.5,2, B
núi,3,A,20.0,1, B,7.0,2,A B
hoa,3,A,13.0,1, B,0,0, 
sữa,3,A,6.0,1, B,0,0, 
máu,3,A,3.0,1,A ,0,0, 
dầu,3,A,18.5,2,A B,6.0,1, B
quê,3,A,5.0,1, B,0,0, 
đơn,3,A,8.0,1, B,13.25,4, B
căn,3,A,4.0,1, B,15.363636363636363,11, B
cơn,3,A,14.0,1, B,0,0, 
hồi,3,A,3.0,1,A ,0,0, 
cục,3,A,9.0,1, B,0,0, 
chữ,3,A,18.0,1, B,0,0, 
đảo,3,A,12.0,1, B,0,0, 
cha,3,A,5.0,1, B,0,0, 
ông,3,A,8.0,1, B,0,0, 
đợt,3,A,2.0,1,A ,0,0, 
dịp,3,A,3.0,1,A ,6.0,1, B
tấn,3,A,15.0,1, B,0,0, 
cửa,3,A,8.0,1, B,0,0, 
tội,3,A,9.0,1, B,0,0, 
đèn,3,A,22.0,1, B,12.0,1, B
bàn,3,A,19.0,1, B,20.0,1, B
quà,3,A,6.0,1, B,8.666666666666666,3, B
bắc,3,A,15.0,1, B,0,0, 
tấm,3,A,4.0,1,A ,14.0,3, B
mẫu,3,A,4.0,1,A ,0,0, 
nửa,3,A,10.0,1, B,0,0, 
lối,3,A,2.0,1,A ,0,0, 
món,3,A,13.0,1, B,11.73758865248227,141,A B
gốc,3,A,5.0,1, B,8.851851851851851,27,A B
lúa,3,A,6.0,1, B,0,0, 
phí,3,A,9.0,1, B,0,0, 
cơm,3,A,4.0,1,A ,0,0, 
pha,3,A,14.0,1, B,13.0,21,A B
thẻ,3,A,3.0,1,A ,11.0,1, B
gạo,3,A,6.0,1, B,0,0, 
quỹ,3,A,6.0,1, B,0,0, 
gió,3,A,8.0,1, B,8.7,30,A B
thư,3,A,6.0,2, B,11.5625,16,A B
tay,3,A,3.0,1,A ,0,0, 
tây,3,A,15.0,1, B,0,0, 
bữa,3,A,15.0,1, B,11.0,1, B
rác,3,A,6.0,1, B,7.333333333333333,3, B
cậu,3,A,6.0,1, B,2.75,4,A B
mũi,3,A,6.0,1, B,0,0, 
bảy,3,A,5.0,1, B,0,0, 
thơ,3,A,8.0,1, B,7.5,2, B
ánh,3,A,6.0,1, B,0,0, 
góc,3,A,11.0,1, B,8.212121212121213,33,A B
dây,3,A,5.0,1, B,4.0,1,A 
món,3,A,13.0,1, B,11.73758865248227,141,A B
cây,3,A,6.0,1, B,0,0, 
bọn,3,A,9.0,1, B,0,0, 
ghế,3,A,12.0,1, B,0,0, 
cặp,3,A,3.0,1,A ,13.0,1, B
tám,3,A,5.0,1, B,0,0, 
rau,3,A,7.0,1, B,9.75,4, B
tóc,3,A,11.0,1, B,7.066666666666666,15,A B
lửa,3,A,7.0,1, B,0,0, 
bậc,3,A,6.0,1, B,0,0, 
cát,3,A,3.0,1,A ,0,0, 
bao,3,A,2.0,1,A ,0,0, 
quả,3,A,10.0,1, B,22.0,2, B
lỗi,3,A,14.0,1, B,9.666666666666666,3, B
nét,3,A,5.0,1, B,0,0, 
tập,3,A,9.0,1, B,8.642857142857142,14,A B
vợt,3,A,6.0,1, B,0,0, 
đĩa,3,A,8.0,1, B,5.0,2,A B
ống,3,A,3.0,1,A ,7.0,1, B
cậu,3,A,6.0,1, B,2.75,4,A B
bãi,3,A,13.0,1, B,7.0,1, B
tim,3,A,4.0,1,A ,10.8,10, B
sàn,3,A,6.0,1, B,8.0,1, B
mùi,3,A,0,0, ,0,0, 
gói,3,A,4.0,1,A ,0,0, 
hạn,3,A,8.0,1, B,10.0,1, B
xóm,3,A,4.0,1,A ,12.333333333333334,3, B
đàn,3,A,3.0,1,A ,0,0, 
hạt,3,A,7.0,1, B,8.0,5,A B
tầm,3,A,16.0,1, B,8.428571428571429,7,A B
túi,3,A,2.0,1,A ,0,0, 
lợi,3,A,4.0,1,A ,0,0, 
nền,3,A,10.0,1, B,10.5,2, B
văn,3,A,6.0,1, B,16.0,1, B
vua,3,A,13.0,1, B,0,0, 
sao,3,A,7.0,1, B,9.0,1, B
khí,3,A,11.0,1, B,7.589743589743589,39,A B
hộp,3,A,19.0,1, B,0,0, 
đám,3,A,14.0,1, B,8.333333333333334,6, B
bến,3,A,4.0,1,A ,9.0,5,A B
kho,3,A,19.0,1, B,0,0, 
thu,3,A,3.0,1,A ,0,0, 
chú,3,A,10.0,1, B,6.0,1, B
tấm,3,A,4.0,1,A ,14.0,3, B
heo,3,A,13.0,1, B,0,0, 
bom,3,A,3.0,1,A ,0,0, 
vết,3,A,11.0,1, B,0,0, 
bụi,3,A,7.0,1, B,18.0,1, B
chó,3,A,7.0,1, B,0,0, 
tụi,3,A,3.0,1,A ,13.0,2, B
màn,3,A,11.0,1, B,0,0, 
ven,3,A,3.0,1,A ,0,0, 
cụm,3,A,6.0,1, B,10.75,4, B
anh,3,A,11.0,1, B,9.0,2,A B
mực,3,A,6.0,1, B,0,0, 
tài,3,A,12.0,1, B,13.428571428571429,14, B
sắt,3,A,7.0,1, B,7.363636363636363,11,A B
trà,3,A,6.0,1, B,0,0, 
dấu,3,A,12.0,1, B,0,0, 
vật,3,A,13.0,1, B,5.25,4,A B
bạn,3,A,8.0,1, B,0,0, 
đài,3,A,4.0,1,A ,7.5,2,A B
đền,3,A,6.0,1, B,0,0, 
lít,3,A,12.0,1, B,0,0, 
não,3,A,12.0,1,A ,0,0, 
bột,3,A,7.0,1, B,0,0, 
quý,3,A,14.0,1, B,0,0, 
làn,3,A,10.0,1, B,0,0, 
bếp,3,A,8.0,1, B,6.571428571428571,7, B
chú,3,A,10.0,1, B,6.0,1, B
lứa,3,A,5.0,1, B,2.0,1,A 
cột,3,A,3.0,1,A ,0,0, 
thợ,3,A,3.0,1,A ,10.833333333333334,6, B
tai,3,A,6.0,1, B,8.777777777777779,9, B
quả,3,A,10.0,1, B,22.0,2, B
sợi,3,A,7.0,1, B,7.0,7, B
mái,3,A,10.0,1, B,0,0, 
phe,3,A,10.0,1, B,18.0,1, B
thế,3,A,14.0,1, B,0,0, 
bùn,3,A,3.0,1,A ,0,0, 
dãy,3,A,6.0,1, B,0,0, 
mét,3,A,8.0,1, B,0,0, 
trò,3,A,12.0,1, B,14.35,20, B
váy,3,A,10.0,1, B,8.692307692307692,13,A B
bia,3,A,3.0,1,A ,9.666666666666666,6, B
đáy,3,A,7.0,1, B,0,0, 
tôm,3,A,6.0,1, B,7.0,1, B
bậc,3,A,6.0,1, B,0,0, 
cân,3,A,12.0,1, B,0,0, 
vải,3,A,8.0,1, B,0,0, 
mụn,3,A,7.0,1, B,4.5,2,A B
nút,3,A,6.0,1, B,0,0, 
phó,3,A,5.0,1, B,11.208333333333334,24,A B
hơi,3,A,6.0,1, B,7.0,2, B
đạn,3,A,7.0,1, B,7.0,4,A B
hầm,3,A,7.0,1, B,10.5,2, B
cúp,3,A,7.0,1, B,14.0,2, B
thú,3,A,18.0,1, B,0,0, 
gối,3,A,3.0,1,A ,5.5,2, B
dao,3,A,15.0,1, B,8.578947368421053,19,A B
gan,3,A,7.0,1, B,9.25,4, B
trụ,3,A,3.0,1,A ,0,0, 
đồi,3,A,3.0,1,A ,12.0,3, B
tre,3,A,9.0,1, B,7.142857142857143,7,A B
rạp,3,A,5.0,1, B,8.941176470588236,17,A B
dải,3,A,7.0,1, B,0,0, 
bạc,3,A,8.5,2, B,19.0,1, B
ghe,3,A,4.0,1, B,0,0, 
bút,3,A,6.0,1, B,8.375,8,A B
múa,3,A,4.0,1,A ,11.0,1, B
nếp,3,A,6.0,1, B,7.25,4, B
mầm,3,A,14.0,1, B,0,0, 
chì,3,A,7.0,1, B,0,0, 
đập,3,A,3.0,1,A ,0,0, 
mục,3,A,9.0,1, B,0,0, 
bản,3,A,6.0,1, B,9.794871794871796,39,A B
lụt,3,A,14.0,1, B,12.666666666666666,3, B
cáp,3,A,10.0,1, B,9.4,5, B
gốm,3,A,5.0,1, B,7.6,5, B
môi,3,A,14.0,1, B,6.0,2, B
kem,3,A,7.0,1, B,0,0, 
pin,3,A,3.0,1,A ,0,0, 
hết,3,A,8.0,1, B,7.9,10,A B
toa,3,A,3.0,1,A ,10.166666666666666,6, B
phà,3,A,4.0,1, B,16.0,1, B
voi,3,A,14.0,1, B,0,0, 
xác,3,A,7.0,1, B,0,0, 
hòn,3,A,3.0,1,A ,5.785714285714286,14,A B
mây,3,A,3.0,1,A ,0,0, 
bìa,3,A,8.5,2,A B,10.0,6,A B
hồn,3,A,7.0,1, B,0,0, 
bao,3,A,2.0,1,A ,0,0, 
gấu,3,A,11.0,1, B,7.0,1, B
lều,3,A,7.0,1, B,0,0, 
lợn,3,A,6.0,1, B,7.0,1, B
tên,3,A,3.0,1,A ,8.5,2, B
lực,3,A,14.0,1, B,8.0,19, B
dàn,3,A,10.0,1, B,13.0,1, B
còi,3,A,6.0,1, B,0,0, 
dâu,3,A,13.0,1, B,0,0, 
sỏi,3,A,8.0,1, B,0,0, 
sơn,3,A,7.0,1, B,0,0, 
nắp,3,A,9.0,1, B,6.0,4,A B
nhỏ,3,A,8.0,1, B,0,0, 
sếp,3,A,7.0,1, B,0,0, 
vạn,3,A,11.0,1, B,0,0, 
loa,3,A,15.0,1, B,11.166666666666666,6,A B
ván,3,A,12.0,1, B,0,0, 
tựa,3,A,4.0,1,A ,7.428571428571429,7, B
dốc,3,A,8.0,1, B,0,0, 
mồi,3,A,9.5,2, B,10.0,2, B
tâm,3,A,7.0,1, B,0,0, 
bầu,3,A,3.0,1,A ,0,0, 
vịt,3,A,3.0,1,A ,15.0,1, B
tốp,3,A,10.0,1, B,14.0,7,A B
nến,3,A,19.0,1, B,0,0, 
rùa,3,A,10.0,1, B,10.454545454545455,11, B
sắc,3,A,12.0,1, B,0,0, 
bữa,3,A,15.0,1, B,11.0,1, B
của,3,A,3.0,1,A ,10.818181818181818,22, B
tem,3,A,8.0,1, B,0,0, 
van,3,A,6.0,1, B,12.0,3, B
nồi,3,A,3.0,1,A ,6.9714285714285715,35,A B
bẫy,3,A,5.0,1, B,8.0,2, B
khỉ,3,A,17.0,1, B,0,0, 
chè,3,A,6.0,1, B,0,0, 
mèo,3,A,12.0,1, B,6.777777777777778,9,A B
trí,3,A,8.0,1, B,8.8,5, B
mốc,3,A,6.0,1, B,13.0,1, B
bát,3,A,19.0,1, B,0,0, 
sẹo,3,A,3.0,1,A ,0,0, 
đùi,3,A,9.0,1, B,8.0,2, B
men,3,A,4.0,1,A ,8.333333333333334,3, B
tia,3,A,5.0,1,A ,0,0, 
dừa,3,A,2.0,1,A ,0,0, 
xưa,3,A,6.0,1, B,0,0, 
nấm,3,A,3.0,1,A ,0,0, 
lầu,3,A,6.0,1, B,6.6,5, B
tám,3,A,5.0,1, B,0,0, 
bắp,3,A,3.0,1,A ,3.0,1,A 
gen,3,A,3.0,1,A ,10.0,21,A B
rốn,3,A,5.0,1, B,0,0, 
cồn,3,A,8.0,1, B,10.916666666666666,12,A B
đào,3,A,8.0,1, B,0,0, 
đồn,3,A,3.0,1,A ,11.0,3, B
mâm,3,A,6.0,1, B,8.875,8,A B
cõi,3,A,4.0,1,A ,10.9375,32,A B
cua,3,A,22.0,1, B,10.0,11, B
lụa,3,A,10.0,1, B,0,0, 
kẹo,3,A,6.0,1, B,9.428571428571429,42,A B
rắn,3,A,21.0,1, B,6.5,6, B
đèo,3,A,4.0,1,A ,7.0,3,A B
mía,3,A,9.0,1, B,6.0,1, B
mai,3,A,6.0,1, B,0,0, 
mẩu,3,A,7.0,1, B,8.0,5,A B
đầm,3,A,5.0,1, B,5.0,1, B
hàm,3,A,13.0,1, B,10.545454545454545,11,A B
đạm,3,A,5.5,2,A B,6.5,2,A B
cực,3,A,9.0,1, B,0,0, 
cọc,3,A,22.0,1, B,9.0,2, B
mối,3,A,8.0,1, B,23.833333333333332,6, B
nắm,3,A,20.0,1, B,7.0,2,A B
khe,3,A,8.0,1, B,0,0, 
sen,3,A,13.0,1, B,0,0, 
cặp,3,A,3.0,1,A ,13.0,1, B
ong,3,A,23.0,1, B,6.9,10, B
mật,3,A,13.0,1, B,0,0, 
giỏ,3,A,19.0,1, B,0,0, 
kim,3,A,6.0,1, B,0,0, 
sáo,3,A,18.0,1, B,0,0, 
bầy,3,A,7.0,1, B,0,0, 
kwh,3,A,13.0,1, B,0,0, 
lon,3,A,7.0,1, B,0,0, 
mìn,3,A,8.0,1, B,0,0, 
nón,3,A,8.0,1, B,9.681818181818182,22,A B
dầm,3,A,3.0,1,A ,0,0, 
mác,3,A,0,0, ,0,0, 
củi,3,A,9.0,1, B,10.25,4, B
hẹn,3,A,9.0,1, B,13.0,1, B
rơm,3,A,10.0,1, B,0,0, 
chị,3,A,3.0,1,A ,7.666666666666667,3,A B
mép,3,A,4.0,1,A ,0,0, 
sét,3,A,3.0,1,A ,0,0, 
bài,3,A,5.0,1, B,9.0,2, B
gai,3,A,8.0,1, B,0,0, 
bồn,3,A,15.0,1, B,0,0, 
dứa,3,A,7.0,1, B,0,0, 
bục,3,A,3.0,1,A ,0,0, 
mốt,3,A,10.0,1, B,0,0, 
mứt,3,A,3.0,1,A ,7.0,6,A B
gậy,3,A,3.0,1,A ,7.0,2,A B
tỏi,3,A,14.0,1, B,0,0, 
roi,3,A,3.0,1,A ,0,0, 
sửu,3,A,22.0,1, B,11.5,4, B
màn,3,A,11.0,1, B,0,0, 
dép,3,A,7.0,1, B,7.5,2, B
kẽm,3,A,3.0,1,A ,0,0, 
sụn,3,A,9.0,1, B,7.6,5, B
búa,3,A,9.0,1, B,8.0,3, B
gân,3,A,7.0,1, B,7.0,1, B
lốc,3,A,6.0,1, B,9.0,1, B
nho,3,A,3.0,1,A ,10.692307692307692,13,A B
râu,3,A,8.0,1, B,0,0, 
tật,3,A,14.0,1, B,23.5,2, B
vệt,3,A,22.0,1, B,0,0, 
chỉ,3,A,6.0,1, B,0,0, 
keo,3,A,7.0,1, B,9.0,2, B
ngô,3,A,3.0,1,A ,0,0, 
vôi,3,A,16.0,1, B,0,0, 
ếch,3,A,10.0,1, B,0,0, 
khổ,3,A,4.0,1,A ,0,0, 
lao,3,A,17.0,1, B,6.2,5, B
táo,3,A,10.0,1, B,9.666666666666666,3, B
bọt,3,A,7.0,1, B,8.5,2, B
vực,3,A,7.0,1, B,0,0, 
cặn,3,A,4.0,1,A ,6.25,4,A B
rào,3,A,7.0,1, B,0,0, 
sắn,3,A,2.0,1,A ,0,0, 
sáu,3,A,5.0,1, B,0,0, 
chỉ,3,A,6.0,1, B,0,0, 
cốc,3,A,3.0,1,A ,0,0, 
cừu,3,A,22.0,1, B,9.4,5, B
nốt,3,A,7.0,1, B,0,0, 
can,3,A,19.0,1, B,0,0, 
vòi,3,A,3.0,1,A ,11.0,2, B
cam,3,A,9.0,1, B,11.75,4, B
cốt,3,A,9.0,1, B,0,0, 
số,2,A,8.0,1, B,9.75,4, B
bộ,2,A,4.0,1,A ,0,0, 
xe,2,A,7.0,2, B,0,0, 
bà,2,A,2.0,1,A ,0,0, 
cô,2,A,20.0,1, B,0,0, 
ba,2,A,7.0,1, B,5.0,1,A 
mẹ,2,A,9.0,1, B,0,0, 
vụ,2,A,10.0,1, B,11.0,1, B
bé,2,A,3.0,1,A ,14.0,9, B
xã,2,A,4.0,1,A ,12.333333333333334,3, B
bộ,2,A,4.0,1,A ,0,0, 
sở,2,A,6.0,1, B,6.0,1, B
em,2,A,10.0,1, B,0,0, 
cô,2,A,20.0,1, B,0,0, 
vợ,2,A,5.0,1, B,0,0, 
da,2,A,9.0,1, B,8.153846153846153,26,A B
vé,2,A,16.0,1, B,8.125,8, B
lễ,2,A,3.0,1,A ,10.571428571428571,14, B
độ,2,A,9.0,1, B,7.8,10,A B
hộ,2,A,3.5,2,A B,10.74074074074074,27, B
án,2,A,7.0,1, B,18.4,5, B
áo,2,A,13.0,1, B,6.25,24,A B
km,2,A,8.0,1, B,0,0, 
lũ,2,A,18.0,1, B,0,0, 
bờ,2,A,4.0,1,A ,0,0, 
kỳ,2,A,14.0,1, B,11.0,9, B
tờ,2,A,6.0,1, B,6.333333333333333,3,A B
hs,2,A,8.0,1, B,0,0, 
đá,2,A,7.0,1, B,8.5,4, B
đồ,2,A,7.0,1, B,8.25,4, B
vị,2,A,2.0,1,A ,5.5,2, B
kg,2,A,15.0,1, B,3.0,1,A 
cá,2,A,8.0,1, B,0,0, 
bố,2,A,5.0,1, B,0,0, 
kẻ,2,A,4.0,1, B,0,0, 
hệ,2,A,4.0,1,A ,0,0, 
cú,2,A,8.0,1, B,10.428571428571429,7, B
hồ,2,A,7.0,1, B,0,0, 
đề,2,A,5.0,1, B,0,0, 
ca,2,A,2.0,1,A ,0,0, 
gỗ,2,A,17.0,1, B,9.010989010989011,91,A B
hè,2,A,6.0,1, B,16.0,1, B
bà,2,A,2.0,1,A ,0,0, 
lá,2,A,5.0,1, B,6.0,1, B
nợ,2,A,12.0,1, B,0,0, 
tỷ,2,A,5.0,1, B,0,0, 
gà,2,A,10.0,1, B,11.5,6, B
cổ,2,A,14.0,1, B,4.0,1, B
tổ,2,A,13.0,1, B,0,0, 
từ,2,A,17.0,1, B,0,0, 
ba,2,A,7.0,1, B,5.0,1,A 
lô,2,A,3.0,1,A ,0,0, 
xứ,2,A,4.0,1,A ,8.696969696969697,33,A B
vụ,2,A,10.0,1, B,11.0,1, B
cỏ,2,A,7.0,1, B,0,0, 
mã,2,A,9.0,1, B,8.4,10,A B
vẻ,2,A,7.0,1, B,11.333333333333334,3, B
bò,2,A,2.0,1,A ,8.0,1, B
vỏ,2,A,17.0,1, B,6.0,1, B
cờ,2,A,22.0,1, B,11.0,3, B
lá,2,A,5.0,1, B,6.0,1, B
sổ,2,A,11.0,1, B,0,0, 
mỏ,2,A,7.0,1, B,7.0,1, B
cm,2,A,7.0,1, B,0,0, 
ấp,2,A,7.0,1, B,0,0, 
đò,2,A,5.0,1, B,0,0, 
độ,2,A,9.0,1, B,7.8,10,A B
má,2,A,2.0,1,A ,0,0, 
lò,2,A,8.0,1, B,6.4,5, B
họ,2,A,5.0,1, B,8.545454545454545,11,A B
ga,2,A,34.0,1, B,0,0, 
cơ,2,A,16.0,1, B,9.0,2,A B
mỡ,2,A,7.0,2, B,14.0,1, B
lẽ,2,A,10.0,1, B,0,0, 
bé,2,A,3.0,1,A ,14.0,9, B
em,2,A,10.0,1, B,0,0, 
cỡ,2,A,9.0,1, B,0,0, 
ly,2,A,19.0,1, B,0,0, 
gã,2,A,2.0,1,A ,0,0, 
đê,2,A,13.0,1, B,0,0, 
lỗ,2,A,2.0,1,A ,0,0, 
mm,2,A,8.0,1, B,0,0, 
mũ,2,A,19.0,1, B,0,0, 
tù,2,A,10.0,1, B,8.2,5, B
đà,2,A,6.0,1, B,0,0, 
sử,2,A,6.0,1, B,11.285714285714286,7, B
tủ,2,A,7.0,1, B,12.0,4, B
vị,2,A,2.0,1,A ,5.5,2, B
hố,2,A,11.0,1, B,4.5,2,A B
mộ,2,A,7.0,1, B,4.5,2,A B
tổ,2,A,13.0,1, B,0,0, 
củ,2,A,4.0,1,A ,7.5,4, B
ao,2,A,21.0,1, B,0,0, 
lề,2,A,7.0,1, B,0,0, 
võ,2,A,8.0,1, B,0,0, 
cò,2,A,16.0,1, B,11.428571428571429,14,A B
âm,2,A,14.0,1, B,20.0,1, B
dì,2,A,13.0,1, B,8.5,2, B
hổ,2,A,6.0,1, B,7.0,3, B
lý,2,A,10.0,1, B,0,0, 
lọ,2,A,19.0,1, B,7.0,1, B
gb,2,A,30.0,1, B,0,0, 
kè,2,A,7.0,1, B,0,0, 
ma,2,A,11.0,1, B,0,0, 
cu,2,A,7.0,2, B,7.0,1, B
cỗ,2,A,5.0,1, B,6.0,2, B
mô,2,A,6.0,1, B,9.0,1, B
bể,2,A,20.0,1, B,0,0, 
dế,2,A,2.0,1,A ,19.0,1, B
gã,2,A,2.0,1,A ,0,0, 
sứ,2,A,7.0,1, B,0,0, 
mg,2,A,7.0,1, B,0,0, 
mủ,2,A,7.0,1, B,6.0,1, B
cọ,2,A,6.0,1, B,10.142857142857142,14,A B
vú,2,A,4.0,1, B,0,0, 
bó,2,A,3.0,1,A ,0,0, 
cớ,2,A,8.0,1, B,0,0, 
dê,2,A,22.0,1, B,5.6,5, B
ví,2,A,3.0,1,A ,0,0, 
ba,2,A,7.0,1, B,5.0,1,A 
bè,2,A,2.0,1,A ,15.833333333333334,6, B
mì,2,A,4.0,1, B,8.666666666666666,6, B
sọ,2,A,3.0,1,A ,0,0, 
mớ,2,A,20.0,1, B,7.0,2,A B
kỷ,2,A,14.0,1, B,12.0,1, B
ml,2,A,12.0,1, B,0,0, 
xu,2,A,11.0,1, B,0,0, 
kệ,2,A,10.0,1, B,11.25,4, B
rễ,2,A,7.0,1, B,0,0, 
gd,2,A,30.0,1, B,0,0, 
ớt,2,A,7.0,1, B,0,0, 
tí,2,A,8.0,1, B,10.0,1, B
cỗ,2,A,5.0,1, B,6.0,2, B
ct,2,A,0,0, ,0,0, 
óc,2,A,7.0,1, B,5.0,1, B
m,1,A,11.0,1, B,8.0,1, B
ý,1,A,5.0,1, B,8.916666666666666,12,A B
y,1,A,7.0,1, B,0,0, 
ô,1,A,10.0,1, B,0,0, 
ổ,1,A,5.0,1, B,2.0,1,A 
u,1,A,7.0,1, B,15.0,2, B
g,1,A,5.0,1,A ,0,0, 
c,1,A,6.0,2, B,0,0, 
