angstrom,1,A,16.0,1, B,0,0, 
inch,2,A,10.0,1, B,0,0, 
information technology,2,A,11.0,1,A ,0,0, 
iodine,1,A,11.0,2,A B,10.0,2,A 
helium,2,A,11.5,2, B,0,0, 
arsenic,2,A,15.0,1, B,0,0, 
astatine,2,A,11.0,2,A B,0,0, 
beryllium,2,A,15.0,1, B,0,0, 
rich person,4,A,6.0,1,A ,10.222222222222221,9,A B
are,3,A,8.0,1, B,0,0, 
maine,2,A,0,0, ,0,0, 
associate in nursing,2,A,15.0,1, B,0,0, 
like,4,A,4.0,1,A ,0,0, 
bash,2,A,5.0,1,A ,0,0, 
information technology,3,A,11.0,1,A ,0,0, 
hour angle,3,A,15.0,1, B,0,0, 
can,3,A,9.0,1,A ,7.0,7,A B
go,2,A,5.0,1,A ,0,0, 
little,6,A,23.0,1, B,0,0, 
down,4,A,7.0,1,A ,8.5,4,A B
more,4,A,0,0, ,0,0, 
back,4,A,8.0,1, B,0,0, 
evening,4,A,3.0,1,A ,10.0,1, B
know,4,A,7.0,1,A ,0,0, 
semen,4,A,19.0,1, B,4.0,1,A 
here,4,A,8.0,1,A ,0,0, 
first,5,A,4.0,1,A ,6.0,1,A 
get,3,A,6.0,1,A ,0,0, 
fellow,6,A,3.0,1,A ,0,0, 
expression,4,A,11.0,1,A ,5.5,2,A 
delaware,2,A,0,0, ,0,0, 
departure,5,A,3.0,1,A ,8.8,10,A B
good,4,A,9.0,1,A ,10.0,1, B
brand,4,A,4.0,1,A ,0,0, 
man,3,A,4.5,2,A ,7.333333333333333,51,A B
four,4,A,5.0,1,A ,0,0, 
hand,4,A,9.0,1,A ,4.5,4,A 
achilles,8,A,0,0, ,0,0, 
much,4,A,23.0,1, B,0,0, 
century,7,A,10.0,1, B,14.0,2,A B
head,4,A,16.0,1, B,9.0,1, B
eyes,4,A,7.0,1,A ,0,0, 
face,4,A,16.0,1, B,11.0,1,A 
day,3,A,8.0,1, B,5.571428571428571,7,A 
great,5,A,8.0,1,A ,0,0, 
end,3,A,9.0,1,A ,6.642857142857143,14,A B
stopping point,4,A,3.0,1,A ,0,0, 
house,5,A,8.0,2,A ,9.074074074074074,27,A B
life,4,A,5.0,1,A ,6.0,1,A 
door,4,A,14.0,1, B,9.666666666666666,12, B
left,4,A,8.0,1,A ,9.0,1, B
moment,6,A,5.0,1,A ,10.714285714285714,7,A B
might,5,A,8.0,1,A ,0,0, 
may,3,A,22.0,1, B,0,0, 
discovery,4,A,7.0,1,A ,0,0, 
light,5,A,16.0,1, B,9.130434782608695,23,A B
found,5,A,4.0,1,A ,0,0, 
few,3,A,5.0,1,A ,0,0, 
being,5,A,5.0,1,A ,9.090909090909092,11,A 
lombard,7,A,8.0,1,A ,0,0, 
europe,6,A,0,0, ,0,0, 
army for the liberation of rwanda,3,A,0,0, ,0,0, 
days,4,A,4.0,1,A ,0,0, 
center,6,A,4.0,1,A ,9.3,10,A B
girl,4,A,5.0,1,A ,6.884615384615385,26,A B
course,6,A,9.0,1,A ,13.647058823529411,17,A B
americium,2,A,15.0,1, B,0,0, 
lashkar-e-taiba,3,A,0,0, ,0,0, 
mind,4,A,9.0,1,A ,10.0,5,A B
island,6,A,4.0,1,A ,13.75,4, B
large,5,A,4.0,1,A ,0,0, 
president,8,A,16.0,1, B,11.0,2, B
vitamin e,1,A,14.5,2,A B,16.0,1,A 
give,4,A,10.0,1,A ,0,0, 
hands,5,A,12.0,1,A ,0,0, 
armstrong,9,A,0,0, ,0,0, 
buttocks,6,A,8.0,1, B,0,0, 
bed,3,A,16.0,1, B,8.0,20,A B
european,8,A,10.0,1,A ,7.75,64,A B
high,4,A,6.0,1,A ,0,0, 
better,6,A,4.0,1,A ,0,0, 
mediterranean,13,A,0,0, ,11.0,1, B
look,7,A,7.0,1,A ,6.7272727272727275,11,A B
black,5,A,15.0,1, B,9.0,1, B
french,6,A,7.0,1,A ,10.857142857142858,7,A B
eighty,6,A,12.0,1, B,0,0, 
lanthanum,2,A,15.0,1, B,0,0, 
one-half,4,A,14.0,1, B,9.0,2,A B
front,5,A,4.0,1,A ,9.0,1,A 
work force,3,A,5.0,1,A ,10.0,1,A 
five,4,A,5.0,1,A ,0,0, 
approach,6,A,6.0,1,A ,8.5,4,A B
enough,6,A,16.0,1, B,4.0,1,A 
leave,5,A,7.0,1, B,10.285714285714286,7,A B
air,3,A,3.0,1,A ,7.0,3,A B
feel,4,A,9.0,1,A ,0,0, 
hair,4,A,12.0,1, B,6.4,15,A B
support,4,A,8.0,1,A ,10.0,4,A B
case,4,A,9.0,1,A ,6.666666666666667,3,A 
body,4,A,13.0,1, B,8.333333333333334,3, B
semen,5,A,19.0,1, B,4.0,1,A 
liza,4,A,6.0,1,A ,0,0, 
example,7,A,11.0,1,A ,8.5,6,A 
lupus erythematosus,4,A,11.0,2,A B,0,0, 
child,8,A,8.0,1,A ,7.294117647058823,17,A B
morning,7,A,10.0,1, B,0,0, 
fact,4,A,11.0,1,A ,7.333333333333333,9,A B
general,7,A,14.0,1, B,7.0,1,A 
marine,6,A,10.0,1,A ,0,0, 
france,6,A,0,0, ,0,0, 
louis,5,A,0,0, ,0,0, 
heart,5,A,9.0,1,A ,0,0, 
aid,4,A,8.0,1,A ,7.333333333333333,12,A 
beginning,9,A,9.0,1,A ,8.125,8,A B
department of energy,4,A,19.0,1, B,0,0, 
felt,4,A,6.0,1,A ,0,0, 
floor,5,A,17.0,1, B,8.6,5,A B
above,5,A,7.0,1,A ,0,0, 
full moon,4,A,14.0,1, B,11.0,1, B
death,5,A,6.0,1,A ,9.2,5,A B
home,4,A,9.0,1,A ,16.0,1, B
jean,4,A,7.5,2,A ,6.0,1,A 
kind,4,A,8.0,1,A ,5.8125,16,A B
glass,5,A,5.0,1,A ,10.153846153846153,13,A B
idea,4,A,7.0,1,A ,8.3,20,A 
committee,9,A,18.0,1, B,14.947368421052632,19,A B
go,4,A,5.0,1,A ,0,0, 
change,6,A,9.0,1,A ,9.344827586206897,29,A B
matter,6,A,7.0,1,A ,5.0,1,A 
girl,4,A,5.0,1,A ,6.884615384615385,26,A B
given,5,A,10.0,1,A ,0,0, 
love,4,A,7.0,1,A ,8.333333333333334,12,A B
call,4,A,9.0,1,A ,10.25,8,A B
stopping point,5,A,3.0,1,A ,0,0, 
blue,4,A,14.0,1, B,9.875,8,A B
degree,5,A,8.0,1,A ,8.461538461538462,13,A B
low,3,A,7.0,1, B,0,0, 
english,7,A,12.0,1, B,12.0,10,A B
inside,6,A,6.0,1,A ,7.333333333333333,3,A 
king,4,A,9.0,1,A ,13.666666666666666,3, B
dark,4,A,12.0,1,A ,9.5,4,A B
hour,4,A,8.0,1, B,9.5,2, B
lupus erythematosus,2,A,11.0,2,A B,0,0, 
atlantic,8,A,0,0, ,0,0, 
bill,4,A,13.0,1, B,11.8,5, B
cut,3,A,5.0,1,A ,8.0,1,A 
spot,3,A,23.0,1, B,0,0, 
disney,6,A,0,0, ,0,0, 
hours,5,A,8.0,1, B,5.0,1,A 
line,4,A,9.0,1,A ,6.142857142857143,7,A B
captain,7,A,27.0,1, B,0,0, 
minutes,7,A,13.0,1, B,13.0,2,A B
dead,4,A,6.0,1,A ,5.0,1,A 
least,5,A,6.0,1,A ,0,0, 
arm,3,A,4.0,1,A ,0,0, 
engine,6,A,5.0,1,A ,14.833333333333334,6,A B
homo,5,A,7.0,1,A ,10.857142857142858,7,A B
mouth,5,A,4.0,1,A ,4.0,1,A 
brant,5,A,5.0,1,A ,16.0,1, B
metro,5,A,7.0,1,A ,0,0, 
book,4,A,11.0,1,A ,8.818181818181818,22,A B
land,4,A,12.0,1, B,9.666666666666666,3,A B
best,4,A,7.0,1,A ,0,0, 
acquiring,7,A,3.0,1,A ,9.25,8,A 
brother,7,A,11.0,1, B,11.333333333333334,3,A B
foot,4,A,14.0,1, B,8.0,1,A 
friend,6,A,6.0,1,A ,7.6923076923076925,13,A B
control,7,A,5.0,1,A ,7.2,5,A B
clasp,4,A,8.0,1,A ,9.666666666666666,3,A B
expression,5,A,11.0,1,A ,5.5,2,A 
child,5,A,8.0,1,A ,7.294117647058823,17,A B
longer,6,A,6.0,1,A ,0,0, 
main,4,A,11.0,1, B,0,0, 
weaponry,4,A,15.0,1,A ,9.0,7,A B
movie,4,A,5.5,2,A ,10.0,18,A B
minute,6,A,8.0,1, B,0,0, 
city,4,A,12.0,1,A ,14.666666666666666,3, B
earth,5,A,0,0, ,0,0, 
devising,6,A,10.0,1,A ,10.0,2,A 
meet,4,A,15.0,1, B,9.4,5,A B
answer,6,A,9.0,1,A ,8.0,2,A 
history,7,A,4.0,1,A ,0,0, 
italian,7,A,8.0,1,A ,7.333333333333333,15,A 
england,7,A,0,0, ,0,0, 
gillie,7,A,9.0,1,A ,0,0, 
batch,3,A,23.0,1, B,5.5,2,A 
mean,4,A,7.0,1,A ,13.0,3, B
fishing,7,A,12.0,1, B,7.0,2,A 
doomed,4,A,6.0,1,A ,0,0, 
clause,6,A,12.0,1,A ,14.25,4, B
move,4,A,8.0,1,A ,8.0,2,A 
male child,3,A,4.0,1,A ,7.0,11,A B
diethylstilbestrol,3,A,8.0,1,A ,0,0, 
mother,6,A,6.0,1,A ,8.88888888888889,9,A B
feeling,7,A,5.0,1,A ,7.487804878048781,41,A 
hello,5,A,8.0,1,A ,0,0, 
age,3,A,8.0,1,A ,9.555555555555555,9,A B
act,3,A,13.0,1, B,9.0,3,A B
car,3,A,12.0,1, B,7.967741935483871,31,A B
deep,4,A,6.0,1,A ,0,0, 
fall,4,A,6.0,1,A ,0,0, 
law,3,A,10.0,1,A ,10.785714285714286,14,A B
distance,8,A,7.0,1,A ,7.944444444444445,18,A B
hope,4,A,12.0,1,A ,0,0, 
garden,6,A,4.0,1,A ,9.933333333333334,15,A B
greece,6,A,0,0, ,0,0, 
life,6,A,10.0,1,A ,0,0, 
fictional character,9,A,14.0,1, B,0,0, 
company,7,A,11.0,1,A ,12.722222222222221,36,A B
following,9,A,9.0,1,A ,6.666666666666667,3,A 
justice,7,A,13.0,2,A B,6.5,2,A 
meeting,7,A,9.0,1,A ,9.785714285714286,14,A B
evening,7,A,3.0,1,A ,10.0,1, B
birth,5,A,9.0,1,A ,6.0,1,A 
business,8,A,10.0,1,A ,8.818181818181818,11,A 
clear,5,A,9.0,1,A ,0,0, 
brand,5,A,4.0,1,A ,0,0, 
centre,6,A,0,0, ,0,0, 
cold,4,A,18.5,2, B,8.0,1, B
future,6,A,4.0,1,A ,8.0,5,A B
land,6,A,6.0,1,A ,7.235294117647059,17,A B
member,7,A,9.0,1,A ,9.23076923076923,26,A B
beloved,4,A,5.0,1,A ,0,0, 
father,6,A,6.0,1,A ,6.75,4,A B
judge,5,A,9.5,2,A ,7.5,12,A B
boat,4,A,6.0,1,A ,7.115384615384615,26,A B
care,4,A,4.0,1,A ,9.8,20,A B
park,6,A,5.0,1,A ,12.5,2, B
free,4,A,6.0,1,A ,0,0, 
london,6,A,0,0, ,0,0, 
direction,9,A,4.0,1,A ,10.666666666666666,6,A B
drink,5,A,7.0,1,A ,8.944444444444445,18,A B
mine,4,A,10.0,1,A ,9.142857142857142,7,A B
heavy,5,A,5.0,1,A ,0,0, 
cell,4,A,11.0,1,A ,0,0, 
moscow,6,A,0,0, ,0,0, 
corner,6,A,4.0,1,A ,0,0, 
family,6,A,4.0,1,A ,11.833333333333334,6, B
fine,4,A,7.0,1,A ,11.0,1, B
jensen,6,A,0,0, ,0,0, 
map,3,A,14.0,1,A ,8.285714285714286,7,A B
coffee,6,A,8.0,1,A ,11.0,13,A B
eye,3,A,10.0,1, B,10.0,6,A B
athens,6,A,0,0, ,0,0, 
group,5,A,11.0,1,A ,8.37037037037037,27,A B
bad,3,A,7.0,1,A ,9.857142857142858,7,A 
chair,5,A,4.0,1,A ,11.333333333333334,15,A B
hundred,7,A,12.0,1, B,0,0, 
money,5,A,16.0,1, B,9.5,6,A B
state,7,A,13.0,1, B,10.181818181818182,11,A B
energy,6,A,18.0,1, B,11.538461538461538,13,A B
court,5,A,8.0,1,A ,12.576923076923077,26,A B
fear,4,A,7.0,1,A ,7.7272727272727275,11,A B
form,4,A,4.0,1,A ,8.0,8,A B
friend,7,A,6.0,1,A ,7.6923076923076925,13,A B
area,4,A,6.0,1,A ,8.25,32,A B
dress,5,A,15.0,1, B,8.133333333333333,15,A B
lion,4,A,6.0,1, B,6.666666666666667,3,A B
means,5,A,14.0,1,A ,8.076923076923077,13,A B
century,9,A,10.0,1, B,14.0,2,A B
green,5,A,14.0,1, B,9.9,10,A B
menhir,7,A,8.0,1,A ,0,0, 
age,4,A,8.0,1,A ,9.555555555555555,9,A B
art,3,A,8.0,1,A ,8.266666666666667,15,A B
board,5,A,9.0,1,A ,12.88888888888889,9,A B
east,4,A,20.0,1, B,0,0, 
kitchen,7,A,4.0,1,A ,7.666666666666667,3,A 
know,5,A,7.0,1,A ,0,0, 
lip,4,A,13.5,2,A B,7.5,2,A 
apparel,7,A,8.0,1,A ,8.0,1,A 
feature,7,A,8.0,1,A ,9.727272727272727,11,A B
force,5,A,9.0,1,A ,7.4,5,A 
frequency,9,A,4.0,1,A ,11.142857142857142,7,A B
letter,6,A,6.0,2,A ,10.9375,16,A B
american,8,A,10.0,1,A ,9.897058823529411,68,A B
coat,4,A,11.0,1,A ,7.9375,16,A B
hour angle,2,A,15.0,1, B,0,0, 
retention,7,A,10.0,1,A ,9.0,2,A 
island,7,A,4.0,1,A ,13.75,4, B
occupation,3,A,8.0,1,A ,8.266666666666667,15,A 
military,8,A,5.0,1,A ,15.0,1, B
calendar month,6,A,10.0,1, B,18.166666666666668,6,A B
doctor,6,A,19.0,1, B,10.928571428571429,14,A B
finger,7,A,7.0,2,A ,8.8,5,A B
german,6,A,8.0,1,A ,7.5,6,A B
ballad,3,A,4.0,1,A ,10.0,1,A 
begin,5,A,0,0, ,0,0, 
brown,5,A,14.0,1, B,8.545454545454545,11,A B
building,8,A,9.0,1,A ,9.346153846153847,52,A B
church,6,A,8.0,1,A ,14.666666666666666,6, B
hide,4,A,10.0,1, B,7.333333333333333,3,A 
toilet,4,A,4.0,1,A ,8.75,4,A B
departure,7,A,3.0,1,A ,8.8,10,A B
born,4,A,0,0, ,0,0, 
evidence,8,A,11.0,1,A ,6.833333333333333,6,A B
impossible,10,A,13.0,1,A ,0,0, 
memory,6,A,14.0,1,A ,11.0,5,A B
effects,7,A,16.0,1, B,0,0, 
event,5,A,20.0,1, B,8.2,10,A B
lie,3,A,9.0,1,A ,7.25,4,A B
hallway,4,A,8.0,1,A ,9.0,1,A 
hat,3,A,9.0,1,A ,8.227272727272727,22,A B
information,11,A,7.0,1,A ,8.23076923076923,26,A B
lady,4,A,5.0,1,A ,5.0,1,A 
march,5,A,22.0,1, B,0,0, 
gesture,6,A,19.0,1, B,7.857142857142857,14,A B
baltic,6,A,0,0, ,0,0, 
belt,4,A,4.0,1,A ,7.8,5,A B
class,5,A,10.0,1,A ,12.636363636363637,11,A B
seashore,6,A,5.0,1,A ,7.75,4,A 
cognition,9,A,20.0,1, B,8.526315789473685,19,A B
leaf,6,A,10.0,1, B,9.925925925925926,27,A B
opportunity,6,A,11.0,1,A ,6.583333333333333,12,A B
doubt,5,A,14.0,1, B,11.166666666666666,6,A B
girl,5,A,5.0,1,A ,6.884615384615385,26,A B
married,7,A,6.0,1,A ,0,0, 
charles,7,A,0,0, ,0,0, 
construction,12,A,24.0,1, B,11.0,9,A B
euro,4,A,12.0,1, B,0,0, 
fire,4,A,9.0,1,A ,8.666666666666666,9,A B
thousand,5,A,12.0,1, B,9.0,1,A 
house,6,A,8.0,2,A ,9.074074074074074,27,A B
ancient,7,A,7.0,1,A ,0,0, 
book,5,A,11.0,1,A ,8.818181818181818,22,A B
breath,6,A,13.0,1, B,10.0,2,A 
entrance,8,A,6.0,1,A ,8.0,10,A B
fifteenth,9,A,4.0,1,A ,0,0, 
frame,5,A,9.0,1,A ,5.0,1,A 
maestro,6,A,6.0,1,A ,9.0,1, B
mountain,9,A,16.0,1, B,5.25,4,A 
atom,5,A,9.0,1,A ,9.0,5,A B
conversation,12,A,6.0,1,A ,9.4,15,A B
state,9,A,13.0,1, B,10.181818181818182,11,A B
screen,5,A,8.0,1,A ,8.5,4,A 
forward,7,A,16.0,1, B,0,0, 
ministry,8,A,10.0,1,A ,0,0, 
attention,9,A,21.0,1, B,7.5,6,A 
male child,4,A,4.0,1,A ,7.0,11,A B
british,7,A,6.0,1,A ,0,0, 
dutch,5,A,6.0,1,A ,7.0,1,A 
eight,5,A,5.0,1,A ,0,0, 
empty,5,A,9.0,1,A ,0,0, 
food,4,A,9.0,1,A ,8.6,15,A B
get,4,A,6.0,1,A ,0,0, 
god,3,A,0,0, ,0,0, 
modern,6,A,6.0,1,A ,0,0, 
bargain,3,A,8.0,1,A ,8.5,2,A B
calculus,8,A,4.0,1,A ,9.428571428571429,7,A B
cat,3,A,6.0,1,A ,9.0,2,A B
central,7,A,9.0,1,A ,9.0,2,A 
conditions,10,A,7.0,1,A ,0,0, 
daphne,6,A,5.0,1,A ,11.0,3,A B
director,8,A,13.0,1,A ,12.0,3,A B
attempt,6,A,8.0,1,A ,6.7368421052631575,19,A B
health,6,A,9.0,1,A ,0,0, 
interest,8,A,9.0,1,A ,8.5,2,A 
seashore,5,A,5.0,1,A ,7.75,4,A 
disneyland,10,A,0,0, ,0,0, 
consequence,6,A,10.0,1,A ,10.25,24,A B
life,5,A,5.0,1,A ,6.0,1,A 
member,6,A,9.0,1,A ,9.23076923076923,26,A B
million,7,A,12.0,1, B,0,0, 
mouse,5,A,6.0,1,A ,10.0,5, B
afternoon,9,A,3.0,1,A ,0,0, 
barroom,3,A,4.0,1,A ,11.75,4,A B
boot,5,A,8.0,1,A ,8.714285714285714,7,A B
horror,6,A,4.0,1,A ,0,0, 
iraqi national congress,3,A,10.0,1,A ,0,0, 
lying,5,A,13.0,1,A ,7.0,1,A 
danger,6,A,9.0,1,A ,13.2,5,A B
fiancee,7,A,9.0,1,A ,0,0, 
fish,4,A,17.0,1, B,11.076923076923077,13,A B
catch,5,A,8.0,1,A ,0,0, 
die,3,A,4.0,1,A ,8.5,4,A 
difference,10,A,7.0,1,A ,10.5,8,A 
greek,5,A,13.0,1,A ,10.0,5,A B
boat,5,A,6.0,1,A ,7.115384615384615,26,A B
chapter,7,A,7.0,1,A ,0,0, 
dad,3,A,6.0,1,A ,0,0, 
field,5,A,5.0,1,A ,6.333333333333333,6,A 
hole,4,A,7.0,1,A ,8.0,9,A B
international,13,A,9.0,1,A ,0,0, 
appearance,10,A,7.0,1,A ,8.448275862068966,29,A B
bottle,6,A,6.0,1,A ,8.61111111111111,18,A B
box,3,A,9.0,1,A ,7.08,25,A B
bulb,4,A,5.0,1,A ,6.0,4,A 
carry,5,A,14.0,1,A ,9.2,5,A B
channel,7,A,12.0,1,A ,0,0, 
dream,5,A,11.0,1,A ,8.5,2,A B
gold,4,A,13.0,1, B,0,0, 
hubble,6,A,0,0, ,0,0, 
mass,4,A,17.5,2, B,10.416666666666666,12,A B
mile,5,A,10.0,1, B,0,0, 
mock,4,A,8.0,1,A ,0,0, 
motion,8,A,6.0,1,A ,7.878048780487805,41,A B
brake,5,A,9.0,1,A ,10.5,4, B
cause,5,A,6.0,1,A ,8.6,5,A 
clean and jerk,5,A,10.0,1,A ,0,0, 
clock,5,A,9.0,1,A ,10.916666666666666,12,A B
couple,6,A,4.0,1,A ,16.0,1, B
dance,5,A,3.0,1,A ,10.5,2,A 
figure,6,A,12.0,1,A ,0,0, 
hatmaker,6,A,6.5,2,A ,0,0, 
hotel,5,A,8.0,1,A ,7.428571428571429,7,A B
erbium,2,A,15.0,1, B,0,0, 
gallery,7,A,8.0,1,A ,0,0, 
coevals,10,A,6.0,1,A ,10.5,2, B
gentleman,9,A,3.0,1,A ,8.0,3,A 
guard,5,A,8.0,1,A ,8.6,5,A 
eighteenth,10,A,4.0,1,A ,0,0, 
face,5,A,16.0,1, B,11.0,1,A 
genoa,5,A,0,0, ,0,0, 
gryphon,7,A,15.0,1, B,0,0, 
two,2,A,5.0,1,A ,5.5,2,A 
june,4,A,22.0,1, B,0,0, 
meter,6,A,16.0,1, B,0,0, 
angus og,5,A,0,0, ,0,0, 
branch,6,A,8.0,1,A ,14.0,4, B
coloring material,6,A,8.0,1,A ,7.0,9,A 
damage,6,A,6.0,1,A ,7.333333333333333,3,A 
deal,4,A,11.0,1,A ,8.5,2, B
drive,5,A,10.0,1,A ,7.5,2,A 
genoese,7,A,7.0,1,A ,0,0, 
give,5,A,10.0,1,A ,0,0, 
importance,10,A,5.0,1,A ,9.2,10,A B
laugh,5,A,9.0,1,A ,7.125,8,A 
lupus erythematosus,3,A,11.0,2,A B,0,0, 
macarthur,9,A,0,0, ,0,0, 
activity,8,A,3.0,1,A ,8.171052631578947,76,A B
bag,3,A,9.0,1,A ,7.513513513513513,37,A B
ball,4,A,13.0,1, B,9.533333333333333,30,A B
compartment,11,A,5.0,1,A ,9.0,3,A B
crazy,5,A,7.0,1,A ,0,0, 
current,7,A,20.0,1, B,11.0,2,A B
contempt,7,A,7.0,1,A ,0,0, 
light-emitting diode,3,A,5.0,1,A ,26.0,1, B
mark,4,A,10.0,1,A ,8.5,4,A B
sum,6,A,6.0,1,A ,7.785714285714286,14,A B
change,7,A,9.0,1,A ,9.344827586206897,29,A B
corridor,8,A,10.0,1,A ,7.0,2,A 
cross,5,A,9.0,1,A ,0,0, 
foot,4,A,14.0,1, B,8.0,1,A 
fourteenth,10,A,4.0,1,A ,0,0, 
hurry,5,A,7.0,1,A ,0,0, 
lamp,4,A,20.0,1, B,10.0,17,A B
army,4,A,15.0,1, B,11.0,5,A B
baby,4,A,5.0,1,A ,8.11111111111111,9,A B
redstem storksbill,6,A,10.0,1,A ,0,0, 
cost,4,A,5.0,1,A ,10.842105263157896,19,A B
stallion,6,A,9.0,1, B,4.0,1,A 
fisherman,9,A,13.0,1, B,6.5,2,A 
market,6,A,8.0,1,A ,10.625,8,A B
antony,7,A,0,0, ,0,0, 
bottom,6,A,4.0,1,A ,5.4,5,A 
crowd,5,A,9.0,1,A ,5.0,7,A 
december,8,A,22.0,1, B,0,0, 
development,11,A,11.0,1,A ,12.5,4,A B
due,3,A,5.0,1,A ,0,0, 
ear,4,A,10.0,1, B,0,0, 
escape,6,A,11.0,1, B,6.8,5,A 
chap,6,A,4.0,1,A ,3.0,1,A 
fuel,4,A,9.0,1,A ,7.714285714285714,21,A B
lie,4,A,9.0,1,A ,7.25,4,A B
magic,5,A,15.0,1,A ,6.8,5,A B
blood,5,A,19.0,1, B,9.5,10,A B
head,5,A,6.0,1,A ,10.3,10,A B
department,10,A,8.0,1,A ,15.0,6,A B
drawing,7,A,7.0,1,A ,5.0,1,A 
figure,7,A,12.0,1,A ,0,0, 
funny story,5,A,4.0,1,A ,0,0, 
journey,7,A,6.0,1,A ,6.5,16,A B
legs,4,A,7.0,1,A ,0,0, 
chinese,7,A,7.0,1,A ,4.2,5,A 
constant,8,A,8.0,1,A ,9.0,1,A 
fast,4,A,10.0,1,A ,7.666666666666667,3,A B
freedom,7,A,5.0,1,A ,10.7,10,A B
knee,5,A,10.0,1, B,0,0, 
lead,4,A,9.0,1,A ,0,0, 
bus,3,A,15.0,1, B,8.666666666666666,3,A B
ceiling,7,A,12.0,1, B,8.0,1,A 
double,6,A,7.0,1, B,16.0,1, B
drive,7,A,10.0,1, B,0,0, 
faint,5,A,19.0,1, B,0,0, 
carnival,4,A,4.0,1,A ,0,0, 
grey,4,A,0,0, ,0,0, 
inside,8,A,6.0,1,A ,7.333333333333333,3,A 
degree,6,A,8.0,1,A ,8.461538461538462,13,A B
lower berth,5,A,5.0,1,A ,0,0, 
cafe,4,A,10.0,1,A ,8.2,5,A B
continent,9,A,8.0,1,A ,0,0, 
dry,3,A,8.0,1,A ,0,0, 
flat,4,A,5.0,1,A ,10.0,2, B
franco,6,A,0,0, ,0,0, 
clasp,5,A,8.0,1,A ,9.666666666666666,3,A B
lake,4,A,11.0,1, B,5.75,8,A B
louvre,6,A,0,0, ,0,0, 
mariner,8,A,6.0,1,A ,8.0,9,A B
marseille,9,A,0,0, ,0,0, 
model,5,A,10.0,1,A ,12.142857142857142,7,A B
moon,4,A,0,0, ,0,0, 
absolute,8,A,11.0,1,A ,0,0, 
request,6,A,9.0,1, B,7.636363636363637,11,A B
attack,6,A,9.0,1,A ,8.75,12,A B
bent,4,A,11.0,1,A ,0,0, 
body,6,A,13.0,1, B,8.333333333333334,3, B
bruges,6,A,0,0, ,0,0, 
contact,7,A,11.0,1,A ,8.0,3,A B
daughter,8,A,15.0,1, B,16.0,1, B
enemy,5,A,12.0,1, B,0,0, 
group,6,A,11.0,1,A ,8.37037037037037,27,A B
key,3,A,6.0,1,A ,8.666666666666666,3,A B
league,6,A,11.0,1,A ,11.666666666666666,9,A B
mention,7,A,6.0,1,A ,11.333333333333334,3,A 
merchant,9,A,14.0,1,A ,8.368421052631579,19,A B
interruption,5,A,9.0,1,A ,9.75,4,A 
champagne,9,A,13.0,1, B,0,0, 
circuit,7,A,16.0,1, B,10.470588235294118,17,A B
courage,7,A,6.0,1,A ,10.571428571428571,7,A B
date,4,A,3.0,1,A ,8.0,2,A 
dog,3,A,10.0,2,A B,7.5,18,A B
en,2,A,10.0,1, B,0,0, 
giving,6,A,7.0,1,A ,9.285714285714286,7,A 
handle,6,A,9.0,1,A ,6.642857142857143,14,A B
influence,9,A,5.0,1,A ,5.666666666666667,3,A B
major,5,A,27.0,1, B,0,0, 
april,5,A,22.0,1, B,0,0, 
atmosphere,10,A,9.0,1,A ,6.75,4,A B
cell,5,A,11.0,1,A ,0,0, 
coal,4,A,12.5,2, B,10.0,4,A B
cry,3,A,9.0,1,A ,5.928571428571429,14,A B
door,5,A,14.0,1, B,9.666666666666666,12, B
duchess,7,A,4.0,1,A ,12.0,1, B
game,5,A,8.0,1,A ,9.7,10,A B
husband,7,A,6.0,1,A ,9.0,5,A B
italy,5,A,0,0, ,0,0, 
kingdom,7,A,6.0,1,A ,9.0,1,A 
light,6,A,16.0,1, B,9.130434782608695,23,A B
line,5,A,9.0,1,A ,6.142857142857143,7,A B
addition,8,A,9.0,1,A ,9.0,5,A 
africa,6,A,0,0, ,0,0, 
bedroom,7,A,4.0,1,A ,9.571428571428571,7,A B
china,5,A,0,0, ,0,0, 
court,9,A,4.0,1,A ,7.333333333333333,6,A B
crown,5,A,6.0,1,A ,0,0, 
drew,4,A,0,0, ,0,0, 
dwarf,6,A,11.0,1, B,14.5,2, B
edge,4,A,8.0,1,A ,4.5,2,A 
expression,10,A,11.0,1,A ,5.5,2,A 
gladiolus,4,A,15.0,1, B,0,0, 
government,10,A,6.0,1,A ,12.4375,16,A B
hanging,7,A,10.0,1,A ,8.0,4,A 
head,5,A,16.0,1, B,9.0,1, B
knowing,7,A,22.0,1, B,9.5,6,A 
language,8,A,13.0,1,A ,11.9375,16,A B
mirror,6,A,9.0,1,A ,9.666666666666666,6,A B
history,7,A,6.0,1,A ,10.571428571428571,7,A B
action,6,A,3.0,1,A ,9.212121212121213,33,A B
bay,3,A,11.0,1, B,9.0,2,A B
cigarette,9,A,13.0,1, B,10.666666666666666,3,A B
commercial,10,A,2.0,1,A ,11.0,1,A 
daily,5,A,9.0,1,A ,0,0, 
danish,6,A,12.0,1,A ,0,0, 
data,4,A,10.0,1,A ,9.666666666666666,3,A B
dream,6,A,11.0,1,A ,8.5,2,A B
emission,9,A,6.0,1,A ,9.0,2,A 
being,9,A,5.0,1,A ,9.090909090909092,11,A 
experience,10,A,9.0,1,A ,12.0,2,A 
fight,8,A,8.0,1,A ,8.055555555555555,18,A B
hospital,8,A,15.0,1, B,12.0,6,A B
laugh,6,A,9.0,1,A ,7.125,8,A 
entree,6,A,5.0,1,A ,4.0,1,A 
antwerpen,7,A,0,0, ,0,0, 
knock,4,A,4.0,1,A ,0,0, 
bye,3,A,10.0,1,A ,0,0, 
palace,6,A,7.0,1,A ,0,0, 
draw,4,A,5.0,1,A ,0,0, 
expansion,9,A,8.0,1,A ,9.833333333333334,6,A 
fairy,5,A,14.0,1, B,8.0,9,A B
game,4,A,8.0,1,A ,9.7,10,A B
gibraltar,9,A,0,0, ,0,0, 
person,10,A,9.5,2,A B,8.059701492537313,402,A B
killing,4,A,11.0,1,A ,8.714285714285714,14,A 
local,5,A,15.0,1, B,0,0, 
fortune,4,A,9.0,1,A ,9.5,4,A B
message,7,A,13.0,1,A ,8.11111111111111,9,A B
aside,5,A,11.0,1, B,0,0, 
vesiculation,10,A,14.0,1, B,0,0, 
blow,4,A,6.0,1,A ,5.909090909090909,22,A 
costs,5,A,13.0,1,A ,0,0, 
event,6,A,20.0,1, B,8.2,10,A B
familiar,8,A,7.0,1,A ,0,0, 
growth,7,A,14.0,1, B,11.735294117647058,34,A B
hate,4,A,7.0,1,A ,9.454545454545455,11,A 
issue,5,A,7.0,1,A ,11.5,4,A B
articulation,4,A,10.0,1,A ,23.0,1, B
length,6,A,14.666666666666666,3,A B,8.8,5,A 
load,4,A,6.0,1,A ,8.0,6,A B
acid,4,A,8.0,1,A ,12.189873417721518,79,A B
adventure,9,A,11.0,1,A ,0,0, 
adventure,10,A,11.0,1,A ,0,0, 
answer,7,A,9.0,1,A ,8.0,2,A 
area,5,A,6.0,1,A ,8.25,32,A B
barnacle,9,A,10.0,1,A ,13.0,2, B
capital,7,A,6.0,1,A ,11.0,4,A B
case,5,A,9.0,1,A ,6.666666666666667,3,A 
fictional character,10,A,14.0,1, B,0,0, 
concern,7,A,8.0,1,A ,10.4,5,A B
trouble,10,A,6.0,1,A ,7.0,2,A B
empire,6,A,6.0,1,A ,0,0, 
eurasia,7,A,0,0, ,0,0, 
excuse,6,A,7.0,1,A ,11.0,1,A 
manner,7,A,8.0,1,A ,6.222222222222222,9,A B
fifteen,7,A,12.0,1, B,0,0, 
gin,3,A,6.0,1,A ,7.666666666666667,3,A B
height,6,A,9.0,1,A ,7.5,2,A 
image,5,A,14.0,1,A ,12.8,5, B
impression,10,A,4.0,1,A ,8.25,4,A B
iron,4,A,15.0,1, B,9.727272727272727,11, B
lisbon,6,A,0,0, ,0,0, 
material,8,A,9.0,1,A ,8.980392156862745,51,A B
animal,7,A,8.0,1,A ,7.680851063829787,47,A B
composure,4,A,11.0,1,A ,6.0,2,A 
canada,6,A,0,0, ,0,0, 
dormouse,8,A,6.0,1,A ,6.333333333333333,3,A B
drop,4,A,6.0,1,A ,7.5,2,A 
fifty,5,A,12.0,1, B,0,0, 
forest,6,A,10.0,1,A ,7.666666666666667,6,A B
literature,10,A,7.0,1,A ,18.0,1, B
anna,4,A,19.5,2, B,0,0, 
building,9,A,9.0,1,A ,9.346153846153847,52,A B
cent,4,A,17.5,2, B,0,0, 
dame,4,A,4.0,1,A ,0,0, 
dining,6,A,6.0,1,A ,10.0,1, B
fact,5,A,11.0,1,A ,7.333333333333333,9,A B
illusion,5,A,13.0,1,A ,12.333333333333334,3,A B
fat,3,A,5.0,1,A ,10.0,6,A B
glance,6,A,4.0,1,A ,11.0,2,A 
hare,4,A,7.0,1,A ,10.0,5,A B
vacation,8,A,7.0,1,A ,8.2,5,A B
three,3,A,5.0,1,A ,0,0, 
kilometer,10,A,16.0,1, B,0,0, 
literature,3,A,13.0,1, B,0,0, 
manner,6,A,8.0,1,A ,6.222222222222222,9,A B
meaning,7,A,7.0,1,A ,8.583333333333334,12,A B
august,6,A,22.0,1, B,0,0, 
bear,4,A,9.0,1,A ,10.0,7,A B
bread,5,A,9.0,2,A B,9.064516129032258,31,A B
thorax,5,A,8.0,1, B,10.0,2, B
duck,4,A,14.0,1, B,8.333333333333334,24,A B
development,9,A,7.0,1,A ,9.0,4,A 
fool,4,A,9.0,1,A ,7.111111111111111,9,A 
spectacles,7,A,17.0,1, B,8.6,5,A 
adieu,7,A,8.0,1,A ,0,0, 
happening,9,A,5.0,1,A ,7.818181818181818,44,A B
hit,3,A,4.0,1,A ,7.0,1, B
ignition,8,A,4.0,1,A ,21.0,1, B
jacket,6,A,4.0,1,A ,10.0,24,A B
labor,6,A,5.0,1,A ,13.666666666666666,3,A B
lunch,5,A,4.0,1,A ,13.0,1, B
attention deficit disorder,3,A,8.0,1,A ,0,0, 
advantage,9,A,5.0,1,A ,8.466666666666667,15,A B
automatic rifle,9,A,13.0,2, B,17.0,2, B
basket,6,A,9.0,1,A ,8.333333333333334,9,A B
radio beam,4,A,6.0,1,A ,0,0, 
champion,6,A,5.0,1,A ,14.0,1,A 
feature,14,A,8.0,1,A ,9.727272727272727,11,A B
cocoa,9,A,8.0,1,A ,0,0, 
competition,11,A,16.0,1, B,8.0,1, B
companion,7,A,6.0,1,A ,6.666666666666667,3,A 
trader,6,A,8.0,1,A ,9.0625,16,A B
necessity,9,A,5.0,1,A ,6.333333333333333,3,A 
flemish,7,A,11.0,1, B,0,0, 
form,5,A,4.0,1,A ,8.0,8,A B
forty,5,A,12.0,1, B,0,0, 
germany,7,A,0,0, ,0,0, 
gulf,4,A,11.0,1, B,0,0, 
hugo,4,A,0,0, ,0,0, 
four,2,A,5.0,1,A ,0,0, 
lead,7,A,5.0,1,A ,0,0, 
merchant,8,A,14.0,1,A ,8.368421052631579,19,A B
mountain,8,A,16.0,1, B,5.25,4,A 
banks,5,A,0,0, ,0,0, 
begin,6,A,0,0, ,0,0, 
bretagne,8,A,0,0, ,0,0, 
camp,4,A,16.0,1, B,7.0,3,A B
choice,6,A,14.0,1, B,6.333333333333333,3,A 
yoke,8,A,10.0,1,A ,0,0, 
animal,8,A,8.0,1,A ,7.680851063829787,47,A B
desire,6,A,7.0,1,A ,7.555555555555555,9,A B
desk,4,A,5.0,1,A ,9.666666666666666,3,A B
diary,5,A,7.0,1,A ,6.0,1, B
exile,5,A,8.0,1,A ,10.0,2,A B
falls,5,A,8.0,1,A ,0,0, 
battle,5,A,14.0,1, B,9.166666666666666,6,A B
finger,6,A,7.0,2,A ,8.8,5,A B
fly,3,A,15.0,1, B,7.625,8,A B
guess,5,A,7.0,1,A ,10.0,1,A 
gun,3,A,6.0,1,A ,8.090909090909092,11,A B
seaport,7,A,4.0,1,A ,12.0,2, B
ice,3,A,7.0,1,A ,7.0,4,A B
urge,7,A,10.0,1,A ,9.25,4,A B
addition,8,A,18.0,1, B,9.0,1,A 
case,8,A,9.0,1,A ,6.666666666666667,3,A 
japanese,8,A,5.0,1,A ,5.75,4,A 
machine,7,A,6.0,1,A ,9.333333333333334,42,A B
menhir,6,A,8.0,1,A ,0,0, 
calendar month,5,A,10.0,1, B,18.166666666666668,6,A B
motor,5,A,7.0,1,A ,8.666666666666666,3,A B
apprehension,6,A,7.0,1,A ,0,0, 
average,7,A,9.0,1,A ,5.25,4,A B
base,4,A,20.0,1, B,8.2,5,A B
breast,6,A,16.0,1, B,5.0,1,A 
explosion,5,A,17.0,1, B,10.5,2,A 
passenger car,8,A,3.0,1,A ,8.5,6,A B
caterpillar,11,A,5.0,1,A ,11.421052631578947,19,A B
check,5,A,5.0,1,A ,9.454545454545455,11,A B
reverse,8,A,10.0,1,A ,0,0, 
dare,4,A,9.0,1,A ,0,0, 
decision,8,A,6.0,1,A ,8.0,5,A B
distribution,12,A,11.0,1,A ,18.666666666666668,6,A B
supernumerary,5,A,5.0,1,A ,0,0, 
coating,6,A,14.0,1,A ,7.0,2,A 
flight,6,A,9.0,1,A ,0,0, 
dodo,6,A,7.0,1,A ,0,0, 
hate,6,A,7.0,1,A ,9.454545454545455,11,A 
concealment,6,A,8.0,1,A ,7.777777777777778,9,A B
jump,4,A,8.0,1,A ,11.0,1, B
letters,7,A,7.0,1,A ,0,0, 
material,9,A,9.0,1,A ,8.980392156862745,51,A B
animal,6,A,8.0,1,A ,7.680851063829787,47,A B
apartment,9,A,7.0,1,A ,12.363636363636363,11,A B
bell,5,A,14.5,2, B,9.090909090909092,11,A B
button,6,A,8.0,1,A ,10.5,2, B
cap,3,A,9.0,1,A ,7.857142857142857,28,A B
chapel,6,A,14.0,1, B,9.0,3,A B
drunkard,5,A,7.0,1,A ,9.0,1,A 
electric,8,A,3.0,1,A ,0,0, 
flag,4,A,6.0,1,A ,8.533333333333333,15,A B
former,6,A,5.0,1,A ,0,0, 
gas,3,A,13.0,1, B,0,0, 
gentleman,9,A,3.0,1,A ,8.0,3,A 
gravity,7,A,10.0,1,A ,12.0,1, B
hide,4,A,10.0,1, B,7.333333333333333,3,A 
horse,5,A,6.0,1,A ,7.862068965517241,29,A B
urge,8,A,10.0,1,A ,9.25,4,A B
latter,6,A,6.0,1,A ,0,0, 
leader,6,A,6.0,1,A ,8.818181818181818,44,A B
list,4,A,8.0,1,A ,8.127659574468085,47,A B
curate,8,A,9.0,1,A ,10.0,1,A 
motion,9,A,6.0,1,A ,7.878048780487805,41,A B
anti,4,A,6.0,1,A ,0,0, 
approach,8,A,17.0,1,A ,6.0,1,A 
attempt,7,A,8.0,1,A ,6.7368421052631575,19,A B
barcelona,9,A,0,0, ,0,0, 
trade name,5,A,4.0,1,A ,5.0,1,A 
burning,7,A,17.0,1, B,8.333333333333334,3,A 
california,10,A,0,0, ,0,0, 
connection,10,A,8.0,1,A ,9.333333333333334,9,A 
count,5,A,6.0,1,A ,10.125,8,A B
screen,6,A,8.0,1,A ,8.5,4,A 
dark,8,A,12.0,1,A ,9.5,4,A B
detail,6,A,4.0,1,A ,10.4,5,A B
dinner,6,A,4.0,1,A ,7.0,1, B
dust,4,A,11.0,1,A ,8.0,2,A B
ear,3,A,10.0,1, B,0,0, 
attempt,7,A,8.0,1,A ,6.7368421052631575,19,A B
entrant,7,A,9.0,1,A ,0,0, 
fit,3,A,9.0,1, B,0,0, 
garden,7,A,4.0,1,A ,9.933333333333334,15,A B
imagination,11,A,10.0,1,A ,9.0,5,A B
impact,6,A,7.0,1,A ,4.0,2,A 
argument,8,A,8.0,1,A ,7.777777777777778,9,A B
artist,7,A,7.0,1,A ,9.521739130434783,23,A 
cathedral,9,A,6.0,1,A ,7.0,1,A 
community,9,A,9.0,1,A ,7.545454545454546,11,A B
damned,6,A,6.0,1,A ,0,0, 
european,9,A,10.0,1,A ,7.75,64,A B
eyebrow,8,A,4.0,1,A ,0,0, 
final,5,A,5.0,1,A ,8.0,1, B
fleet,5,A,10.0,1,A ,0,0, 
force,6,A,9.0,1,A ,7.4,5,A 
geneva,6,A,0,0, ,0,0, 
gesture,7,A,6.0,1,A ,4.0,2,A 
pile,4,A,10.0,1,A ,7.444444444444445,9,A B
ailment,3,A,8.0,1,A ,8.5,2,A B
kiss,4,A,5.0,1,A ,6.5,2,A B
maine,5,A,0,0, ,0,0, 
paddy,6,A,8.0,1,A ,0,0, 
mustache,9,A,10.0,1, B,12.0,3,A B
progress,7,A,16.0,1, B,7.0,1,A 
artist,6,A,7.0,1,A ,9.521739130434783,23,A 
attraction,10,A,5.0,1,A ,10.8,5,A B
authority,9,A,7.0,1,A ,10.0,7,A B
bank,4,A,5.0,1,A ,9.0,2,A 
bell,4,A,14.5,2, B,9.090909090909092,11,A B
bench,5,A,4.0,1,A ,8.125,8,A B
breakfast,9,A,4.0,1,A ,17.0,2, B
baseball club,4,A,12.0,1, B,0,0, 
collection,10,A,5.0,1,A ,8.236559139784946,93,A B
complex,7,A,5.0,1,A ,7.0,2,A 
difference,11,A,7.0,1,A ,10.5,8,A 
discovery,9,A,3.0,1,A ,11.0,6,A 
electricity,11,A,18.0,1, B,15.571428571428571,7,A B
export,6,A,9.0,1,A ,0,0, 
extension,9,A,5.0,1,A ,0,0, 
mistake,5,A,17.0,1,A ,7.846153846153846,13,A 
festival,8,A,10.0,1, B,17.0,1, B
german,7,A,8.0,1,A ,7.5,6,A B
guest,6,A,7.0,1,A ,11.333333333333334,3, B
usher,5,A,6.0,1,A ,9.0,1,A 
habit,5,A,6.0,1,A ,0,0, 
identity,8,A,11.0,1,A ,12.666666666666666,3,A B
indian,6,A,10.0,1,A ,7.678571428571429,28,A B
space,8,A,9.0,1,A ,12.5,4, B
blink of an eye,7,A,6.0,1,A ,0,0, 
autonomy,7,A,12.0,1,A ,15.0,1,A 
link,4,A,7.0,1,A ,0,0, 
listening,9,A,7.0,1,A ,11.5,2,A 
measure,7,A,8.0,1,A ,12.666666666666666,3,A B
mere,4,A,4.0,1,A ,0,0, 
purpose,3,A,4.0,1,A ,6.5,6,A B
set,4,A,11.0,1, B,7.375,8,A B
footing,5,A,10.0,1,A ,12.0,1, B
battery,7,A,9.0,1,A ,0,0, 
battle,6,A,14.0,1, B,9.166666666666666,6,A B
brain,5,A,15.0,1, B,0,0, 
childhood,9,A,10.0,1, B,7.5,2,A 
circle,6,A,7.0,1,A ,9.75,4,A B
fabric,5,A,8.0,1,A ,7.242774566473988,173,A B
colonel,7,A,27.0,1, B,17.0,1, B
colors,7,A,6.0,1,A ,0,0, 
contrast,8,A,10.0,1,A ,0,0, 
crew,4,A,4.0,1,A ,10.5,2,A B
denmark,7,A,0,0, ,0,0, 
distance,9,A,7.0,1,A ,7.944444444444445,18,A B
dollar,7,A,12.0,1, B,14.434782608695652,23, B
eleven,6,A,12.0,1, B,0,0, 
environment,11,A,9.0,1,A ,6.142857142857143,7,A 
feature,8,A,8.0,1,A ,9.727272727272727,11,A B
fill,4,A,6.0,1,A ,0,0, 
fluid,5,A,9.0,1,A ,6.5,4,A 
forth,5,A,0,0, ,0,0, 
fur,3,A,10.0,1, B,6.375,16,A 
giant,5,A,6.0,1,A ,0,0, 
herring,7,A,13.0,1, B,8.5,6,A B
injury,4,A,9.0,1, B,8.318181818181818,22,A B
instrument,10,A,6.0,1,A ,13.166666666666666,18,A B
january,7,A,22.0,1, B,0,0, 
keeping,7,A,10.0,1,A ,0,0, 
landscape,9,A,7.0,1,A ,0,0, 
torah,4,A,0,0, ,0,0, 
lead,5,A,9.0,1,A ,0,0, 
leg,3,A,4.0,1,A ,7.75,4,A B
legend,6,A,5.0,1,A ,15.0,1, B
lesson,6,A,8.0,1,A ,11.6,5, B
maximum,7,A,15.5,2,A B,0,0, 
memory,8,A,14.0,1,A ,11.0,5,A B
mistake,7,A,17.0,1,A ,7.846153846153846,13,A 
accident,8,A,6.0,1,A ,8.4,5,A B
united states,7,A,0,0, ,0,0, 
architecture,12,A,8.0,1,A ,0,0, 
humanistic discipline,4,A,10.0,1,A ,10.45,20,A B
beard,5,A,10.0,1, B,7.428571428571429,7,A B
block,5,A,8.0,1,A ,6.117647058823529,17,A B
fuss,6,A,12.0,1,A ,0,0, 
branch,8,A,8.0,1,A ,14.0,4, B
breton,6,A,9.0,1,A ,0,0, 
brotherhood,11,A,7.0,1,A ,0,0, 
chang jiang,5,A,0,0, ,0,0, 
collect,7,A,6.0,1,A ,0,0, 
diesel,6,A,0,0, ,0,0, 
driver,6,A,8.0,1,A ,8.857142857142858,14,A B
example,8,A,11.0,1,A ,8.5,6,A 
flight,6,A,9.0,1, B,8.363636363636363,11,A B
furniture,9,A,10.0,1,A ,8.666666666666666,24,A B
gate,4,A,14.0,1, B,8.090909090909092,11,A B
henry,5,A,14.0,1, B,0,0, 
hero,4,A,6.0,1,A ,0,0, 
host,4,A,5.0,1,A ,7.0,1,A 
idea,5,A,7.0,1,A ,8.3,20,A 
inspector,9,A,9.0,1,A ,0,0, 
interest,9,A,9.0,1,A ,8.5,2,A 
lack,4,A,4.0,1,A ,9.333333333333334,6,A B
lev,3,A,21.0,1, B,0,0, 
lift,4,A,3.0,1,A ,0,0, 
location,8,A,6.0,1,A ,6.1923076923076925,26,A B
dame,5,A,5.0,1,A ,8.0,2,A B
metallic element,5,A,15.0,1, B,7.896103896103896,77,A B
million,8,A,12.0,1, B,0,0, 
estate,5,A,12.0,1, B,7.928571428571429,14,A B
avenue,6,A,8.0,1,A ,0,0, 
beauty,6,A,10.0,1,A ,10.636363636363637,11,A B
belief,6,A,7.0,1,A ,10.064516129032258,31,A B
bridge,6,A,9.0,1,A ,11.666666666666666,15,A B
physique,5,A,14.0,1, B,8.666666666666666,3,A B
cheek,5,A,7.0,1,A ,0,0, 
citation,4,A,4.0,1,A ,13.0,2,A B
ascent,5,A,5.0,1,A ,6.0,1,A 
conjuring,9,A,5.0,1,A ,9.0,1,A 
cool,4,A,8.0,1,A ,0,0, 
cup,3,A,8.5,2,A ,7.444444444444445,9,A B
curiosity,9,A,14.0,1, B,10.333333333333334,3,A B
curtain,7,A,7.5,2,A ,10.0,6,A B
decoration,10,A,8.0,1,A ,8.564102564102564,39,A B
description,11,A,9.0,1,A ,12.666666666666666,3,A B
satan,5,A,0,0, ,0,0, 
drink,6,A,7.0,1,A ,8.944444444444445,18,A B
duke,4,A,4.0,1,A ,0,0, 
death,5,A,3.0,1,A ,5.0,1,A 
exchange,8,A,18.0,1, B,21.0,1, B
explanation,11,A,9.0,1,A ,10.272727272727273,11,A 
fetch,5,A,6.0,1,A ,0,0, 
fields,6,A,0,0, ,0,0, 
flanders,8,A,0,0, ,0,0, 
grave,5,A,5.0,1,A ,0,0, 
latin,5,A,6.0,1,A ,9.166666666666666,6,A B
marble,6,A,4.0,1,A ,11.0,1, B
matter,7,A,7.0,1,A ,5.0,1,A 
active agent,6,A,13.0,1, B,0,0, 
architect,9,A,7.0,1,A ,11.0,2,A B
asia,4,A,0,0, ,0,0, 
writer,6,A,12.0,1,A ,9.257142857142858,35,A B
balance,7,A,11.0,1,A ,13.333333333333334,3,A B
birthday,8,A,11.0,1,A ,0,0, 
bone,4,A,16.0,1, B,8.133333333333333,60,A B
bordeaux,8,A,0,0, ,0,0, 
brave,5,A,7.0,1,A ,0,0, 
capacity,8,A,10.0,1,A ,0,0, 
cargo,5,A,11.0,1,A ,0,0, 
consciousness,13,A,14.0,1, B,10.2,5,A B
content,7,A,10.0,1,A ,0,0, 
cook,4,A,13.0,1, B,6.833333333333333,6,A B
delivery,8,A,14.0,1,A ,7.2,5,A 
design,6,A,20.0,1, B,8.0,1,A 
dockyard,8,A,10.0,1,A ,0,0, 
doublethink,11,A,9.0,1,A ,0,0, 
dragon,6,A,15.0,1, B,6.0,1,A 
duty,4,A,13.0,1, B,11.0,14,A B
component,7,A,4.0,1,A ,10.666666666666666,3,A B
feel,5,A,9.0,1,A ,0,0, 
brow,8,A,7.0,1,A ,0,0, 
freeze,6,A,9.0,2,A B,9.0,2,A 
function,8,A,20.0,1, B,12.818181818181818,11,A B
bent,4,A,9.0,1,A ,0,0, 
intellectual,12,A,6.0,1,A ,8.181818181818182,22,A B
express,7,A,15.0,1, B,0,0, 
mate,4,A,7.0,1,A ,0,0, 
ability,7,A,7.0,1,A ,11.76923076923077,13,A B
academy,7,A,15.0,1, B,0,0, 
raw,10,A,9.0,1,A ,0,0, 
background,10,A,11.0,1,A ,0,0, 
beat,4,A,4.0,1,A ,0,0, 
stake,3,A,6.0,1,A ,3.6666666666666665,3,A 
motorcycle,4,A,12.0,1, B,8.5,2,A B
bird,5,A,10.0,1,A ,10.346153846153847,26,A B
bomb,4,A,11.5,2,A B,11.137931034482758,29,A B
bow,3,A,4.0,1,A ,0,0, 
basement,6,A,5.0,1,A ,9.0,1,A 
charge,6,A,6.0,1,A ,13.0,1,A 
chin,4,A,7.0,1,A ,10.0,1, B
condition,9,A,5.0,1,A ,10.216216216216216,111,A B
contemporary,12,A,4.0,1,A ,0,0, 
degree,6,A,8.0,1,A ,8.461538461538462,13,A B
division,8,A,8.0,1, B,13.0,1, B
em,2,A,8.0,1, B,0,0, 
end,4,A,9.0,1,A ,6.642857142857143,14,A B
equipment,9,A,15.0,1,A ,13.217391304347826,23,A B
era,3,A,10.0,1, B,8.666666666666666,3,A B
mistake,5,A,17.0,1,A ,7.846153846153846,13,A 
extent,6,A,6.0,1,A ,0,0, 
factory,7,A,5.0,1,A ,10.363636363636363,11,A B
fang,4,A,5.0,1,A ,0,0, 
flow,4,A,16.0,1, B,6.466666666666667,15,A 
flower,7,A,10.0,1,A ,10.260162601626016,123,A B
fourth,6,A,4.0,1,A ,0,0, 
fun,3,A,9.0,1,A ,0,0, 
galley,7,A,6.0,1,A ,0,0, 
george,6,A,0,0, ,0,0, 
germanic,8,A,13.0,1,A ,11.0,5,A B
good,8,A,7.0,1,A ,7.714285714285714,7,A 
grandfather,11,A,11.0,1,A ,0,0, 
haddock,7,A,4.0,1,A ,12.0,1, B
heat,4,A,6.0,1,A ,14.166666666666666,6, B
heel,5,A,6.0,1,A ,10.166666666666666,6, B
heritage,8,A,8.0,1,A ,0,0, 
inhabitant,11,A,6.0,1,A ,8.466666666666667,30,A B
insert,6,A,7.0,1,A ,0,0, 
time interval,8,A,7.0,1,A ,9.3,20,A B
jail,4,A,23.0,1, B,9.833333333333334,6,A B
july,4,A,22.0,1, B,0,0, 
lab,10,A,9.0,1,A ,12.25,4, B
laugh,8,A,9.0,1,A ,7.125,8,A 
leather,7,A,10.0,1, B,8.307692307692308,26,A B
lock,4,A,8.0,1,A ,9.714285714285714,7,A B
address,7,A,4.0,1,A ,5.5,2,A 
antiquity,9,A,14.0,1, B,0,0, 
discharge,3,A,20.0,1, B,12.666666666666666,3,A B
arch,4,A,5.0,1,A ,0,0, 
arsenal,7,A,8.0,1,A ,0,0, 
bed,4,A,16.0,1, B,8.0,20,A B
beer,4,A,4.0,1,A ,5.25,4,A B
ben,3,A,8.0,1,A ,0,0, 
boundary,5,A,4.0,1,A ,7.142857142857143,7,A B
breathing,9,A,13.0,1, B,10.384615384615385,13,A B
cartoon,7,A,3.0,1,A ,10.0,1, B
cast,4,A,9.0,1,A ,8.0,1,A 
centre,7,A,0,0, ,0,0, 
christian,9,A,15.0,1, B,8.444444444444445,18,A B
carbon monoxide,2,A,8.0,1,A ,0,0, 
colleague,10,A,9.0,1,A ,0,0, 
decision,10,A,8.0,1,A ,16.0,1,A 
concrete,8,A,11.0,2,A B,12.0,2,A B
crab,4,A,17.0,1, B,10.454545454545455,11, B
cream,5,A,5.0,1,A ,0,0, 
details,7,A,11.0,1,A ,4.0,1,A 
express,7,A,4.0,1,A ,11.0,1, B
factor,6,A,5.0,1,A ,12.166666666666666,6,A B
flash,5,A,9.0,1,A ,7.166666666666667,6,A B
fleet,6,A,10.0,1,A ,0,0, 
galaxy,8,A,10.0,1,A ,0,0, 
hell,4,A,6.0,1,A ,0,0, 
iberian,7,A,5.0,1,A ,0,0, 
land,5,A,12.0,1, B,9.666666666666666,3,A B
language,9,A,13.0,1,A ,11.9375,16,A B
lesson,7,A,8.0,1,A ,11.6,5, B
lunatic,7,A,10.0,1, B,8.0,4,A 
michael,7,A,9.0,1,A ,0,0, 
monday,7,A,7.0,1,A ,10.0,1,A 
morris,6,A,0,0, ,0,0, 
acquisition,11,A,9.0,1,A ,10.083333333333334,12,A 
audience,8,A,9.0,1,A ,7.333333333333333,3,A 
belle,5,A,4.0,1,A ,0,0, 
breakage,8,A,17.0,1, B,6.75,4,A 
delivery,8,A,14.0,1,A ,7.2,5,A 
united kingdom,7,A,0,0, ,7.0,1,A 
brother,8,A,11.0,1, B,11.333333333333334,3,A B
card,4,A,5.0,1,A ,10.5,4, B
career,6,A,10.0,1,A ,11.0,4,A B
celtic,6,A,13.0,1,A ,7.5,2,A 
cesium,6,A,15.0,1, B,9.0,1, B
chicken,7,A,7.0,1,A ,6.166666666666667,6,A 
closer,6,A,6.0,1,A ,0,0, 
command,7,A,9.0,1, B,9.0,7,A B
coolant,7,A,5.0,2,A ,0,0, 
transcript,4,A,13.0,1, B,0,0, 
council,7,A,18.0,1, B,13.666666666666666,12,A B
drinking,8,A,11.0,1,A ,7.5,2,A 
eleventh,8,A,4.0,1,A ,0,0, 
enthusiasm,10,A,7.0,1,A ,9.0,4,A 
exit,4,A,7.0,1,A ,7.0,1,A 
flower,6,A,10.0,1,A ,10.260162601626016,123,A B
fruit,5,A,21.0,1, B,7.862068965517241,29,A B
fundamental,11,A,6.0,1,A ,0,0, 
gasoline,8,A,7.5,2,A ,12.0,3,A B
gear,4,A,5.0,1,A ,9.333333333333334,9,A B
gift,4,A,11.0,1,A ,7.625,16,A B
gray,4,A,15.0,1, B,9.5,6,A B
vacation,7,A,7.0,1,A ,8.2,5,A B
hundred,8,A,12.0,1, B,0,0, 
hunt,7,A,11.0,2, B,8.714285714285714,7,A B
industry,8,A,20.0,1, B,14.703703703703704,27,A B
innocent,8,A,6.0,1,A ,5.5,4,A B
instinct,8,A,8.0,1,A ,2.0,1,A 
invention,9,A,10.0,1,A ,10.5,2,A 
joke,4,A,3.0,1,A ,9.444444444444445,9,A B
child,3,A,8.0,1,A ,7.294117647058823,17,A B
godhead,4,A,0,0, ,8.5,2,A 
tons,4,A,23.0,1, B,0,0, 
care,11,A,6.0,1,A ,11.333333333333334,6,A B
maroon,6,A,11.0,1,A ,0,0, 
moment,7,A,5.0,1,A ,10.714285714285714,7,A B
moral,5,A,7.0,1,A ,0,0, 
aid,3,A,8.0,1,A ,0,0, 
annual,6,A,5.0,1,A ,0,0, 
attitude,8,A,9.0,1,A ,9.352941176470589,17,A B
abdomen,5,A,8.0,1, B,10.0,1,A 
boutique,8,A,4.0,1,A ,0,0, 
brandy,6,A,6.0,1,A ,7.111111111111111,9,A B
caesar,6,A,0,0, ,0,0, 
caution,7,A,13.0,1,A ,0,0, 
chap,4,A,4.0,1,A ,3.0,1,A 
confusion,9,A,8.0,1,A ,9.8,5,A 
conquest,8,A,7.0,1,A ,0,0, 
consul,6,A,8.0,1,A ,0,0, 
corporation,11,A,4.0,1,A ,20.3,10,A B
costa,6,A,9.0,1,A ,0,0, 
cradle,6,A,7.0,1, B,0,0, 
clang,5,A,5.0,1,A ,0,0, 
crossing,8,A,6.0,1,A ,6.5,2,A 
crumb,6,A,23.0,1, B,0,0, 
customs,7,A,4.0,1,A ,9.0,1, B
delight,7,A,8.0,1,A ,11.333333333333334,3,A 
device,6,A,15.0,1,A ,8.771653543307087,127,A B
direction,10,A,4.0,1,A ,10.666666666666666,6,A B
discovery,11,A,3.0,1,A ,11.0,6,A 
edward,6,A,0,0, ,0,0, 
peer,5,A,6.0,1,A ,8.833333333333334,6,A 
estimate,8,A,11.0,1,A ,10.0,6,A B
floating,8,A,8.0,1,A ,15.0,1, B
model,9,A,10.0,1,A ,12.142857142857142,7,A B
fear,6,A,7.0,1,A ,7.7272727272727275,11,A B
galileo,7,A,0,0, ,0,0, 
gang,4,A,11.0,1,A ,6.5,2,A B
gothic,6,A,12.0,1, B,0,0, 
guard,6,A,8.0,1,A ,8.6,5,A 
ideal,5,A,4.0,1,A ,7.4,5,A B
insurance,9,A,8.0,1,A ,15.285714285714286,14,A B
time interval,9,A,7.0,1,A ,9.3,20,A B
james,5,A,0,0, ,0,0, 
jury,4,A,4.0,1,A ,9.25,4, B
king,5,A,9.0,1,A ,13.666666666666666,3, B
luxury,6,A,10.0,1,A ,0,0, 
madame,6,A,4.0,1,A ,0,0, 
marks,5,A,0,0, ,0,0, 
mars,4,A,0,0, ,0,0, 
mind,5,A,9.0,1,A ,10.0,5,A B
child,5,A,8.0,1,A ,7.294117647058823,17,A B
memorial,8,A,9.0,1,A ,12.125,8,A B
activity,10,A,3.0,1,A ,8.171052631578947,76,A B
affect,6,A,7.0,1,A ,0,0, 
apple,5,A,7.5,2,A B,10.666666666666666,3, B
aspect,7,A,7.0,1,A ,5.666666666666667,3,A 
assistant,9,A,6.0,1,A ,9.518518518518519,27,A B
gold,2,A,10.0,1, B,9.75,4, B
belt,5,A,4.0,1,A ,7.8,5,A B
bones,5,A,20.0,1, B,0,0, 
brick,5,A,11.5,2,A B,7.0,5,A B
cake,4,A,5.0,1,A ,6.0,1,A 
car,4,A,12.0,1, B,7.967741935483871,31,A B
cheek,6,A,7.0,1,A ,0,0, 
chestnut,8,A,4.0,1,A ,0,0, 
chosen,6,A,7.0,1,A ,0,0, 
fortune,13,A,9.0,1,A ,9.5,4,A B
claim,5,A,9.0,1,A ,9.0,3,A B
cleaning,8,A,11.0,1,A ,10.166666666666666,12,A B
cliff,5,A,19.0,1, B,6.5,2,A 
coffin,6,A,3.0,1,A ,7.5,2,A 
companion,8,A,6.0,1,A ,6.666666666666667,3,A 
concept,7,A,4.0,1,A ,7.533333333333333,15,A B
consumption,11,A,13.0,1, B,7.0,4,A 
crack,5,A,7.0,1,A ,5.666666666666667,9,A B
depth,5,A,6.0,1,A ,8.6,5,A 
discussion,10,A,13.0,1,A ,8.0,5,A 
doorway,7,A,8.0,1,A ,12.0,1, B
twelve,5,A,12.0,1, B,7.0,1,A 
drag,4,A,10.0,1,A ,9.5,2,A B
drawer,6,A,10.5,2,A B,0,0, 
drug,4,A,5.0,1,A ,10.90625,32,A B
eating,6,A,11.0,1,A ,8.0,15,A 
egg,4,A,9.0,1,A ,0,0, 
eurasian,8,A,6.5,2,A ,0,0, 
evil,4,A,13.0,1,A ,10.75,4,A B
ex-husband,2,A,3.0,1,A ,0,0, 
exhaust,7,A,4.0,2,A ,0,0, 
destiny,4,A,9.0,1,A ,7.8,5,A 
favor,6,A,8.0,1,A ,0,0, 
gallery,9,A,8.0,1,A ,0,0, 
good,5,A,9.0,1,A ,10.0,1, B
gown,4,A,5.0,1,A ,8.4,5,A B
smile,4,A,16.0,1, B,5.5,2,A 
happiness,9,A,14.0,1, B,9.5,2,A 
iceland,7,A,0,0, ,0,0, 
enterprise,10,A,5.0,1,A ,0,0, 
institute,9,A,11.0,1,A ,0,0, 
wind,4,A,4.0,1,A ,0,0, 
knock,5,A,5.0,1,A ,0,0, 
magazine,8,A,8.0,2,A ,9.833333333333334,6,A B
meal,4,A,9.0,1,A ,6.9375,16,A B
message,8,A,13.0,1,A ,8.11111111111111,9,A B
model,6,A,10.0,1,A ,12.142857142857142,7,A B
absence,7,A,4.0,1,A ,10.5,2,A 
acts of the apostles,4,A,0,0, ,0,0, 
agreement,9,A,9.0,1,A ,12.3125,16,A B
angle,5,A,5.0,1,A ,11.212121212121213,33,A B
basin,5,A,6.0,1,A ,8.375,8,A B
bee,3,A,19.0,1, B,10.3,10,A B
bore,4,A,16.0,1, B,9.75,4,A B
canyon,6,A,6.0,1,A ,0,0, 
cigarette,10,A,13.0,1, B,10.666666666666666,3,A B
city,6,A,12.0,1,A ,14.666666666666666,3, B
comfort,7,A,9.0,1,A ,7.75,4,A 
crate,5,A,3.0,1,A ,8.5,2,A B
crystal,7,A,5.0,1,A ,6.0,5,A B
cyril,5,A,10.0,1,A ,0,0, 
dial,4,A,4.0,1,A ,0,0, 
display,7,A,13.0,1,A ,7.5,2,A B
divorce,7,A,10.0,1,A ,0,0, 
drug,5,A,5.0,1,A ,10.90625,32,A B
economy,7,A,6.0,1,A ,14.0,6,A B
exercise,8,A,6.0,1,A ,11.5625,16,A B
family,8,A,4.0,1,A ,11.833333333333334,6, B
fan,3,A,6.0,1,A ,9.0,3,A B
fiction,7,A,19.0,1, B,6.2,5,A 
determination,7,A,9.0,1,A ,12.5,8,A 
discovery,5,A,7.0,1,A ,0,0, 
helicopter,10,A,21.0,1, B,15.25,4,A B
hill,4,A,16.0,1, B,5.25,4,A 
ion,4,A,8.0,1,A ,5.5,2,A 
joy,3,A,7.0,1,A ,9.75,4,A 
lady,6,A,5.0,1,A ,5.0,1,A 
loss,4,A,19.0,1, B,9.0,4,A B
cover girl,6,A,19.0,1, B,0,0, 
stateliness,7,A,14.0,1,A ,0,0, 
mare,5,A,6.0,1,A ,0,0, 
match,5,A,7.0,1,A ,9.25,4,A B
mathematics,5,A,7.0,1,A ,16.5,2, B
measure,8,A,8.0,1,A ,12.666666666666666,3,A B
clemency,5,A,8.0,1,A ,8.25,4,A 
milk,4,A,10.0,2,A B,11.473684210526315,19,A B
mills,5,A,0,0, ,0,0, 
mirror,7,A,9.0,1,A ,9.666666666666666,6,A B
monster,7,A,14.0,1, B,11.5,2,A B
agent,5,A,11.0,1, B,9.38888888888889,18,A B
anger,5,A,7.0,1,A ,8.25,8,A B
arthur,6,A,0,0, ,0,0, 
attraction,11,A,5.0,1,A ,10.8,5,A B
parallel bars,4,A,18.0,1, B,18.0,1, B
animal,5,A,8.0,1,A ,7.680851063829787,47,A B
bird,4,A,10.0,1,A ,10.346153846153847,26,A B
brie,4,A,6.0,1,A ,0,0, 
bunk,4,A,6.0,1,A ,0,0, 
candle,6,A,4.0,1,A ,7.75,4,A B
cape,4,A,4.0,1,A ,4.0,1,A 
center,6,A,4.0,1,A ,9.3,10,A B
chain,5,A,6.0,1,A ,8.0,2,A B
chimney,7,A,4.0,1,A ,9.5,2,A 
clothing,8,A,10.5,2,A B,8.787878787878787,33,A B
column,6,A,4.0,1,A ,0,0, 
company,9,A,11.0,1,A ,12.722222222222221,36,A B
cotton,6,A,10.0,1, B,16.666666666666668,3, B
sofa,5,A,4.0,1,A ,6.833333333333333,6,A B
counter,7,A,5.0,1,A ,9.8,5,A B
countryman,10,A,10.0,1,A ,0,0, 
crime,5,A,13.0,1,A ,9.052631578947368,19,A B
crime,6,A,13.0,1,A ,9.052631578947368,19,A B
cup,4,A,8.5,2,A ,7.444444444444445,9,A B
nitrile,7,A,15.0,1, B,14.0,1,A 
dealing,7,A,9.0,1,A ,0,0, 
discus,7,A,10.0,1, B,0,0, 
diverseness,9,A,13.0,1,A ,12.0,1,A 
don,3,A,9.0,1,A ,0,0, 
dressing,8,A,5.0,1,A ,15.25,12,A B
elbow,5,A,10.0,1, B,0,0, 
embrace,7,A,5.0,1,A ,4.5,2,A 
emotion,7,A,7.0,1,A ,8.11111111111111,9,A B
outside,8,A,6.0,1,A ,8.0,1,A 
external,8,A,7.0,1,A ,0,0, 
federal,3,A,5.0,1,A ,0,0, 
fog,3,A,7.0,1,A ,6.0,4,A B
fortress,8,A,18.0,1, B,8.5,4,A B
fountain,8,A,9.0,1,A ,16.0,1, B
grass,5,A,15.0,1, B,9.4,55,A B
guerrilla,9,A,7.0,1,A ,10.0,2,A B
hamilton,8,A,0,0, ,0,0, 
hearts,6,A,5.0,1,A ,0,0, 
hello,2,A,8.0,1,A ,0,0, 
netherlands,7,A,0,0, ,0,0, 
honor,6,A,8.0,1,A ,5.25,4,A 
india,5,A,0,0, ,0,0, 
purpose,6,A,4.0,1,A ,6.5,6,A B
japan,5,A,0,0, ,0,0, 
johnson,7,A,0,0, ,0,0, 
jupiter,7,A,0,0, ,0,0, 
lane,4,A,3.0,1,A ,0,0, 
lever,5,A,3.0,1,A ,7.866666666666666,15,A B
liberation,10,A,14.0,1,A ,9.555555555555555,9,A B
library,7,A,4.0,1,A ,0,0, 
limit,6,A,6.0,1,A ,8.8,5,A B
mainland,8,A,4.0,1,A ,0,0, 
mare,4,A,5.0,1,A ,9.0,1,A 
marriage,8,A,13.0,1, B,10.083333333333334,12,A B
meeting,8,A,9.0,1,A ,9.785714285714286,14,A B
saddle horse,5,A,5.0,1,A ,8.176470588235293,17,A B
move,5,A,8.0,1,A ,8.0,2,A 
admiral,7,A,11.0,1, B,0,0, 
advice,6,A,8.0,1,A ,11.333333333333334,3,A 
matter,6,A,7.0,1,A ,5.0,1,A 
agent,6,A,11.0,1, B,9.38888888888889,18,A B
armchair,8,A,5.0,1,A ,10.0,5,A B
atom,4,A,9.0,1,A ,9.0,5,A B
bath,4,A,6.0,1,A ,0,0, 
bergen,6,A,0,0, ,0,0, 
blanket,7,A,10.0,1,A ,9.8,5,A B
brest,5,A,0,0, ,0,0, 
brief,5,A,13.0,1, B,17.0,1, B
bronze,6,A,16.0,1, B,11.75,8,A B
bullet,6,A,10.0,1,A ,10.5,4,A B
buying,6,A,8.0,1,A ,11.666666666666666,3,A B
cage,4,A,9.0,1,A ,8.333333333333334,3,A B
career,7,A,10.0,1,A ,11.0,4,A B
camera,6,A,21.0,1, B,14.0,9, B
cause,6,A,6.0,1,A ,8.6,5,A 
chair,6,A,4.0,1,A ,11.333333333333334,15,A B
chamber,7,A,9.0,1,A ,10.294117647058824,17,A B
chancel,7,A,4.0,1,A ,0,0, 
civilization,12,A,7.0,1,A ,5.0,1,A 
classical music,9,A,10.0,1, B,6.857142857142857,7,A B
clerk,5,A,8.0,1,A ,9.181818181818182,11,A B
conscience,10,A,13.0,1, B,11.0,3,A B
cruise,6,A,9.0,1, B,0,0, 
dairy,5,A,4.0,1,A ,0,0, 
damn,4,A,13.0,1,A ,0,0, 
damp,4,A,7.0,1,A ,7.5,2,A 
darling,7,A,5.0,1,A ,9.25,4,A B
date,5,A,3.0,1,A ,8.0,2,A 
dawn,4,A,4.0,1,A ,0,0, 
defeat,6,A,6.5,2,A ,7.714285714285714,7,A 
delay,5,A,5.0,1,A ,10.0,3,A 
demand,7,A,7.0,1,A ,8.25,8,A B
dialogue,8,A,4.0,1,A ,0,0, 
trouble,12,A,6.0,1,A ,7.0,2,A B
dioxide,7,A,5.0,1,A ,14.0,4, B
dodo,4,A,7.0,1,A ,0,0, 
einstein,8,A,0,0, ,0,0, 
emission,8,A,6.0,1,A ,9.0,2,A 
emperor,7,A,9.0,1,A ,9.0,6,A B
execution,9,A,18.0,1, B,10.0,5,A 
fireplace,9,A,6.0,1,A ,4.0,1,A 
firm,4,A,8.0,1,A ,10.428571428571429,7,A B
firenze,8,A,0,0, ,0,0, 
foundation,10,A,8.0,1,A ,8.5,2,A B
fuse,4,A,16.0,1, B,11.666666666666666,3, B
gas,5,A,13.0,1, B,0,0, 
golf,4,A,11.0,1, B,11.166666666666666,6, B
hamburg,7,A,0,0, ,0,0, 
honey,5,A,10.0,1,A ,0,0, 
hood,4,A,8.0,1,A ,5.0,1,A 
hook,4,A,5.0,1,A ,0,0, 
horizon,7,A,4.0,1,A ,0,0, 
housing,7,A,9.0,1,A ,8.533333333333333,15,A B
immune,6,A,6.0,1,A ,7.0,1,A 
inspiration,11,A,4.0,1,A ,6.666666666666667,3,A 
institution,11,A,12.0,1,A ,11.555555555555555,9,A B
lamb,4,A,11.0,1, B,6.4,5,A B
landing,7,A,8.0,1,A ,0,0, 
laser,5,A,13.0,1, B,0,0, 
eyelid,3,A,14.0,1, B,0,0, 
lieutenant,10,A,27.0,1, B,14.666666666666666,3,A B
ball,4,A,13.0,1,A ,3.6666666666666665,3,A 
monopoly,8,A,6.0,1,A ,6.0,1,A 
adriatic,8,A,0,0, ,0,0, 
entreaty,6,A,7.0,1,A ,9.666666666666666,6,A 
arrival,7,A,14.0,1,A ,8.0,2,A 
bear,5,A,9.0,1,A ,10.0,7,A B
beating,7,A,5.0,1,A ,0,0, 
being,6,A,5.0,1,A ,9.090909090909092,11,A 
benefit,7,A,7.0,1,A ,14.166666666666666,6, B
wild boar,4,A,5.0,1,A ,0,0, 
bomb,5,A,11.5,2,A B,11.137931034482758,29,A B
broad,5,A,5.0,1,A ,0,0, 
american bison,7,A,5.0,1,A ,0,0, 
burn,4,A,4.0,1,A ,0,0, 
call,5,A,9.0,1,A ,10.25,8,A B
political campaign,8,A,4.0,1,A ,14.0,2, B
caribbean,9,A,0,0, ,0,0, 
catholic,8,A,9.0,1,A ,10.2,5,A B
ceremony,8,A,6.0,1,A ,9.357142857142858,14,A B
certainty,9,A,14.0,1, B,8.666666666666666,3,A 
film,6,A,6.0,1,A ,12.0,1, B
circular,8,A,2.0,1,A ,7.0,1,A 
clapper,7,A,8.0,1,A ,0,0, 
cloud,5,A,18.0,1, B,7.333333333333333,6,A B
collective,10,A,10.0,1,A ,14.0,1, B
comparison,10,A,11.0,1,A ,9.0,5,A 
cone,4,A,8.0,1,A ,0,0, 
istanbul,14,A,0,0, ,0,0, 
control,8,A,5.0,1,A ,7.2,5,A B
crew,5,A,4.0,1,A ,10.5,2,A B
criminal,8,A,9.0,1,A ,8.037037037037036,27,A B
shock absorber,7,A,6.0,1,A ,10.0,1, B
cycle,5,A,12.0,1, B,0,0, 
death,6,A,6.0,1,A ,9.2,5,A B
devon,5,A,0,0, ,0,0, 
dictatorship,12,A,9.0,1,A ,11.0,1, B
discipline,10,A,15.0,1, B,9.95,20,A B
disease,7,A,7.0,1,A ,13.307692307692308,39,A B
edition,7,A,10.0,1,A ,11.0,2,A B
constitution,13,A,9.0,1,A ,12.6,5,A 
quintessence,5,A,7.0,1,A ,0,0, 
executive,9,A,13.0,1,A ,12.4,5,A B
facing,6,A,6.0,1,A ,0,0, 
faithful,8,A,9.0,1,A ,0,0, 
figure,3,A,12.0,1,A ,0,0, 
movie,5,A,5.5,2,A ,10.0,18,A B
flap,4,A,8.0,1,A ,6.777777777777778,9,A B
folly,5,A,5.0,1,A ,10.0,3,A 
footman,7,A,10.0,1,A ,0,0, 
luck,7,A,10.0,1,A ,6.5,2,A B
fragment,8,A,4.0,1,A ,6.909090909090909,11,A B
gabriel,7,A,9.0,1,A ,0,0, 
goal,4,A,7.0,1,A ,7.0,7,A 
evidence,7,A,11.0,1,A ,6.833333333333333,6,A B
growth,6,A,14.0,1, B,11.735294117647058,34,A B
guest,5,A,7.0,1,A ,11.333333333333334,3, B
hearing,7,A,10.0,1,A ,15.0,4, B
celestial sphere,7,A,7.0,1,A ,0,0, 
horn,4,A,10.0,1,A ,0,0, 
hunt,4,A,0,0, ,0,0, 
hydrogen,8,A,9.0,2,A B,7.0,1,A 
image,6,A,14.0,1,A ,12.8,5, B
imperial,8,A,5.0,1,A ,0,0, 
influenza,9,A,17.5,2, B,14.0,2, B
ink,3,A,6.0,1,A ,10.6,5, B
instruction manual,12,A,6.0,1,A ,0,0, 
italian,8,A,8.0,1,A ,7.333333333333333,15,A 
kilowatt,8,A,9.0,1, B,0,0, 
knee,4,A,10.0,1, B,0,0, 
knife,5,A,8.0,1, B,9.421052631578947,19,A B
maze,9,A,6.0,1,A ,0,0, 
lap,3,A,5.0,1,A ,0,0, 
latest,6,A,4.0,1,A ,0,0, 
tilt,4,A,8.0,1,A ,0,0, 
lenin,5,A,0,0, ,0,0, 
map,4,A,14.0,1,A ,8.285714285714286,7,A B
mary,4,A,0,0, ,0,0, 
multitude,6,A,5.0,1,A ,7.333333333333333,3,A 
interim,9,A,12.0,1, B,11.0,1,A 
mediterranean,14,A,0,0, ,11.0,1, B
mesa,4,A,9.0,1,A ,0,0, 
temper,4,A,7.0,1,A ,6.5,4,A B
motivation,6,A,20.0,1, B,10.666666666666666,6,A B
admission,9,A,8.0,1,A ,12.0,2,A 
aegean,6,A,0,0, ,0,0, 
alley,5,A,6.0,1,A ,0,0, 
alum,4,A,9.0,2,A B,0,0, 
analysis,8,A,13.0,1,A ,12.857142857142858,7,A B
ankle,5,A,12.0,1, B,0,0, 
apartment,10,A,7.0,1,A ,12.363636363636363,11,A B
arcade,6,A,10.0,1,A ,13.0,2, B
argument,9,A,8.0,1,A ,7.777777777777778,9,A B
assets,6,A,10.0,1,A ,8.904761904761905,21,A B
loft,5,A,5.0,1,A ,7.5,2,A 
government,11,A,6.0,1,A ,12.4375,16,A B
balcony,7,A,9.0,1,A ,6.5,2,A 
ball,5,A,13.0,1, B,9.533333333333333,30,A B
bathroom,8,A,4.0,1,A ,0,0, 
bend,4,A,5.0,1,A ,5.0,1,A 
blade,5,A,4.0,1,A ,0,0, 
boldface,4,A,4.0,1,A ,0,0, 
brush,5,A,10.0,1,A ,7.75,4,A 
bunch,5,A,13.0,1,A ,4.0,3,A 
cabinet,7,A,9.0,1,A ,10.666666666666666,3,A B
calais,6,A,0,0, ,0,0, 
canal,5,A,7.0,1,A ,0,0, 
cardinal,8,A,6.0,1,A ,4.0,1,A 
chateau,7,A,12.0,1, B,0,0, 
climate,7,A,22.0,1, B,0,0, 
code,4,A,20.0,1, B,9.25,8,A B
concertina,10,A,10.0,1, B,0,0, 
contract,8,A,16.0,1, B,14.357142857142858,28,A B
county,6,A,6.0,1,A ,5.0,1,A 
covering,8,A,13.0,1, B,6.458333333333333,24,A B
david,5,A,0,0, ,0,0, 
demand,6,A,7.0,1,A ,8.25,8,A B
dependant,9,A,9.0,1,A ,6.0,2,A 
depth,6,A,6.0,1,A ,8.6,5,A 
desert,6,A,5.0,2,A ,0,0, 
dictionary,10,A,8.0,1,A ,16.5,8,A B
blare,3,A,5.0,1,A ,0,0, 
dome,4,A,12.0,1, B,0,0, 
drop,5,A,6.0,1,A ,7.5,2,A 
ease,4,A,7.0,1,A ,14.0,1,A 
eiffel,6,A,0,0, ,0,0, 
enemy,7,A,12.0,1, B,0,0, 
entertainment,13,A,9.0,1,A ,9.833333333333334,6,A 
exception,9,A,8.0,1,A ,0,0, 
exhibition,10,A,12.0,1,A ,7.5,2,A 
experiment,10,A,18.0,1, B,15.75,4,A B
fantasy,7,A,11.0,1,A ,10.666666666666666,3, B
feelings,8,A,11.0,1,A ,0,0, 
filter,6,A,6.0,1,A ,10.583333333333334,12,A B
fourteen,8,A,12.0,1, B,0,0, 
genius,6,A,12.0,1,A ,7.0,1,A 
glance,7,A,4.0,1,A ,11.0,2,A 
headquarters,12,A,6.0,1,A ,7.0,1,A 
aid,5,A,8.0,1,A ,7.333333333333333,12,A 
hole,5,A,7.0,1,A ,8.0,9,A B
invitation,10,A,6.5,2,A ,6.5,2,A 
ireland,7,A,0,0, ,0,0, 
isle,4,A,0,0, ,0,0, 
jack,4,A,23.0,1, B,0,0, 
keen,4,A,5.0,1,A ,0,0, 
lace,4,A,4.0,1,A ,8.0,2,A 
limit,5,A,6.0,1,A ,8.8,5,A B
interim,8,A,12.0,1, B,11.0,1,A 
meat,4,A,4.0,1,A ,6.545454545454546,22,A B
method,6,A,8.0,1,A ,10.6,10,A B
monday,6,A,7.0,1,A ,10.0,1,A 
absurd,6,A,9.0,1,A ,0,0, 
agreement,6,A,7.0,1,A ,10.714285714285714,7,A B
accuracy,8,A,7.0,1,A ,8.5,2,A 
african,7,A,6.0,1,A ,7.923076923076923,52,A B
aged,4,A,8.0,1, B,0,0, 
alarm,5,A,4.0,1,A ,0,0, 
ambition,8,A,6.0,1,A ,11.0,3,A B
aristotle,9,A,0,0, ,0,0, 
article,7,A,7.5,2,A ,8.857142857142858,7,A B
aspect,6,A,7.0,1,A ,5.666666666666667,3,A 
barrel,6,A,4.0,1,A ,0,0, 
beach,5,A,19.0,1, B,5.0,1,A 
space,5,A,9.0,1,A ,0,0, 
bosporus,8,A,0,0, ,0,0, 
avenue,9,A,6.0,1,A ,0,0, 
briefcase,9,A,4.0,1,A ,11.0,1, B
bristol,7,A,0,0, ,0,0, 
bucket,6,A,6.0,1,A ,9.333333333333334,6,A B
cable,5,A,8.0,1,A ,0,0, 
canadian,8,A,13.0,1, B,11.333333333333334,3,A B
cannon,6,A,9.0,1,A ,9.2,5,A B
basement,7,A,5.0,1,A ,9.0,1,A 
champion,5,A,5.0,1,A ,14.0,1,A 
appeal,5,A,14.0,1,A ,10.0,2,A B
clasp,6,A,8.0,1,A ,9.666666666666666,3,A B
collar,6,A,4.0,1,A ,11.0,6,A B
columbus,8,A,0,0, ,0,0, 
remark,8,A,9.0,1,A ,8.333333333333334,12,A B
compass,7,A,22.0,1, B,13.0,2,A B
composition,11,A,9.0,1,A ,0,0, 
confession,10,A,9.0,1,A ,15.0,1,A 
consulate,9,A,18.0,1, B,0,0, 
contribution,12,A,7.0,1,A ,3.0,1,A 
cooling,7,A,17.0,1, B,11.333333333333334,3,A B
coral,5,A,4.0,1,A ,0,0, 
recognition,6,A,8.0,1,A ,7.0,3,A 
criminal,9,A,9.0,1,A ,8.037037037037036,27,A B
curtain,8,A,7.5,2,A ,10.0,6,A B
film editing,7,A,17.0,1, B,0,0, 
district attorney,2,A,10.0,1,A ,0,0, 
day,8,A,10.0,1, B,9.333333333333334,3,A 
defense mechanism,7,A,14.0,2,A B,11.833333333333334,12,A B
terminal,5,A,7.0,1,A ,11.2,5,A B
despair,7,A,9.0,1,A ,0,0, 
destruction,11,A,11.0,1,A ,10.0,14,A B
differentiation,11,A,14.0,1,A ,11.333333333333334,3,A 
doppler,7,A,0,0, ,0,0, 
drove,5,A,11.0,1, B,0,0, 
dunkirk,7,A,6.0,1,A ,0,0, 
egg,3,A,4.0,1,A ,5.2,5,A B
eighteen,8,A,12.0,1, B,0,0, 
elements,8,A,7.0,1,A ,0,0, 
episode,7,A,9.0,1,A ,5.666666666666667,3,A 
examination,11,A,13.0,1,A ,9.523809523809524,21,A B
failure,7,A,17.0,1,A ,7.0,8,A 
fifth,5,A,22.0,1, B,0,0, 
fisherman,9,A,13.0,1, B,6.5,2,A 
fix,3,A,10.0,1,A ,14.0,1, B
flag,5,A,6.0,1,A ,8.533333333333333,15,A B
fire,5,A,10.0,1,A ,6.0,3,A 
footfall,9,A,5.0,1,A ,5.0,1,A 
foreigner,10,A,8.0,1,A ,5.6,5,A B
formation,9,A,11.0,1,A ,6.8,10,A B
garrison,4,A,12.0,1, B,0,0, 
franklin,8,A,0,0, ,0,0, 
terrorization,11,A,8.0,1,A ,0,0, 
gangster,8,A,8.0,1,A ,6.0,3,A 
gates,5,A,0,0, ,0,0, 
genre,5,A,4.0,1,A ,0,0, 
geography,9,A,12.0,1, B,14.666666666666666,3,A B
ghost,5,A,10.0,1,A ,0,0, 
grace,5,A,5.0,1,A ,0,0, 
grandma,11,A,11.0,1,A ,3.0,1,A 
appreciation,5,A,13.0,1,A ,5.0,1,A 
hedge,5,A,5.0,1,A ,10.0,2,A B
hiv,3,A,14.0,1, B,0,0, 
horizon,8,A,4.0,1,A ,0,0, 
mugwump,11,A,13.0,1,A ,0,0, 
inheritance,11,A,11.0,1,A ,0,0, 
initial,7,A,6.0,1,A ,0,0, 
invite,6,A,10.0,1,A ,0,0, 
jungle,6,A,8.0,1,A ,14.0,1, B
junior,6,A,7.0,1,A ,0,0, 
military junta,5,A,6.0,1,A ,0,0, 
support,5,A,8.0,1,A ,10.0,4,A B
kick,4,A,4.0,1,A ,7.8,5,A B
lotus,5,A,9.0,1, B,0,0, 
loyalty,7,A,8.0,1,A ,11.0,4,A 
lyon,4,A,0,0, ,0,0, 
majority,8,A,6.0,1,A ,0,0, 
martin,6,A,0,0, ,0,0, 
maser,5,A,9.0,1,A ,8.0,1, B
checkup,7,A,11.0,1,A ,0,0, 
midnight,8,A,4.0,1,A ,0,0, 
mixture,7,A,9.0,1,A ,9.625,16,A B
mouthful,8,A,12.0,1,A ,0,0, 
abandon,7,A,11.0,1,A ,0,0, 
ambition,9,A,6.0,1,A ,11.0,3,A B
anne,4,A,0,0, ,0,0, 
apparatus,9,A,9.0,1,A ,10.0,28,A B
archbishop,10,A,6.0,1,A ,12.0,1,A 
article,8,A,7.5,2,A ,8.857142857142858,7,A B
ash,3,A,7.0,1,A ,6.5,2, B
astronomy,9,A,7.0,1,A ,12.714285714285714,7,A B
aunt,4,A,9.0,1,A ,10.0,2,A B
dawn,6,A,4.0,1,A ,0,0, 
baby,6,A,5.0,1,A ,8.11111111111111,9,A B
bishop,6,A,6.0,1,A ,8.11111111111111,9,A B
bite,4,A,5.0,1,A ,8.0,2,A B
blade,6,A,4.0,1,A ,0,0, 
blouse,6,A,3.0,1,A ,7.5,4,A 
breton,7,A,9.0,1,A ,0,0, 
buckle,6,A,8.0,1,A ,10.0,1, B
businessmen,11,A,10.0,1,A ,0,0, 
butter,6,A,8.0,2,A B,10.8,5,A B
canteen,7,A,5.0,1,A ,0,0, 
cardboard,9,A,10.0,2,A B,10.333333333333334,6,A B
cart,4,A,5.0,1,A ,8.5,8,A B
cave,4,A,19.0,1, B,5.333333333333333,3,A 
feature,15,A,8.0,1,A ,9.727272727272727,11,A B
cheese,6,A,8.0,2,A B,9.576923076923077,26,A B
chorus,6,A,5.0,1,A ,0,0, 
christmas,9,A,6.0,1,A ,0,0, 
citizen,7,A,8.0,1,A ,8.857142857142858,7,A B
column,7,A,4.0,1,A ,0,0, 
platitude,11,A,6.0,2,A ,0,0, 
concentration,13,A,8.0,1,A ,11.25,4,A B
conflict,8,A,11.0,1, B,7.666666666666667,9,A B
conflict,9,A,11.0,1, B,7.666666666666667,9,A B
consensus,9,A,9.0,1,A ,0,0, 
concept,9,A,4.0,1,A ,7.533333333333333,15,A B
container,9,A,15.0,1,A ,7.098039215686274,51,A B
converter,9,A,6.0,1,A ,16.833333333333332,6, B
cooperation,11,A,11.0,1, B,11.5,10,A 
corridor,9,A,10.0,1,A ,7.0,2,A 
animal,9,A,8.0,1,A ,7.680851063829787,47,A B
croquet,7,A,11.0,1, B,0,0, 
crying,6,A,13.0,1, B,5.333333333333333,3,A 
culture,7,A,7.0,1,A ,18.428571428571427,7, B
current,8,A,20.0,1, B,11.0,2,A B
dancing,7,A,11.5,2,A B,8.894736842105264,19,A B
argument,6,A,10.0,1,A ,9.0,1,A 
definition,10,A,11.0,1,A ,18.428571428571427,7,A B
departure,9,A,3.0,1,A ,8.8,10,A B
desperate,9,A,11.0,1,A ,5.0,1,A 
destiny,7,A,9.0,1,A ,7.8,5,A 
soil,4,A,5.0,1,A ,7.451612903225806,31,A B
disposal,8,A,5.0,1,A ,0,0, 
edwin,5,A,0,0, ,0,0, 
egypt,5,A,0,0, ,0,0, 
rubber band,7,A,8.5,2,A B,0,0, 
ensemble,8,A,19.0,1, B,8.4,5,A B
eastern time,3,A,9.0,1, B,0,0, 
expedition,10,A,8.0,1,A ,7.0,1,A 
exploitation,12,A,3.0,1,A ,14.857142857142858,7,A B
explosion,9,A,9.0,1,A ,8.285714285714286,7,A B
female,6,A,6.0,1,A ,5.75,4,A B
adjustment,7,A,11.0,1,A ,11.25,4,A 
florida,7,A,0,0, ,0,0, 
fold,4,A,12.0,1, B,5.0,3,A 
friendly,8,A,17.0,1, B,0,0, 
funeral,7,A,8.0,1,A ,7.5,2,A B
galaxy,6,A,10.0,1,A ,0,0, 
baseball glove,6,A,17.0,1, B,0,0, 
grain,5,A,4.0,1,A ,7.0,1,A 
guilt,5,A,9.0,1,A ,13.0,6,A B
habit,6,A,6.0,1,A ,0,0, 
handkerchief,12,A,12.0,1, B,13.5,2,A 
hectare,8,A,8.0,1, B,0,0, 
holy place,4,A,16.0,1, B,0,0, 
hostile,7,A,17.0,1, B,0,0, 
hotel,6,A,8.0,1,A ,7.428571428571429,7,A B
idiot,5,A,9.0,1,A ,9.0,1,A 
illusion,8,A,10.0,1,A ,10.666666666666666,3,A B
inch,4,A,10.0,1, B,0,0, 
independence,12,A,7.0,1,A ,8.75,4,A 
enterprise,11,A,5.0,1,A ,0,0, 
irish,5,A,6.0,1,A ,0,0, 
issue,6,A,7.0,1,A ,11.5,4,A B
gelatin,5,A,6.0,1,A ,11.666666666666666,3,A B
joseph,6,A,0,0, ,0,0, 
key,4,A,6.0,1,A ,8.666666666666666,3,A B
kind,5,A,8.0,1,A ,5.8125,16,A B
label,5,A,11.0,1,A ,0,0, 
toilet,8,A,4.0,1,A ,8.75,4,A B
layout,6,A,6.0,1,A ,0,0, 
lilac,5,A,5.0,1,A ,13.5,6, B
luke,4,A,0,0, ,0,0, 
manor,5,A,7.0,1,A ,0,0, 
masterpiece,11,A,4.0,1,A ,0,0, 
maze,4,A,6.0,1,A ,0,0, 
measurement,12,A,8.0,1,A ,11.135135135135135,37,A B
membrane,8,A,5.0,1,A ,7.5,2,A 
miracle,7,A,9.0,1,A ,0,0, 
mission,7,A,27.0,1, B,0,0, 
memorial,9,A,9.0,1,A ,12.125,8,A B
mud,3,A,4.0,1,A ,7.666666666666667,3,A B
abbey,5,A,6.0,1,A ,0,0, 
actor,5,A,9.0,1,A ,8.31578947368421,19,A B
adam,4,A,0,0, ,0,0, 
airport,7,A,8.0,1,A ,8.0,1,A 
alliance,8,A,9.0,1,A ,0,0, 
ambulance,9,A,3.0,1,A ,10.0,1, B
amsterdam,9,A,0,0, ,0,0, 
ant,3,A,19.0,1, B,10.0,9, B
arctic,6,A,0,0, ,0,0, 
artillery,9,A,8.0,1,A ,10.666666666666666,3,A B
ate,3,A,0,0, ,0,0, 
athenian,8,A,5.0,1,A ,0,0, 
award,5,A,5.0,1,A ,9.0,1,A 
axle,4,A,5.0,1,A ,7.666666666666667,3,A B
ballet,6,A,12.0,1, B,13.0,3, B
bark,4,A,8.0,1,A ,8.6,15,A B
battle,7,A,14.0,1, B,9.166666666666666,6,A B
bedside,7,A,4.0,1,A ,0,0, 
bernard,7,A,0,0, ,0,0, 
bible,5,A,10.0,1, B,11.0,1, B
incrimination,5,A,10.0,1,A ,18.0,1,A 
blowing,7,A,10.0,1,A ,12.0,1,A 
boot,4,A,8.0,1,A ,8.714285714285714,7,A B
boundary line,6,A,8.0,1,A ,10.75,4,A B
bottle,7,A,6.0,1,A ,8.61111111111111,18,A B
beast,5,A,8.0,1,A ,0,0, 
burden,6,A,7.0,1,A ,7.5,4,A B
bourgogne,8,A,0,0, ,0,0, 
rug,6,A,10.0,2,A B,8.928571428571429,14,A B
cement,6,A,8.0,1,A ,0,0, 
chambers,8,A,0,0, ,0,0, 
chart,5,A,19.0,1, B,8.88888888888889,9,A B
chink,5,A,5.0,1,A ,0,0, 
colleague,9,A,9.0,1,A ,0,0, 
colorado,8,A,0,0, ,0,0, 
comb,4,A,6.0,1,A ,11.0,3,A B
remark,7,A,9.0,1,A ,8.333333333333334,12,A B
con,3,A,8.0,1,A ,0,0, 
assurance,10,A,9.0,1,A ,0,0, 
confrontation,13,A,9.0,1,A ,0,0, 
coordinate,11,A,6.0,1,A ,17.0,2, B
bungalow,7,A,5.0,1,A ,0,0, 
cousin,6,A,8.0,1,A ,0,0, 
davys,5,A,0,0, ,0,0, 
decision,9,A,6.0,1,A ,8.0,5,A B
detector,8,A,6.0,1,A ,13.75,4, B
dish,6,A,8.5,2,A ,8.6,10,A B
dose,4,A,8.0,1,A ,5.8,5,A B
aged,7,A,8.0,1, B,0,0, 
ending,6,A,8.0,1,A ,12.0,2,A B
engineer,8,A,6.0,1,A ,14.461538461538462,13,A B
envelope,8,A,9.0,1,A ,14.0,1, B
export,7,A,9.0,1,A ,0,0, 
fantasia,8,A,18.0,1, B,0,0, 
farewell,8,A,14.0,1,A ,9.4,5,A B
february,8,A,22.0,1, B,0,0, 
filler,6,A,15.0,1, B,6.0,4,A 
florentine,10,A,7.0,1,A ,0,0, 
fraction,8,A,8.0,1,A ,0,0, 
frederick,9,A,0,0, ,0,0, 
frontier,8,A,10.0,1,A ,0,0, 
function,9,A,20.0,1, B,12.818181818181818,11,A B
gangster,9,A,8.0,1,A ,6.0,3,A 
gather,6,A,6.0,1,A ,0,0, 
gorilla,7,A,8.0,1, B,16.75,4,A B
grab,4,A,16.0,1, B,0,0, 
gramophone,10,A,12.0,1, B,8.0,1,A 
greek,6,A,13.0,1,A ,10.0,5,A B
bent,5,A,9.0,1,A ,0,0, 
han,4,A,7.0,1,A ,0,0, 
eden,6,A,6.0,1,A ,0,0, 
heretic,7,A,7.0,1,A ,0,0, 
hero,6,A,6.0,1,A ,0,0, 
highway,7,A,4.0,1,A ,10.166666666666666,6,A B
holder,6,A,13.0,1, B,8.2,5,A B
horseback,9,A,8.0,1, B,0,0, 
horse,6,A,6.0,1,A ,7.862068965517241,29,A B
index,9,A,4.0,1,A ,12.333333333333334,6, B
injury,6,A,9.0,1, B,8.318181818181818,22,A B
purpose,9,A,4.0,1,A ,6.5,6,A B
familiarity,8,A,12.0,1,A ,0,0, 
guerrilla,9,A,7.0,1,A ,10.0,2,A B
isaac,5,A,0,0, ,0,0, 
item,4,A,4.0,1,A ,9.0,6,A B
jam,3,A,8.0,1,A ,13.0,1, B
killing,7,A,8.0,1,A ,0,0, 
chap,3,A,4.0,1,A ,3.0,1,A 
lawyer,6,A,12.0,1,A ,11.272727272727273,11,A B
leadership,7,A,4.0,1,A ,7.5,2,A B
leaning,7,A,11.0,1,A ,0,0, 
legend,7,A,5.0,1,A ,15.0,1, B
lewis,5,A,0,0, ,0,0, 
lip,3,A,13.5,2,A B,7.5,2,A 
tons,5,A,23.0,1, B,0,0, 
cringle,4,A,8.0,1,A ,0,0, 
lucy,4,A,0,0, ,0,0, 
lunatic,6,A,10.0,1, B,8.0,4,A 
manual,6,A,8.0,1,A ,12.6,5,A B
mariner,7,A,6.0,1,A ,8.0,9,A B
medici,6,A,5.0,1,A ,0,0, 
melancholy,10,A,7.0,1,A ,11.75,4,A 
mess,4,A,14.0,1,A ,0,0, 
messenger,9,A,8.0,1,A ,9.285714285714286,7,A B
mouse,4,A,6.0,1,A ,10.0,5, B
minimum,7,A,15.5,2,A B,8.0,1,A 
motivation,7,A,20.0,1, B,10.666666666666666,6,A B
mouth,6,A,4.0,1,A ,4.0,1,A 
history,8,A,6.0,1,A ,10.571428571428571,7,A B
albert,6,A,0,0, ,0,0, 
ale,3,A,4.0,1,A ,6.5,6,A B
amateur,7,A,6.0,1,A ,8.666666666666666,3,A B
amendment,9,A,10.0,1,A ,0,0, 
anteroom,11,A,4.0,1,A ,7.0,1,A 
agreement,12,A,8.0,1,A ,11.5,2,A 
writer,7,A,12.0,1,A ,9.257142857142858,35,A B
anchor,8,A,7.0,1,A ,0,0, 
back,8,A,7.0,1,A ,8.5,2,A 
spot,4,A,23.0,1, B,0,0, 
blind,5,A,6.0,1,A ,0,0, 
blooming,5,A,14.0,1, B,0,0, 
thunderbolt,4,A,9.0,1,A ,0,0, 
brass,5,A,16.0,1, B,10.0,10,A B
breast,7,A,16.0,1, B,5.0,1,A 
package,6,A,10.0,1,A ,4.0,1,A 
explosion,6,A,17.0,1, B,10.5,2,A 
shrub,6,A,10.0,1, B,10.085526315789474,304,A B
byzantium,9,A,0,0, ,0,0, 
camp,5,A,16.0,1, B,7.0,3,A B
capture,7,A,9.0,1,A ,10.25,4,A 
card game,5,A,4.0,1,A ,7.458333333333333,24,A B
carry,7,A,14.0,1,A ,9.2,5,A B
castile,7,A,0,0, ,0,0, 
catherine of aragon,9,A,0,0, ,0,0, 
cat,4,A,6.0,1,A ,9.0,2,A B
causing,7,A,3.0,1,A ,8.6,5,A 
irons,6,A,7.0,1,A ,0,0, 
chess,5,A,5.0,1,A ,0,0, 
chicago,7,A,0,0, ,0,0, 
chop,4,A,18.0,1, B,0,0, 
jesus,6,A,0,0, ,0,0, 
christopher,11,A,0,0, ,0,0, 
shutting,7,A,6.0,1,A ,0,0, 
hint,4,A,10.0,1,A ,0,0, 
cognac,6,A,6.0,1,A ,0,0, 
coin,5,A,7.0,1,A ,7.405405405405405,37,A B
communication,13,A,3.0,1,A ,9.733333333333333,15,A 
concern,8,A,8.0,1,A ,10.4,5,A B
conduction,10,A,18.0,1, B,20.0,1, B
consent,7,A,10.0,1,A ,15.0,1, B
conservation,12,A,11.0,1,A ,0,0, 
consideration,13,A,8.0,1,A ,12.0,3,A 
constance,9,A,0,0, ,0,0, 
context,7,A,9.0,1,A ,0,0, 
contradictory,13,A,15.0,1, B,0,0, 
copenhagen,10,A,0,0, ,0,0, 
cork,4,A,8.5,2,A B,0,0, 
cosmology,9,A,11.0,1,A ,0,0, 
costume,7,A,6.0,1,A ,10.0,1, B
count,8,A,13.0,1,A ,7.714285714285714,7,A B
cricket,7,A,18.0,1, B,13.5,4, B
crimea,6,A,0,0, ,0,0, 
decade,7,A,10.0,1, B,6.217391304347826,23,A 
devices,7,A,11.0,1,A ,0,0, 
diagonal,8,A,12.0,1, B,0,0, 
diamond,7,A,5.0,1,A ,3.0,1,A 
diffusion,9,A,14.0,1, B,8.666666666666666,3,A 
excavation,7,A,17.0,1, B,0,0, 
dimension,9,A,9.0,1,A ,9.0,7,A B
dimension,10,A,9.0,1,A ,9.0,7,A B
dispute,7,A,12.0,1,A ,7.5,4,A 
doctrine,8,A,6.0,1,A ,11.46774193548387,62,A B
domination,10,A,13.0,1, B,9.333333333333334,3,A 
education,9,A,8.0,1,A ,14.9,10,A B
efficiency,10,A,5.0,1,A ,13.0,1, B
equivalent,10,A,9.0,1,A ,10.5,2,A 
espionage,9,A,6.0,1,A ,0,0, 
estuary,7,A,11.0,1, B,5.0,1,A 
evening,8,A,3.0,1,A ,10.0,1, B
evocation,9,A,11.0,1,A ,0,0, 
experiment,11,A,18.0,1, B,15.75,4,A B
exploration,11,A,10.0,1,A ,0,0, 
eyelid,7,A,14.0,1, B,0,0, 
religion,5,A,11.5,2,A B,9.26923076923077,26,A B
chap,7,A,4.0,1,A ,3.0,1,A 
fever,5,A,7.0,1,A ,12.0,1,A 
focus,5,A,13.0,1,A ,13.0,1,A 
friendship,10,A,12.0,1,A ,11.0,3,A B
fury,4,A,5.0,1,A ,6.5,2,A 
gas,4,A,13.0,1, B,0,0, 
frog,5,A,9.0,1,A ,0,0, 
goofy,5,A,0,0, ,0,0, 
hammer,6,A,7.0,1,A ,0,0, 
hat,4,A,9.0,1,A ,8.227272727272727,22,A B
porcupine,8,A,6.0,1,A ,17.0,2, B
hem,3,A,4.0,1,A ,0,0, 
hercules,8,A,0,0, ,0,0, 
inclination,11,A,8.0,1,A ,9.125,16,A 
addition,9,A,18.0,1, B,9.0,1,A 
lawrence,8,A,0,0, ,0,0, 
leonardo,8,A,0,0, ,0,0, 
liberal,7,A,5.0,1,A ,10.4,5,A B
beacon,10,A,5.0,1,A ,0,0, 
beacon,11,A,5.0,1,A ,0,0, 
lightning,9,A,22.0,1, B,13.0,2,A B
baggage,7,A,4.0,1,A ,7.428571428571429,7,A B
machine,8,A,6.0,1,A ,9.333333333333334,42,A B
magnitude,9,A,8.0,1,A ,7.933333333333334,15,A B
market,7,A,8.0,1,A ,10.625,8,A B
marsh,5,A,7.0,1,A ,9.0,1, B
marsh,7,A,7.0,1,A ,9.0,1, B
mask,4,A,8.0,2,A ,7.5,2,A B
masters,7,A,0,0, ,0,0, 
soap,3,A,20.0,1, B,0,0, 
medicine,8,A,14.0,1, B,11.553191489361701,47,A B
merchandise,11,A,9.0,1,A ,8.0,15,A B
mexico,6,A,0,0, ,0,0, 
microwave,9,A,24.0,1, B,0,0, 
mist,4,A,3.0,1,A ,0,0, 
monarchy,8,A,9.0,1,A ,11.333333333333334,3,A B
mug,3,A,12.0,1,A ,0,0, 
absorption,10,A,8.0,1,A ,10.0,1,A 
abundance,9,A,8.0,1,A ,8.833333333333334,6,A 
accident,9,A,6.0,1,A ,8.4,5,A B
accusation,11,A,6.0,1,A ,11.181818181818182,11,A B
accused,7,A,9.0,1,A ,0,0, 
action,7,A,3.0,1,A ,9.212121212121213,33,A B
administration,14,A,10.0,1,A ,9.8,5,A B
adoption,8,A,8.0,1,A ,7.0,1,A 
airplane,9,A,21.0,1, B,9.933333333333334,15,A B
personal business,7,A,7.0,1,A ,10.0,1, B
agency,6,A,18.0,1, B,26.890625,64,A B
alert,5,A,9.0,1,A ,8.666666666666666,3, B
alexander,9,A,4.0,1,A ,0,0, 
amber,5,A,6.0,1,A ,0,0, 
angel,5,A,14.0,1, B,10.0,5,A B
anxiety,7,A,18.0,1, B,11.25,4,A B
ape,3,A,7.0,1,A ,13.0,1, B
application,11,A,3.0,1,A ,12.0,2,A 
archipelago,11,A,4.0,1,A ,0,0, 
architect,10,A,7.0,1,A ,11.0,2,A B
sphere,5,A,11.0,1,A ,7.428571428571429,7,A B
arrow,5,A,4.0,1,A ,0,0, 
audio,5,A,21.0,1, B,0,0, 
aunt,5,A,9.0,1,A ,10.0,2,A B
austria,7,A,0,0, ,0,0, 
awareness,9,A,7.0,1,A ,7.666666666666667,3,A 
ballerina,9,A,12.0,1, B,14.0,1, B
ballroom,8,A,4.0,1,A ,5.0,1,A 
barber,6,A,0,0, ,0,0, 
roadblock,9,A,7.0,1,A ,0,0, 
basin,6,A,6.0,1,A ,8.375,8,A B
bedspread,9,A,10.0,1,A ,12.0,2,A B
behalf,6,A,5.0,1,A ,0,0, 
belgium,7,A,0,0, ,0,0, 
berry,5,A,11.0,1, B,9.277777777777779,18,A 
billion,7,A,12.0,1, B,0,0, 
boil,4,A,23.0,1, B,7.0,1,A 
boom,4,A,5.0,1,A ,0,0, 
boyfriend,9,A,4.0,2,A ,0,0, 
butler,6,A,10.0,1,A ,0,0, 
cabbage,7,A,20.0,1, B,9.0,4,A B
cabin,5,A,11.0,1,A ,9.0,1,A 
caption,7,A,9.0,1,A ,0,0, 
caravan,7,A,10.0,1,A ,0,0, 
catalan,7,A,8.0,1,A ,0,0, 
cattle,6,A,6.0,1,A ,5.666666666666667,12,A B
chalk,5,A,7.0,1,A ,0,0, 
charlemagne,11,A,0,0, ,0,0, 
chat,4,A,12.0,1,A ,8.0,1,A 
chili,6,A,9.0,1, B,7.5,2,A 
church,8,A,8.0,1,A ,14.666666666666666,6, B
clause,7,A,12.0,1,A ,14.25,4, B
cling,5,A,11.0,1, B,0,0, 
bunch,7,A,13.0,1,A ,4.0,3,A 
coastline,9,A,7.0,1,A ,0,0, 
pod,3,A,4.0,1,A ,6.0,1, B
coin,4,A,7.0,1,A ,7.405405405405405,37,A B
colonial,8,A,8.0,1,A ,0,0, 
combat,6,A,6.0,1,A ,11.333333333333334,3,A B
combine,7,A,9.0,1,A ,0,0, 
combustion,10,A,9.0,1,A ,11.333333333333334,3,A B
comedian,5,A,9.0,1,A ,7.0,5,A B
comparison,7,A,8.0,1,A ,0,0, 
component,9,A,4.0,1,A ,10.666666666666666,3,A B
component,10,A,4.0,1,A ,10.666666666666666,3,A B
conference,10,A,7.0,1,A ,8.666666666666666,3,A 
congress,8,A,11.0,1,A ,0,0, 
conqueror,9,A,6.0,1,A ,10.0,1,A 
consequence,12,A,10.0,1,A ,10.25,24,A B
continuity,10,A,9.0,1,A ,0,0, 
transcript,6,A,13.0,1, B,0,0, 
coronation,10,A,10.0,1,A ,0,0, 
countryside,11,A,7.0,1,A ,0,0, 
cowboy,6,A,9.0,1, B,7.6,5,A B
brook,5,A,6.0,1,A ,8.0,1,A 
crete,5,A,0,0, ,0,0, 
cry,5,A,9.0,1,A ,5.928571428571429,14,A B
crimson,7,A,3.0,1,A ,0,0, 
crocodile,9,A,18.0,1, B,16.0,3, B
craft,7,A,10.0,1,A ,0,0, 
remedy,4,A,8.0,1,A ,8.2,10,A B
davy,4,A,0,0, ,0,0, 
interior decoration,5,A,10.0,1,A ,0,0, 
democracy,9,A,20.0,1, B,0,0, 
lair,3,A,10.0,1,A ,0,0, 
deposition,10,A,9.0,1,A ,13.5,4,A 
descent,7,A,16.0,1, B,5.833333333333333,6,A 
discretion,10,A,7.0,1,A ,0,0, 
dish,4,A,8.5,2,A ,8.6,10,A B
confederacy,9,A,0,0, ,0,0, 
document,8,A,7.0,1,A ,8.95,20,A B
play,5,A,19.0,1, B,11.375,8,A B
drawing,8,A,7.0,1,A ,5.0,1,A 
tidal bore,5,A,9.0,1, B,0,0, 
easter,6,A,12.0,1, B,5.0,1,A 
building,7,A,9.0,1,A ,9.346153846153847,52,A B
eighth,6,A,4.0,1,A ,0,0, 
kernel,7,A,7.0,1,A ,8.8,5,A B
eternity,8,A,4.0,1,A ,13.0,1, B
eugenia,7,A,10.0,1, B,0,0, 
exchange,9,A,18.0,1, B,21.0,1, B
exclamation,11,A,9.0,1,A ,9.666666666666666,3,A 
sweep,7,A,5.0,1,A ,0,0, 
carnival,5,A,4.0,1,A ,0,0, 
fame,4,A,5.0,1,A ,0,0, 
fill,5,A,6.0,1,A ,0,0, 
fist,4,A,4.0,1,A ,0,0, 
flesh,5,A,12.0,1, B,0,0, 
float,5,A,12.0,1, B,0,0, 
folk,4,A,6.0,1,A ,9.4,5,A B
football,8,A,10.5,2, B,11.75,4,A B
ford,4,A,0,0, ,0,0, 
fountain,9,A,9.0,1,A ,16.0,1, B
fox,3,A,6.0,1,A ,6.5,8,A B
frog,4,A,9.0,1,A ,13.210526315789474,19,A B
addition,4,A,18.0,1, B,9.0,1,A 
coevals,11,A,6.0,1,A ,10.5,2, B
gibbon,7,A,0,0, ,0,0, 
magnificence,8,A,8.0,1,A ,5.0,1,A 
grape,5,A,11.0,1, B,11.666666666666666,3,A B
clasp,4,A,8.0,1,A ,9.666666666666666,3,A B
defender,8,A,9.0,1,A ,8.428571428571429,14,A B
guinea,6,A,4.0,1,A ,0,0, 
itinerant,5,A,7.0,1,A ,6.5,2,A 
halle,6,A,0,0, ,0,0, 
hawaiian,8,A,7.0,1,A ,0,0, 
headlight,8,A,5.0,1,A ,7.0,1,A 
heir,4,A,9.0,1,A ,11.25,4,A B
heroic verse,6,A,8.0,1, B,0,0, 
hike,4,A,4.0,1,A ,6.0,1,A 
homework,8,A,16.0,1, B,0,0, 
hull,4,A,4.0,1,A ,5.0,1,A 
hush,4,A,7.0,1,A ,0,0, 
craze,8,A,5.0,1,A ,11.5,2,A B
complex number,9,A,6.0,1,A ,15.0,3, B
immortal,8,A,9.0,1,A ,0,0, 
incident,8,A,9.0,1,A ,8.5,4,A B
inequality,10,A,10.0,1,A ,11.0,3,A 
inevitable,10,A,7.0,1,A ,0,0, 
influence,10,A,5.0,1,A ,5.666666666666667,3,A B
institution,12,A,12.0,1,A ,11.555555555555555,9,A B
integrity,9,A,5.0,1,A ,13.0,2,A 
intelligence,12,A,7.0,1,A ,10.538461538461538,13,A B
break,12,A,5.0,1,A ,8.6,5,A B
occupation,4,A,8.0,1,A ,8.266666666666667,15,A 
jones,5,A,0,0, ,0,0, 
junction,8,A,16.0,1, B,12.2,5,A B
knight,6,A,14.0,1, B,14.5,6,A B
knit,8,A,10.0,1,A ,0,0, 
latch,5,A,4.0,1,A ,0,0, 
latitude,8,A,15.0,1, B,0,0, 
lawn,4,A,5.0,1,A ,0,0, 
