và,2,A,0,0, ,0,0, 
của,3,A,3.0,1,A ,10.818181818181818,22, B
có,2,A,0,0, ,0,0, 
các,3,A,3.0,1,A ,11.0,1, B
là,2,A,2.0,1,A ,0,0, 
một,3,A,4.0,1,A ,0,0, 
được,4,A,6.0,1, B,7.6,5, B
không,5,A,5.0,1, B,0,0, 
trong,5,A,0,0, ,0,0, 
cho,3,A,8.0,1, B,8.0,7,A B
đã,2,A,0,0, ,0,0, 
những,5,A,0,0, ,0,0, 
với,3,A,9.0,1, B,4.714285714285714,7,A B
người,5,A,4.0,1, B,0,0, 
ở,1,A,8.0,1, B,6.0,2, B
để,2,A,7.0,1, B,6.0,1, B
này,3,A,0,0, ,0,0, 
đến,3,A,2.0,1,A ,0,0, 
vào,3,A,6.0,1, B,0,0, 
tôi,3,A,8.0,1, B,0,0, 
về,2,A,3.0,1,A ,8.2,10, B
cũng,4,A,0,0, ,0,0, 
phải,4,A,0,0, ,0,0, 
lại,3,A,0,0, ,5.5,10,A B
khi,3,A,6.0,1, B,0,0, 
ra,2,A,7.0,1, B,0,0, 
như,3,A,0,0, ,0,0, 
trên,4,A,0,0, ,0,0, 
sẽ,2,A,0,0, ,0,0, 
đó,2,A,4.0,1,A ,0,0, 
năm,3,A,14.0,1, B,6.0,1, B
làm,3,A,3.0,1,A ,0,0, 
ông,3,A,8.0,1, B,0,0, 
từ,2,A,17.0,1, B,0,0, 
còn,3,A,2.0,1,A ,0,0, 
anh,3,A,11.0,1, B,9.0,2,A B
nhiều,5,A,20.0,1, B,0,0, 
theo,4,A,8.0,1, B,0,0, 
tại,3,A,0,0, ,0,0, 
thì,3,A,0,0, ,5.190476190476191,21,A B
mà,2,A,0,0, ,0,0, 
đi,2,A,16.0,1, B,0,0, 
sau,3,A,0,0, ,0,0, 
việc,4,A,6.0,1, B,0,0, 
nhưng,5,A,0,0, ,0,0, 
hai,3,A,5.0,1, B,10.5,2, B
bị,2,A,3.0,1,A ,7.756756756756757,37,A B
chỉ,3,A,6.0,1, B,0,0, 
nhà,3,A,6.0,1, B,0,0, 
ngày,4,A,14.0,1, B,14.0,1, B
lên,3,A,6.0,1, B,7.0,4,A B
số,2,A,8.0,1, B,9.75,4, B
hơn,3,A,2.0,1,A ,0,0, 
mới,3,A,0,0, ,0,0, 
nước,4,A,7.0,1, B,0,0, 
sự,2,A,0,0, ,0,0, 
nói,3,A,3.0,1,A ,0,0, 
biết,4,A,4.0,1,A ,0,0, 
mình,4,A,11.0,1, B,0,0, 
có_thể,6,B,4.0,1,A ,0,0, 
trước,5,A,0,0, ,0,0, 
con,3,A,6.0,1, B,7.333333333333333,6,A B
rất,3,A,0,0, ,0,0, 
đang,4,A,6.0,1, B,7.384615384615385,13, B
nam,3,A,15.0,1, B,0,0, 
thấy,4,A,8.0,1, B,15.6,5, B
qua,3,A,8.0,1, B,3.0,1,A 
đây,3,A,4.0,1,A ,0,0, 
rồi,3,A,13.0,1, B,12.6,5, B
cả,2,A,3.0,1,A ,0,0, 
cái,3,A,5.0,1, B,0,0, 
bằng,4,A,10.0,1, B,12.857142857142858,7, B
do,2,A,0,0, ,0,0, 
vẫn,3,A,2.0,1,A ,0,0, 
vì,2,A,4.0,1,A ,9.548387096774194,93,A B
nó,2,A,0,0, ,0,0, 
nên,3,A,10.0,1, B,0,0, 
nào,3,A,0,0, ,0,0, 
tới,3,A,2.0,1,A ,0,0, 
nhất,4,A,0,0, ,0,0, 
khác,4,A,7.0,1, B,13.625,8,A B
chưa,4,A,0,0, ,0,0, 
chính,5,A,8.0,1, B,0,0, 
cao,3,A,7.0,1, B,0,0, 
lần,3,A,14.0,1, B,13.5,2, B
sống,4,A,6.0,1, B,9.666666666666666,3, B
đầu,3,A,7.0,1, B,5.0,3,A B
họ,2,A,5.0,1, B,8.545454545454545,11,A B
gì,2,A,0,0, ,0,0, 
ta,2,A,7.0,1, B,0,0, 
cần,3,A,4.0,1,A ,7.5,2,A B
cô,2,A,20.0,1, B,0,0, 
hay,3,A,3.0,1,A ,0,0, 
lớn,3,A,5.0,1, B,6.166666666666667,6, B
nếu,3,A,0,0, ,0,0, 
trẻ,3,A,14.0,1, B,11.0,2, B
cùng,4,A,4.0,1,A ,9.6,5, B
bạn,3,A,8.0,1, B,0,0, 
đường,5,A,9.0,1, B,10.0,11,A B
em,2,A,10.0,1, B,0,0, 
thế,3,A,14.0,1, B,0,0, 
rằng,4,A,0,0, ,0,0, 
điều,4,A,6.0,1, B,0,0, 
học,3,A,7.0,1, B,0,0, 
đồng,4,A,7.0,2, B,7.0,1, B
nay,3,A,0,0, ,0,0, 
bên,3,A,4.0,1, B,14.181818181818182,11,A B
lúc,3,A,8.0,1, B,13.666666666666666,3, B
giải,4,A,3.0,1,A ,10.222222222222221,9,A B
tháng,5,A,14.0,1, B,16.666666666666668,6, B
bà,2,A,2.0,1,A ,0,0, 
bộ,2,A,4.0,1,A ,0,0, 
hoặc,4,A,0,0, ,0,0, 
mỹ,2,A,0,0, ,0,0, 
dùng,4,A,8.0,1, B,7.666666666666667,6, B
trường,6,A,14.0,1, B,10.25,4, B
đưa,3,A,9.0,1, B,8.8,5,A B
thành,5,A,13.0,1, B,0,0, 
đất,3,A,3.0,1,A ,9.096774193548388,31,A B
hàng,4,A,2.0,1,A ,6.5,2, B
cuộc,4,A,12.0,1, B,10.5,10, B
đều,3,A,7.0,1, B,0,0, 
ấy,2,A,0,0, ,0,0, 
cách,4,A,4.0,1,A ,0,0, 
hà,2,A,4.0,1,A ,5.0,2, B
vừa,3,A,2.0,1,A ,8.0,1, B
loại,4,A,16.0,2, B,0,0, 
nhau,4,A,4.0,1,A ,0,0, 
sử_dụng,7,B,8.0,1, B,7.666666666666667,6, B
tin,3,A,11.0,1,A ,10.571428571428571,7, B
văn,3,A,6.0,1, B,16.0,1, B
giữa,4,A,10.0,1, B,0,0, 
muốn,4,A,6.0,1, B,0,0, 
tăng,4,A,13.0,3, B,11.0,1, B
ngoài,5,A,0,0, ,0,0, 
mỗi,3,A,0,0, ,0,0, 
tuổi,4,A,12.0,1, B,6.0,1, B
giá,3,A,19.0,1, B,0,0, 
thêm,4,A,4.0,1,A ,10.5,2, B
báo,3,A,3.0,1,A ,0,0, 
sao,3,A,7.0,1, B,9.0,1, B
thường,6,A,2.0,1,A ,7.333333333333333,3, B
đội,3,A,8.0,1, B,11.142857142857142,7,A B
ba,2,A,7.0,1, B,5.0,1,A 
công_ty,7,B,15.0,1, B,11.727272727272727,11,A B
triệu,5,A,11.0,1, B,0,0, 
mặt,3,A,6.0,1, B,0,0, 
thông_tin,9,B,5.0,1, B,10.0,3, B
tay,3,A,3.0,1,A ,0,0, 
chị,3,A,3.0,1,A ,7.666666666666667,3,A B
gần,3,A,0,0, ,0,0, 
nhận,4,A,2.0,1,A ,0,0, 
xây_dựng,8,B,17.0,1, B,5.0,1, B
tổ_chức,7,B,4.0,1, B,0,0, 
tiền,4,A,11.0,1, B,10.54054054054054,37,A B
tiếng,5,A,13.0,1, B,9.0,2, B
xuống,5,A,5.0,1,A ,0,0, 
quá,3,A,15.0,1, B,10.631578947368421,19, B
viết,4,A,3.0,1,A ,0,0, 
chuyện,6,A,6.0,1, B,0,0, 
tỉnh,4,A,8.0,1, B,0,0, 
nữa,3,A,0,0, ,0,0, 
ngay,4,A,0,0, ,0,0, 
lấy,3,A,7.0,1, B,7.0,2,A B
thời_gian,9,B,14.0,1, B,0,0, 
tp,2,A,0,0, ,0,0, 
thực_hiện,9,B,3.0,1,A ,0,0, 
công,4,A,9.0,1, B,0,0, 
trận,4,A,8.0,1, B,0,0, 
nội,3,A,0,0, ,0,0, 
mẹ,2,A,9.0,1, B,0,0, 
đặt,3,A,3.0,1,A ,0,0, 
nghe,4,A,8.0,1, B,17.0,2, B
thi,3,A,0,0, ,0,0, 
nhìn,4,A,13.0,1, B,8.875,8,A B
nhỏ,3,A,8.0,1, B,0,0, 
từng,4,A,0,0, ,0,0, 
trang,5,A,2.0,1,A ,12.0,9, B
nhịp,4,A,10.0,1, B,0,0, 
nơi,3,A,10.0,1, B,12.533333333333333,15, B
trung,5,A,18.0,1, B,12.2,5, B
tính,4,A,11.0,1, B,18.5,2, B
thứ,3,A,7.0,1, B,9.0,2, B
đối_với,7,B,0,0, ,0,0, 
tuổi_trẻ,8,B,14.0,1, B,0,0, 
ai,2,A,0,0, ,0,0, 
tìm,3,A,7.0,1, B,0,0, 
vậy,3,A,0,0, ,0,0, 
phần,4,A,5.0,1, B,7.2,10,A B
tên,3,A,3.0,1,A ,8.5,2, B
điểm,4,A,9.0,1, B,7.8,10,A B
máy,3,A,11.0,1, B,0,0, 
văn_hoá,7,B,5.0,1, B,15.857142857142858,7, B
đầu_tư,6,B,6.0,1, B,21.0,3, B
dân,3,A,7.0,1, B,10.714285714285714,7, B
gặp,3,A,7.0,1, B,0,0, 
hoạt_động,9,B,7.0,1, B,0,0, 
minh,4,A,0,0, ,0,0, 
chúng_tôi,9,B,0,0, ,0,0, 
mọi,3,A,10.0,1, B,0,0, 
xe,2,A,7.0,2, B,0,0, 
xe,2,A,7.0,2, B,0,0, 
phát_triển,10,B,13.0,1, B,13.441176470588236,34,A B
bình,4,A,19.0,1, B,0,0, 
hỏi,3,A,4.0,1,A ,0,0, 
vụ,2,A,10.0,1, B,11.0,1, B
hoa,3,A,13.0,1, B,0,0, 
nghĩ,4,A,13.0,1, B,0,0, 
chiếc,5,A,2.0,1,A ,37.0,1, B
hết,3,A,8.0,1, B,7.9,10,A B
gây,3,A,6.0,1, B,0,0, 
dưới,4,A,0,0, ,0,0, 
tốt,3,A,7.0,1, B,0,0, 
đâu,3,A,0,0, ,0,0, 
thanh,5,A,3.0,1,A ,5.785714285714286,14,A B
khoảng,6,A,8.0,1, B,0,0, 
chân,4,A,6.0,1, B,7.666666666666667,3,A B
điện,4,A,8.0,1, B,0,0, 
ăn,2,A,2.0,1,A ,7.866666666666666,15,A B
hiện,4,A,15.0,1, B,6.666666666666667,3, B
mức,3,A,5.0,1, B,0,0, 
lời,3,A,5.0,1, B,0,0, 
bóng,4,A,4.0,1,A ,0,0, 
mua,3,A,3.0,1,A ,17.333333333333332,3, B
luật,4,A,5.0,1, B,11.571428571428571,14, B
an,2,A,2.0,1,A ,8.666666666666666,3, B
đông,4,A,3.0,1,A ,0,0, 
chương_trình,12,B,5.0,1, B,18.5,2, B
đứng,4,A,4.0,1,A ,10.0,3, B
xã_hội,6,B,12.0,1, B,10.75,4, B
chọn,4,A,4.0,1,A ,10.333333333333334,3, B
mạch,4,A,15.0,1, B,11.0,3, B
cấp,3,A,6.0,1, B,9.75,4,A B
phía,4,A,5.0,1, B,0,0, 
xem,3,A,8.0,1, B,7.0,1, B
chẳng,5,A,0,0, ,0,0, 
đúng,4,A,9.0,1, B,0,0, 
a,1,A,25.0,1, B,10.0,2, B
thế_giới,8,B,6.0,1,A ,0,0, 
giờ,3,A,3.0,1,A ,9.375,16,A B
giảm,4,A,4.0,1,A ,9.0,2, B
phim,4,A,8.0,2, B,9.61111111111111,18, B
tuy_nhiên,9,B,0,0, ,0,0, 
thật,4,A,0,0, ,0,0, 
bệnh,4,A,6.0,1, B,13.179487179487179,39, B
chúng,5,A,0,0, ,0,0, 
đầu_tiên,8,B,0,0, ,0,0, 
sang,4,A,5.0,1, B,6.7,10,A B
bản,3,A,6.0,1, B,9.794871794871796,39,A B
mắt,3,A,1.0,1,A ,0,0, 
phòng,5,A,14.0,1, B,22.296875,64,A B
hồ,2,A,7.0,1, B,0,0, 
cứ,2,A,6.0,1, B,6.666666666666667,3, B
ban,3,A,16.0,1, B,0,0, 
giáo_dục,8,B,7.0,1, B,8.4,5, B
bán,3,A,18.0,1, B,0,0, 
vấn_đề,6,B,8.0,1, B,16.5,2, B
mùa,3,A,14.0,1, B,11.764705882352942,17, B
thuốc,5,A,11.0,1, B,10.666666666666666,6, B
thu,3,A,3.0,1,A ,0,0, 
hội,3,A,8.0,1,A ,19.0,2, B
sáng,4,A,8.0,1, B,0,0, 
mang,4,A,11.0,1, B,6.333333333333333,3,A B
tạo,3,A,5.0,1, B,8.75,4,A B
vùng,4,A,16.0,1, B,8.428571428571429,7,A B
hệ_thống,8,B,4.0,1,A ,9.294117647058824,17,A B
dài,3,A,0,0, ,0,0, 
tự,2,A,0,0, ,0,0, 
thị,3,A,8.0,1, B,4.333333333333333,3,A B
nàng,4,A,0,0, ,0,0, 
chơi,4,A,7.0,1, B,9.5,6, B
chạy,4,A,6.0,1, B,7.0,1, B
lê,2,A,8.0,1, B,0,0, 
đủ,2,A,6.0,1, B,0,0, 
sơn,3,A,7.0,1, B,0,0, 
nghiên_cứu,10,B,7.0,1, B,0,0, 
giúp,4,A,5.0,1, B,0,0, 
hồ_sơ,5,B,11.0,1, B,13.333333333333334,3, B
lớp,3,A,5.0,1, B,0,0, 
bài,3,A,5.0,1, B,9.0,2, B
không_thể,9,B,0,0, ,0,0, 
hình,4,A,14.0,1, B,0,0, 
tư,2,A,0,0, ,0,0, 
tư,2,A,0,0, ,0,0, 
đoàn,4,A,12.0,1, B,0,0, 
ảnh,3,A,17.0,1, B,0,0, 
ngồi,4,A,5.0,1, B,0,0, 
ngành,5,A,11.0,1, B,14.571428571428571,14, B
chết,4,A,9.0,1, B,0,0, 
mấy,3,A,0,0, ,0,0, 
đêm,3,A,14.0,1, B,10.5,2, B
du,2,A,3.0,1,A ,0,0, 
sản_xuất,8,B,10.0,1, B,10.642857142857142,14, B
mất,3,A,5.0,1,A ,0,0, 
chủ,3,A,9.0,1, B,12.8,10, B
yêu_cầu,7,B,6.0,1, B,16.0,1, B
rõ,2,A,4.0,1,A ,0,0, 
bước,4,A,18.0,1, B,0,0, 
thắng,5,A,6.0,1, B,11.75,4, B
cây,3,A,6.0,1, B,0,0, 
tất_cả,6,B,11.0,1, B,0,0, 
kiểm_tra,8,B,5.0,1, B,0,0, 
lòng,4,A,7.0,1, B,0,0, 
cơ_quan,7,B,4.0,1, B,0,0, 
bạn_đọc,7,B,0,0, ,0,0, 
dòng,4,A,5.0,1, B,10.0,2, B
liệu,4,A,0,0, ,0,0, 
trần,4,A,7.0,1, B,8.0,2, B
độ,2,A,9.0,1, B,7.8,10,A B
chịu,4,A,4.0,1, B,0,0, 
tây,3,A,15.0,1, B,0,0, 
bàn,3,A,19.0,1, B,20.0,1, B
công_trình,10,B,14.0,1, B,8.484375,64,A B
so,2,A,7.0,1, B,0,0, 
xin,3,A,6.0,1, B,5.0,2, B
giữ,3,A,6.0,1, B,7.666666666666667,3,A B
nằm,3,A,1.0,1,A ,0,0, 
phép,4,A,8.0,1, B,9.125,8,A B
bảo,3,A,6.0,1, B,7.714285714285714,14, B
lan,3,A,6.0,1, B,13.218390804597702,87,A B
kết_quả,7,B,6.0,1, B,0,0, 
khả_năng,8,B,6.0,1, B,0,0, 
đá,2,A,7.0,1, B,8.5,4, B
mạnh,4,A,6.0,1, B,10.0,1, B
toà,3,A,0,0, ,0,0, 
đấu,3,A,17.0,1, B,0,0, 
đức,3,A,0,0, ,0,0, 
quyết_định,10,B,5.0,1, B,16.0,1,A 
thiết_kế,8,B,10.0,1, B,11.0,1, B
huyện,5,A,4.0,1,A ,9.9375,16,A B
bỏ,2,A,6.0,1, B,8.0,1, B
kinh_tế,7,B,0,0, ,0,0, 
vàng,4,A,10.0,1, B,9.75,4, B
khu,3,A,15.0,1, B,0,0, 
doanh_nghiệp,12,B,15.0,1, B,11.727272727272727,11,A B
chỗ,3,A,8.0,1, B,0,0, 
sông,4,A,8.0,1, B,0,0, 
nhóm,4,A,5.0,1, B,8.851851851851851,27,A B
sinh,4,A,14.0,1, B,10.0,1, B
khỏi,4,A,0,0, ,0,0, 
nhớ,3,A,3.0,1,A ,0,0, 
gia_đình,8,B,10.0,1, B,12.5,6, B
long,4,A,0,0, ,0,0, 
tiếp_tục,8,B,5.0,1, B,0,0, 
đánh,4,A,12.0,1, B,9.0,2,A B
kể,2,A,6.0,1, B,7.714285714285714,14, B
riêng,5,A,0,0, ,0,0, 
usd,3,A,0,0, ,0,0, 
xã,2,A,4.0,1,A ,12.333333333333334,3, B
định,4,A,15.0,1, B,7.0,3,A B
cuối,4,A,8.0,1, B,0,0, 
phát,4,A,4.0,1,A ,8.0,1, B
quản_lý,7,B,11.0,1, B,11.333333333333334,3, B
trí,3,A,8.0,1, B,8.8,5, B
phút,4,A,8.0,1, B,12.428571428571429,7,A B
vốn,3,A,7.0,1, B,0,0, 
hướng_dẫn,9,B,6.0,1, B,0,0, 
tín_hiệu,8,B,13.0,1, B,9.0,1,A 
chống,5,A,9.0,1, B,0,0, 
khách,5,A,7.0,1, B,10.25,4,A B
nguồn,5,A,8.0,1, B,0,0, 
trở,3,A,4.0,1, B,0,0, 
phương,6,A,5.0,1, B,0,0, 
tham_gia,8,B,12.0,1, B,9.666666666666666,3, B
lao_động,8,B,5.0,1, B,11.208333333333334,24,A B
xa,2,A,0,0, ,0,0, 
xuân,4,A,11.0,1, B,0,0, 
thị_trường,10,B,8.0,1,A ,17.0,5, B
chúng_ta,8,B,0,0, ,0,0, 
công_tác,8,B,8.0,1, B,9.818181818181818,11, B
mở,2,A,13.0,1, B,4.0,1,A 
liên_hệ,7,B,5.0,1, B,8.333333333333334,9,A B
trường_hợp,10,B,5.0,1, B,11.0,1, B
cười,4,A,8.0,1, B,15.125,8, B
hiểu,4,A,4.0,1,A ,11.25,8, B
chuyển,6,A,6.0,1, B,10.172413793103448,29,A B
nhân,4,A,13.0,1, B,0,0, 
thái,4,A,8.0,1, B,8.8,5,A B
càng,4,A,9.0,1, B,14.0,1, B
ít,2,A,22.0,1, B,0,0, 
gọi,3,A,6.0,1, B,0,0, 
lắm,3,A,0,0, ,0,0, 
tìm_kiếm,8,B,19.0,1, B,10.5,2, B
vòng,4,A,10.0,1, B,0,0, 
như_vậy,7,B,0,0, ,0,0, 
đạt,3,A,10.0,1, B,15.5,2, B
dự_án,5,B,7.0,1, B,20.0,5, B
bắt,3,A,7.0,1, B,7.0,2, B
sân,3,A,10.0,1, B,10.5,4, B
trung_tâm,9,B,3.0,1,A ,16.0,1, B
kỹ_thuật,8,B,8.0,1, B,0,0, 
làm_việc,8,B,4.0,1,A ,0,0, 
khó,3,A,0,0, ,0,0, 
đời,3,A,14.0,1, B,7.0,1, B
khu_vực,7,B,16.0,1, B,8.428571428571429,7,A B
khá,3,A,0,0, ,0,0, 
tiếp,4,A,7.0,1, B,0,0, 
người_ta,8,B,0,0, ,0,0, 
cọc,3,A,22.0,1, B,9.0,2, B
chất_lượng,10,B,7.0,1, B,11.5,2, B
đọc,3,A,6.0,1, B,0,0, 
bảng,4,A,9.0,1, B,0,0, 
chiều,5,A,4.0,1,A ,0,0, 
bởi,3,A,0,0, ,0,0, 
cán_bộ,6,B,15.0,1, B,15.0,2, B
cầu_thủ,7,B,14.0,1, B,12.772727272727273,22, B
đẹp,3,A,0,0, ,0,0, 
viên,4,A,6.0,1, B,0,0, 
chung,5,A,4.0,1,A ,14.333333333333334,3,A B
sản_phẩm,8,B,11.0,1, B,0,0, 
luôn,4,A,0,0, ,0,0, 
lệnh,4,A,8.0,1, B,0,0, 
quay,4,A,4.0,1,A ,7.0,1, B
quyền,5,A,6.0,1, B,0,0, 
dẫn,3,A,14.0,1, B,9.0,1, B
hiện_nay,8,B,7.0,1, B,0,0, 
thơ,3,A,8.0,1, B,7.5,2, B
quảng_cáo,9,B,8.0,1, B,11.0,1,A 
chàng,5,A,8.0,1, B,13.5,2, B
quan,4,A,7.0,1, B,11.0,2, B
thành_phố,9,B,15.0,1, B,0,0, 
gái,3,A,5.0,1, B,11.076923076923077,26,A B
thiết_bị,8,B,15.0,1,A ,14.071428571428571,28,A B
ngọc,4,A,7.0,1, B,9.333333333333334,3, B
thuộc,5,A,6.0,1, B,3.6666666666666665,3,A B
telex,5,A,0,0, ,0,0, 
câu,3,A,7.0,1, B,12.38888888888889,18,A B
thấp,4,A,14.5,2, B,17.5,2, B
truyền,6,A,8.0,1, B,11.636363636363637,11,A B
cháu,4,A,3.0,1,A ,6.333333333333333,3,A B
thôi,4,A,7.0,1, B,10.2,5,A B
dương,5,A,12.0,1, B,11.666666666666666,3, B
bắc,3,A,15.0,1, B,0,0, 
cầu,3,A,4.0,1,A ,7.5,2,A B
quốc_tế,7,B,0,0, ,0,0, 
động,4,A,4.0,1,A ,0,0, 
khiến,5,A,3.0,1,A ,0,0, 
kỳ,2,A,14.0,1, B,11.0,9, B
bé,2,A,3.0,1,A ,14.0,9, B
bây_giờ,7,B,7.0,1, B,0,0, 
đặc_biệt,8,B,0,0, ,0,0, 
trị,3,A,0,0, ,7.25,24,A B
gia,3,A,0,0, ,0,0, 
yêu,3,A,5.0,1,A ,4.0,1, B
ghi,3,A,5.0,1, B,0,0, 
hoàng,5,A,0,0, ,0,0, 
nguyên,6,A,2.0,1,A ,8.125,8, B
tiến_hành,9,B,9.0,1, B,0,0, 
kéo,3,A,12.5,2, B,8.0,3, B
hôm,3,A,0,0, ,0,0, 
trong_khi,9,B,8.0,1, B,13.666666666666666,3, B
vài,3,A,22.0,1, B,0,0, 
giao,4,A,2.0,1,A ,0,0, 
xác_định,8,B,18.0,1, B,15.0,1, B
thay_đổi,8,B,4.0,1,A ,0,0, 
xảy,3,A,0,0, ,0,0, 
quả,3,A,10.0,1, B,22.0,2, B
cổ,2,A,14.0,1, B,4.0,1, B
thiếu,5,A,5.0,1,A ,0,0, 
phú,3,A,11.0,1, B,10.0,1, B
quốc_gia,8,B,15.0,1, B,11.571428571428571,7,A B
toàn,4,A,0,0, ,0,0, 
chí,3,A,7.0,1, B,0,0, 
màu,3,A,14.0,1, B,8.777777777777779,9, B
vợ,2,A,5.0,1, B,0,0, 
thời,4,A,8.0,1, B,0,0, 
cơ_sở,5,B,5.0,1, B,6.5,2, B
quá_trình,9,B,8.0,1, B,20.0,2, B
ký,2,A,4.0,1,A ,18.0,1, B
dịch,4,A,8.0,1, B,9.642857142857142,14,A B
sách,4,A,4.0,1,A ,10.75,4,A B
làng,4,A,11.0,1, B,3.0,1,A 
quy_định,8,B,6.0,1, B,11.5,4, B
trái,4,A,0,0, ,0,0, 
đôi,3,A,3.0,1,A ,13.0,1, B
phát_hiện,9,B,8.0,1, B,0,0, 
công_an,7,B,2.0,1,A ,0,0, 
phạm,4,A,0,0, ,8.0,1, B
bắt_đầu,7,B,8.0,1, B,8.75,4,A B
chứ,3,A,0,0, ,0,0, 
da,2,A,9.0,1, B,8.153846153846153,26,A B
giới,4,A,6.0,1, B,8.0,1, B
soạn,4,A,5.0,1, B,12.0,1, B
vị_trí,6,B,5.0,1, B,0,0, 
cạnh,4,A,4.0,1,A ,3.0,1,A 
hồi,3,A,3.0,1,A ,0,0, 
điều_tra,8,B,9.0,1, B,0,0, 
đứa,3,A,0,0, ,0,0, 
trời,4,A,17.0,1, B,9.727272727272727,11,A B
lý,2,A,10.0,1, B,0,0, 
trả,3,A,13.0,1, B,15.0,3, B
tuần,4,A,14.0,1, B,12.25,4, B
khối,4,A,7.0,1, B,0,0, 
giám_đốc,8,B,9.0,1, B,20.0,1, B
hồng,4,A,7.0,1, B,0,0, 
quan_trọng,10,B,11.0,1, B,0,0, 
kia,3,A,0,0, ,0,0, 
đóng,4,A,5.0,1, B,0,0, 
chồng,5,A,6.0,2,A B,0,0, 
nhanh,5,A,0,0, ,0,0, 
thích,5,A,9.0,1, B,0,0, 
nhờ,3,A,5.0,1, B,0,0, 
dù,2,A,10.0,1, B,0,0, 
điều_kiện,9,B,4.0,1,A ,0,0, 
rừng,4,A,7.0,1, B,0,0, 
thương,6,A,6.0,1, B,11.0,4, B
đáng,4,A,2.0,1,A ,0,0, 
chính_phủ,9,B,8.0,1, B,12.625,16,A B
buổi,4,A,12.0,1, B,10.428571428571429,7, B
thầy,4,A,6.0,1, B,2.75,4,A B
nhằm,4,A,6.0,1, B,6.5,8,A B
kinh_doanh,10,B,17.0,1, B,24.5,2, B
uống,4,A,2.0,1,A ,9.5,2, B
mạng,4,A,5.0,1, B,5.333333333333333,3,A B
hoà,3,A,0,0, ,0,0, 
nhạc,4,A,0,0, ,0,0, 
coi,3,A,3.0,1,A ,16.0,3, B
giang,5,A,0,0, ,0,0, 
tỷ,2,A,5.0,1, B,0,0, 
sức,3,A,7.0,1, B,0,0, 
nhà_nước,8,B,8.0,1, B,15.0,2, B
hướng,5,A,6.0,1,A ,14.310344827586206,29,A B
hàn,3,A,4.0,1,A ,8.5,2, B
dịch_vụ,7,B,4.0,1,A ,19.0,1, B
nhất_là,7,B,0,0, ,0,0, 
hoá,3,A,0,0, ,0,0, 
dễ,2,A,7.0,1, B,11.333333333333334,6, B
cửa,3,A,8.0,1, B,0,0, 
bảo_vệ,6,B,2.0,1,A ,17.0,2, B
ubnd,4,A,0,0, ,0,0, 
kinh,4,A,9.0,1, B,20.555555555555557,9, B
nền,3,A,10.0,1, B,10.5,2, B
to,2,A,6.0,1, B,0,0, 
lập,3,A,2.0,1,A ,0,0, 
một_cách,8,B,0,0, ,0,0, 
biển,4,A,20.0,1, B,0,0, 
châu,4,A,5.0,1, B,11.0,1, B
nữ,2,A,0,0, ,0,0, 
lượng,5,A,18.0,1, B,9.0,2, B
gửi,3,A,7.0,1, B,6.0,1, B
miền,4,A,7.0,1, B,6.0,1,A 
công_nghệ,9,B,8.0,1, B,15.466666666666667,15, B
dự,2,A,0,0, ,0,0, 
trở_thành,9,B,8.0,1, B,9.0,4, B
liên_quan,9,B,5.0,1, B,8.333333333333334,9,A B
kiếm,4,A,8.0,1, B,8.571428571428571,7,A B
bãi,3,A,13.0,1, B,7.0,1, B
tâm,3,A,7.0,1, B,0,0, 
vô,2,A,0,0, ,0,0, 
địa_chỉ,7,B,9.0,1, B,10.0,4, B
phương_pháp,11,B,7.0,1, B,0,0, 
quang,5,A,0,0, ,0,0, 
thằng,5,A,3.0,1,A ,0,0, 
tàu,3,A,20.0,1, B,0,0, 
đơn_vị,6,B,12.0,1, B,11.2,35,A B
lão,3,A,0,0, ,0,0, 
quận,4,A,4.0,1,A ,0,0, 
công_việc,9,B,16.0,1, B,0,0, 
xong,4,A,0,0, ,0,0, 
vị,2,A,2.0,1,A ,5.5,2, B
rượu,4,A,8.0,1, B,10.916666666666666,12,A B
chất,4,A,4.5,2,A B,14.041666666666666,24,A B
đầy,3,A,7.0,1, B,0,0, 
núi,3,A,20.0,1, B,7.0,2,A B
tần_số,6,B,5.0,1, B,9.428571428571429,7,A B
tuyến,5,A,4.0,1,A ,8.714285714285714,7,A B
đỏ,2,A,0,0, ,0,0, 
tình,4,A,9.0,1, B,8.390243902439025,41,A B
bao_giờ,7,B,0,0, ,0,0, 
tranh,5,A,14.0,1, B,13.25,20, B
tập,3,A,9.0,1, B,8.642857142857142,14,A B
thể,3,A,9.0,1, B,12.5,2, B
lâu,3,A,0,0, ,0,0, 
mai,3,A,6.0,1, B,0,0, 
đấy,3,A,4.0,1,A ,0,0, 
hương,5,A,0,0, ,0,0, 
gồm,3,A,0,0, ,0,0, 
đại_học,7,B,6.0,1, B,22.333333333333332,6, B
áo,2,A,13.0,1, B,6.25,24,A B
điều_khiển,10,B,6.0,1, B,19.0,1, B
đem,3,A,3.0,1,A ,0,0, 
chi,3,A,5.0,1, B,4.666666666666667,3,A B
cậu,3,A,6.0,1, B,2.75,4,A B
sở,2,A,6.0,1, B,6.0,1, B
biên,4,A,4.0,1,A ,3.0,1,A 
thép,4,A,6.0,1, B,10.75,12, B
dành,4,A,7.0,1, B,0,0, 
ống,3,A,3.0,1,A ,7.0,1, B
thi_công,8,B,6.0,1, B,9.444444444444445,9,A B
gió,3,A,8.0,1, B,8.7,30,A B
giá_trị,7,B,18.0,1, B,9.0,2, B
hãy,3,A,0,0, ,0,0, 
trách_nhiệm,11,B,6.0,1, B,7.0,1, B
kiện,4,A,3.0,1,A ,7.0,1, B
thương_mại,10,B,9.0,1, B,15.0,3, B
nước_ngoài,10,B,7.0,1, B,0,0, 
tình_trạng,10,B,10.0,1, B,0,0, 
sớm,3,A,0,0, ,0,0, 
đại,3,A,14.0,1, B,0,0, 
giành,5,A,0,0, ,7.571428571428571,7,A B
nâng,4,A,3.0,1,A ,0,0, 
đơn,3,A,8.0,1, B,13.25,4, B
nhân_dân,8,B,4.0,1,A ,14.0,3, B
cung_cấp,8,B,8.0,1, B,8.88888888888889,9,A B
mày,3,A,5.0,1, B,14.0,1, B
cơ_hội,6,B,16.0,1, B,9.0,2,A B
sóng,4,A,7.0,1, B,0,0, 
tránh,5,A,9.0,1, B,0,0, 
sợ,2,A,9.0,1, B,0,0, 
nội_dung,8,B,5.0,1, B,0,0, 
liên,4,A,0,0, ,0,0, 
xây,3,A,8.0,1, B,0,0, 
quý,3,A,14.0,1, B,0,0, 
đề_nghị,7,B,13.0,1, B,11.727272727272727,11,A B
xanh,4,A,14.0,1, B,8.777777777777779,9, B
xử_lý,5,B,8.0,1, B,6.857142857142857,7,A B
thay,4,A,7.0,1, B,0,0, 
bóng_đá,7,B,9.0,1, B,0,0, 
khó_khăn,8,B,4.0,1,A ,9.416666666666666,12,A B
bốn,3,A,5.0,1, B,0,0, 
kim,3,A,6.0,1, B,0,0, 
nổi,3,A,7.0,1, B,0,0, 
thi_đấu,7,B,4.0,1,A ,0,0, 
dạng,4,A,9.0,1, B,12.5,2, B
cánh,4,A,7.0,1, B,0,0, 
phong,5,A,17.0,1, B,9.0,2, B
nối,3,A,16.0,1, B,7.5,2,A B
bác_sĩ,6,B,11.0,1, B,9.5,4, B
ngang,5,A,0,0, ,8.0,4,A B
liền,4,A,0,0, ,0,0, 
đình,4,A,0,0, ,6.222222222222222,9,A B
máu,3,A,3.0,1,A ,0,0, 
mẫu,3,A,4.0,1,A ,0,0, 
ý,1,A,5.0,1, B,8.916666666666666,12,A B
chuẩn_bị,8,B,17.0,1, B,0,0, 
y,1,A,7.0,1, B,0,0, 
cụ,2,A,0,0, ,0,0, 
môn,3,A,0,0, ,0,0, 
dần,3,A,6.0,1, B,7.0,3, B
thành_công,10,B,6.0,1, B,11.25,4, B
pha,3,A,14.0,1, B,13.0,21,A B
xung,4,A,0,0, ,0,0, 
kế_hoạch,8,B,7.0,1, B,14.0,1, B
bọn,3,A,9.0,1, B,0,0, 
tiêm,4,A,10.0,1, B,11.0,4, B
giới_thiệu,10,B,6.0,1, B,12.0,4, B
diễn_ra,7,B,7.0,1, B,0,0, 
giải_quyết,10,B,6.0,1, B,12.8,5, B
nặng,4,A,6.0,1, B,0,0, 
phá,3,A,2.0,1,A ,11.0,1, B
ngủ,3,A,11.0,1, B,0,0, 
ảnh_hưởng,9,B,10.0,1, B,11.333333333333334,3, B
tội,3,A,9.0,1, B,0,0, 
quân,4,A,12.0,1, B,8.125,8,A B
tài,3,A,12.0,1, B,13.428571428571429,14, B
hãng,4,A,15.0,1, B,11.727272727272727,11,A B
đào_tạo,7,B,5.0,1,A ,6.0,1, B
rộng,4,A,0,0, ,0,0, 
du_lịch,7,B,17.0,1, B,14.0,1, B
lương,5,A,13.0,1, B,8.0,1, B
trực_tiếp,9,B,0,0, ,0,0, 
vai,3,A,11.0,1, B,0,0, 
tấn,3,A,15.0,1, B,0,0, 
cuối_cùng,9,B,8.0,1, B,7.9,10,A B
lực,3,A,14.0,1, B,8.0,19, B
phụ_nữ,6,B,8.5,2, B,10.5,58,A B
nghề,4,A,6.0,1, B,10.0,1, B
xuất_hiện,9,B,4.0,1,A ,4.5,2,A B
chợ,3,A,9.0,1, B,10.666666666666666,3, B
bê_tông,7,B,12.0,2, B,10.5,2, B
giấy,4,A,7.0,1, B,9.13953488372093,43,A B
thanh_niên,10,B,12.0,1, B,0,0, 
hộ,2,A,3.5,2,A B,10.74074074074074,27, B
dũng,4,A,0,0, ,0,0, 
quan_hệ,7,B,16.0,1, B,9.75,4,A B
sinh_viên,9,B,12.0,1, B,14.35,20, B
thế_nào,7,B,0,0, ,0,0, 
ca,2,A,2.0,1,A ,0,0, 
bao,3,A,2.0,1,A ,0,0, 
hắn,3,A,0,0, ,0,0, 
trắng,5,A,9.0,1, B,0,0, 
đào,3,A,8.0,1, B,0,0, 
ngõ,3,A,0,0, ,0,0, 
tường,5,A,7.0,1, B,10.8,10, B
tân,3,A,0,0, ,0,0, 
the,3,A,0,0, ,0,0, 
trông,5,A,2.0,1,A ,7.833333333333333,12, B
kiểu,4,A,4.0,1,A ,0,0, 
thiên,5,A,4.0,1,A ,0,0, 
đau,3,A,10.0,1, B,9.682926829268293,41,A B
hát,3,A,6.0,1, B,9.0,2, B
đà,2,A,6.0,1, B,0,0, 
trả_lời,7,B,7.0,1, B,15.5,2, B
viện,4,A,11.0,1, B,8.0,3,A B
tử,2,A,10.0,1, B,7.0,8,A B
cảnh,4,A,8.0,1, B,14.333333333333334,18, B
địa_phương,10,B,3.0,1,A ,8.8,5,A B
vẻ,2,A,7.0,1, B,11.333333333333334,3, B
vui,3,A,7.0,1, B,9.0,2, B
trở_lại,7,B,7.0,1, B,0,0, 
tấm,3,A,4.0,1,A ,14.0,3, B
tiêu_chuẩn,10,B,8.0,1, B,0,0, 
thực,4,A,0,0, ,0,0, 
thực_tế,7,B,8.0,1, B,19.0,1, B
thông,5,A,0,0, ,0,0, 
hỗ_trợ,6,B,5.0,1, B,0,0, 
thuế,4,A,2.0,1,A ,13.666666666666666,3, B
kẻ,2,A,4.0,1, B,0,0, 
biến,4,A,5.0,1, B,11.0,2, B
đổi,3,A,4.0,1,A ,7.0,2, B
dữ_liệu,7,B,5.0,1, B,10.0,3, B
đánh_giá,8,B,10.0,1, B,12.666666666666666,6, B
nghệ_thuật,10,B,11.0,1, B,14.333333333333334,3, B
mãi,3,A,0,0, ,0,0, 
hợp_đồng,8,B,7.0,1, B,10.5,2, B
chắc,4,A,0,0, ,13.0,1, B
khẳng_định,10,B,10.0,1, B,8.333333333333334,3,A B
vũ,2,A,13.0,2, B,7.875,8, B
trình,5,A,3.0,1,A ,16.5,2, B
lãnh_đạo,8,B,4.0,1, B,11.522727272727273,44,A B
trọng,5,A,3.0,1,A ,6.666666666666667,3, B
đừng,4,A,0,0, ,0,0, 
chữ,3,A,18.0,1, B,0,0, 
bố,2,A,5.0,1, B,0,0, 
bờ,2,A,4.0,1,A ,0,0, 
lo,2,A,7.0,1, B,7.0,2, B
thành_lập,9,B,6.0,1, B,13.4,5, B
hoàn_toàn,9,B,9.0,1, B,0,0, 
thân,4,A,4.0,1,A ,0,0, 
tao,3,A,0,0, ,0,0, 
tầng,4,A,12.0,1, B,0,0, 
đoạn,4,A,3.0,1,A ,5.785714285714286,14,A B
cơ,2,A,16.0,1, B,9.0,2,A B
tập_trung,9,B,4.0,1,A ,8.0,1, B
bay,3,A,9.0,1, B,8.4,5,A B
thủ,3,A,6.0,1, B,0,0, 
thử,3,A,3.0,1,A ,0,0, 
đo,2,A,8.0,1, B,12.567567567567568,37,A B
hạ,2,A,9.0,1, B,9.25,8,A B
suốt,4,A,7.0,1, B,8.0,2, B
trưởng,6,A,7.0,1, B,10.1,10, B
sắp,3,A,4.0,1,A ,0,0, 
phủ,3,A,6.0,1, B,0,0, 
cũ,2,A,0,0, ,0,0, 
ngôi,4,A,6.0,1, B,12.666666666666666,3, B
dây,3,A,5.0,1, B,4.0,1,A 
chủ_tịch,8,B,11.0,1, B,15.5,2, B
mười,4,A,11.0,1, B,0,0, 
tối,3,A,12.0,1, B,0,0, 
chi_tiết,8,B,4.0,1,A ,14.0,1, B
bức,3,A,0,0, ,0,0, 
hùng,4,A,0,0, ,0,0, 
tốc_độ,6,B,16.0,1, B,9.714285714285714,35,A B
hiệu_quả,8,B,8.0,1, B,12.333333333333334,3, B
ngoài_ra,8,B,0,0, ,0,0, 
lối,3,A,2.0,1,A ,0,0, 
đổ,2,A,7.0,1, B,0,0, 
thư,3,A,6.0,2, B,11.5625,16,A B
nuôi,4,A,7.0,1, B,9.0,1, B
phục_vụ,7,B,5.0,1, B,11.6,5, B
in,2,A,7.0,1, B,0,0, 
hơi,3,A,6.0,1, B,7.0,2, B
dầu,3,A,18.5,2,A B,6.0,1, B
mối,3,A,8.0,1, B,23.833333333333332,6, B
bác,3,A,9.0,1, B,11.0,1, B
lâm,3,A,0,0, ,0,0, 
biện_pháp,9,B,13.0,1, B,12.9,10, B
diễn,4,A,2.0,1,A ,0,0, 
lá,2,A,5.0,1, B,6.0,1, B
xuất,4,A,3.0,1,A ,0,0, 
trương,6,A,16.0,1, B,9.0,6,A B
mời,3,A,6.0,1, B,0,0, 
môi_trường,10,B,4.0,1,A ,10.0,4, B
y_tế,4,B,7.0,1, B,0,0, 
án,2,A,7.0,1, B,18.4,5, B
con_người,9,B,5.0,1, B,0,0, 
tiến,4,A,6.0,1, B,8.8,5, B
cha,3,A,5.0,1, B,0,0, 
tấn_công,8,B,12.0,1, B,11.333333333333334,3, B
nhà_văn,7,B,12.0,1, B,14.314285714285715,35, B
tim,3,A,4.0,1,A ,10.8,10, B
đồ,2,A,7.0,1, B,8.25,4, B
giống,5,A,3.0,1,A ,0,0, 
giả,3,A,9.0,1,A ,0,0, 
đảm_bảo,7,B,6.0,1, B,12.0,3,A B
đỗ,2,A,7.0,1, B,13.0,1, B
khoa_học,8,B,8.0,1, B,12.31578947368421,19, B
giao_thông,10,B,9.0,1, B,0,0, 
hợp,3,A,13.0,1, B,9.0,4,A B
cầm,3,A,10.0,1, B,0,0, 
nhiệm_vụ,8,B,8.0,1, B,0,0, 
sát,3,A,0,0, ,0,0, 
tải,3,A,3.0,1,A ,7.756756756756757,37,A B
chờ,3,A,0,0, ,10.333333333333334,3,A B
điều_trị,8,B,10.0,1, B,16.954545454545453,22,A B
thoát,5,A,7.0,1, B,0,0, 
vật,3,A,13.0,1, B,5.25,4,A B
xuất_khẩu,9,B,9.0,1, B,0,0, 
song,4,A,3.0,1,A ,0,0, 
quê,3,A,5.0,1, B,0,0, 
băng,4,A,7.0,1, B,8.5,4, B
phố,3,A,0,0, ,0,0, 
tiêu,4,A,9.0,1, B,10.5,4, B
góc,3,A,11.0,1, B,8.212121212121213,33,A B
vô_địch,7,B,0,0, ,0,0, 
bệnh_nhân,9,B,9.0,2, B,17.2,10,A B
ý_kiến,6,B,5.0,1, B,8.333333333333334,3,A B
đồng_thời,9,B,0,0, ,0,0, 
may,3,A,7.0,1, B,15.0,1, B
cuốn,4,A,7.0,1, B,0,0, 
dám,3,A,6.0,1, B,0,0, 
đoạt,4,A,9.0,1, B,5.0,1,A 
cắt,3,A,8.0,1, B,0,0, 
tổng,4,A,15.0,1, B,15.0,1, B
sâu,3,A,10.0,1, B,0,0, 
mưa,3,A,3.0,1,A ,9.75,4,A B
hiệp,4,A,7.0,1, B,0,0, 
gà,2,A,10.0,1, B,11.5,6, B
tiểu,4,A,9.0,1, B,9.8,5, B
sài,3,A,11.0,1, B,11.125,8, B
áp_dụng,7,B,7.0,1, B,9.0,1, B
thứ_hai,7,B,10.0,1, B,21.0,1, B
cuộc_sống,9,B,14.0,1, B,0,0, 
lĩnh_vực,8,B,6.0,1, B,8.0,1, B
đáp,3,A,7.0,1, B,15.5,2, B
tỉ,2,A,0,0, ,0,0, 
cảnh_sát,8,B,16.0,1, B,11.428571428571429,14,A B
cá,2,A,8.0,1, B,0,0, 
bệnh_viện,9,B,5.0,1, B,0,0, 
khai,4,A,0,0, ,0,0, 
ngân_hàng,9,B,14.0,1, B,15.454545454545455,11, B
chú,3,A,10.0,1, B,6.0,1, B
nhà_máy,7,B,15.0,1, B,11.363636363636363,11, B
đảo,3,A,12.0,1, B,0,0, 
nguyên_nhân,11,B,7.0,1, B,0,0, 
tiên,4,A,11.0,1, B,0,0, 
tuyển,5,A,5.0,1, B,11.25,4, B
giám_sát,8,B,10.0,1, B,0,0, 
nửa,3,A,10.0,1, B,0,0, 
học_sinh,8,B,8.0,1, B,0,0, 
phụ,3,A,9.0,1, B,7.2,10, B
mong,4,A,3.0,1,A ,0,0, 
thủ_tướng,9,B,10.0,1, B,0,0, 
đối_tượng,9,B,4.0,1, B,0,0, 
đàn,3,A,3.0,1,A ,0,0, 
cơm,3,A,4.0,1,A ,0,0, 
gòn,3,A,0,0, ,0,0, 
tạm,3,A,0,0, ,0,0, 
virus,5,A,20.0,1, B,0,0, 
cam,3,A,9.0,1, B,11.75,4, B
chức_năng,9,B,12.0,1, B,0,0, 
hẳn,3,A,0,0, ,0,0, 
buồn,4,A,6.0,1, B,8.909090909090908,11, B
gã,2,A,2.0,1,A ,0,0, 
suy,3,A,7.0,1, B,0,0, 
linh,4,A,0,0, ,0,0, 
máy_tính,8,B,9.0,1, B,12.5,4, B
tuy,3,A,0,0, ,0,0, 
quan_tâm,8,B,9.0,1, B,8.5,2, B
văn_học,7,B,13.0,1, B,0,0, 
tác_phẩm,8,B,6.0,1, B,9.0,1, B
thành_viên,10,B,4.0,1,A ,0,0, 
đăng_ký,7,B,3.0,1,A ,0,0, 
quanh,5,A,0,0, ,0,0, 
nhân_viên,9,B,5.0,1, B,0,0, 
thời_điểm,9,B,8.0,1, B,12.428571428571429,7,A B
báo_cáo,7,B,6.0,1, B,0,0, 
nhập,4,A,7.0,1, B,0,0, 
nghèo,5,A,0,0, ,0,0, 
vì_vậy,6,B,0,0, ,0,0, 
chiến_thắng,11,B,8.0,2, B,14.818181818181818,11, B
đua,3,A,0,0, ,0,0, 
kg,2,A,15.0,1, B,3.0,1,A 
đài,3,A,4.0,1,A ,7.5,2,A B
cảm_thấy,8,B,9.0,1, B,0,0, 
tổng_thống,10,B,10.0,1, B,0,0, 
sức_khoẻ,8,B,4.0,1,A ,0,0, 
phó,3,A,5.0,1, B,11.208333333333334,24,A B
đen,3,A,3.0,1,A ,0,0, 
thăm,4,A,5.0,1, B,0,0, 
cột,3,A,3.0,1,A ,0,0, 
cho_đến,7,B,0,0, ,0,0, 
gọi_là,6,B,5.0,1,A ,9.0,1, B
toàn_bộ,7,B,11.0,1, B,0,0, 
kịp,3,A,0,0, ,0,0, 
lễ,2,A,3.0,1,A ,10.571428571428571,14, B
kêu,3,A,7.0,1, B,10.238095238095237,21, B
tư_vấn,6,B,10.0,1, B,14.0,1, B
phần_mềm,8,B,11.0,1, B,0,0, 
kết,3,A,11.0,1, B,0,0, 
nhu_cầu,7,B,4.0,1,A ,7.5,2,A B
hạnh,4,A,7.0,1, B,13.0,1, B
võ,2,A,8.0,1, B,0,0, 
tạo_ra,6,B,7.0,1, B,9.5,2, B
mắc,3,A,8.0,1, B,0,0, 
điện_áp,7,B,29.0,1, B,0,0, 
đề,2,A,5.0,1, B,0,0, 
yên,3,A,20.0,1, B,0,0, 
chứa,4,A,2.0,1,A ,0,0, 
nghiệp,6,A,0,0, ,0,0, 
nha,3,A,0,0, ,0,0, 
thuê,4,A,8.0,1, B,0,0, 
phù_hợp,7,B,9.0,1, B,0,0, 
miệng,5,A,4.0,1,A ,3.0,1,A 
thể_thao,8,B,17.0,1, B,0,0, 
điện_ảnh,8,B,6.0,1, B,0,0, 
dựng,4,A,7.0,1, B,0,0, 
việc_làm,8,B,9.0,1, B,0,0, 
công_nghiệp,11,B,17.0,1, B,14.666666666666666,3,A B
hành,4,A,4.0,1,A ,7.5,4, B
hệ,2,A,4.0,1,A ,0,0, 
hy_vọng,7,B,3.0,1,A ,0,0, 
cụ_thể,6,B,0,0, ,0,0, 
lợi,3,A,4.0,1,A ,0,0, 
sai,3,A,6.0,1, B,7.4,5,A B
hiệu,4,A,2.0,1,A ,4.0,1, B
hôm_nay,7,B,4.0,1,A ,0,0, 
nghỉ,4,A,7.0,1, B,16.0,1, B
đội_tuyển,9,B,0,0, ,0,0, 
phóng_sự,8,B,8.0,1, B,12.25,8, B
chia,4,A,13.0,1, B,13.5,2, B
an_ninh,7,B,2.0,1,A ,0,0, 
chứng,5,A,14.0,1, B,9.666666666666666,3, B
đảng,4,A,6.0,1, B,13.794117647058824,34,A B
nóng,4,A,6.0,1, B,0,0, 
nỗi,3,A,0,0, ,0,0, 
khác_nhau,9,B,8.0,1, B,11.5,4, B
an_toàn,7,B,2.0,1,A ,8.666666666666666,3, B
triển_khai,10,B,9.0,1, B,12.0,1, B
điện_thoại,10,B,18.0,1, B,14.428571428571429,7, B
tác_dụng,8,B,8.0,1, B,12.333333333333334,3, B
lực_lượng,9,B,2.0,1,A ,0,0, 
chuyên_gia,10,B,9.0,1, B,15.555555555555555,18, B
đại_diện,8,B,9.0,1, B,12.666666666666666,3, B
rút,3,A,7.0,1, B,0,0, 
xét,3,A,0,0, ,9.384615384615385,13,A B
tù,2,A,10.0,1, B,8.2,5, B
lưng,4,A,11.0,1, B,0,0, 
thông_qua,9,B,7.0,1, B,0,0, 
bất,3,A,0,0, ,0,0, 
chữa,4,A,7.0,1, B,6.0,11,A B
khán_giả,8,B,12.0,1, B,12.846153846153847,13, B
giai_đoạn,9,B,9.0,1, B,0,0, 
lạ,2,A,0,0, ,0,0, 
lửa,3,A,7.0,1, B,0,0, 
diện_tích,9,B,15.0,1, B,0,0, 
ngắn,4,A,0,0, ,0,0, 
bữa,3,A,15.0,1, B,11.0,1, B
chương,6,A,3.0,1,A ,0,0, 
trồng,5,A,7.0,1, B,11.75,4, B
điều_chỉnh,10,B,7.0,1, B,10.5,4, B
hôm_qua,7,B,4.0,1,A ,0,0, 
cặp,3,A,3.0,1,A ,13.0,1, B
giọng,5,A,10.0,1, B,9.0,1, B
tưởng,5,A,0,0, ,0,0, 
lai,3,A,5.0,1,A ,0,0, 
họp,3,A,12.0,1, B,10.428571428571429,7, B
vân,3,A,13.0,1, B,13.0,1, B
phạt,4,A,4.0,1,A ,12.0,1, B
phường,6,A,15.0,1, B,0,0, 
kinh_nghiệm,11,B,6.0,1, B,11.0,12,A B
chấp_nhận,9,B,4.0,1,A ,8.142857142857142,7, B
bạc,3,A,8.5,2, B,19.0,1, B
nét,3,A,5.0,1, B,0,0, 
thiết,5,A,0,0, ,0,0, 
tết,3,A,4.0,1,A ,0,0, 
nghệ,4,A,7.0,1, B,0,0, 
chiếm,5,A,7.0,1, B,10.0,1, B
khí,3,A,11.0,1, B,7.589743589743589,39,A B
thuật,5,A,9.0,1, B,0,0, 
tình_yêu,8,B,0,0, ,0,0, 
chính_sách,10,B,7.0,1, B,16.75,8,A B
cơn,3,A,14.0,1, B,0,0, 
món,3,A,13.0,1, B,11.73758865248227,141,A B
tịch,4,A,10.0,1, B,7.0,8,A B
dạy,3,A,9.0,1, B,7.0,1, B
vẽ,2,A,3.0,1,A ,0,0, 
chế_độ,6,B,8.0,1, B,12.625,16,A B
sơ_đồ,5,B,4.0,1,A ,9.294117647058824,17,A B
sàn,3,A,6.0,1, B,8.0,1, B
hữu,3,A,0,0, ,0,0, 
vụ_án,5,B,12.0,1, B,13.833333333333334,6, B
tiền_đạo,8,B,11.0,1, B,0,0, 
kết_thúc,8,B,8.0,1, B,0,0, 
số_lượng,8,B,5.0,1, B,0,0, 
tờ,2,A,6.0,1, B,6.333333333333333,3,A B
vợ_chồng,8,B,7.0,1, B,19.0,1, B
cháy,4,A,7.0,1, B,9.666666666666666,3,A B
khoa,4,A,4.0,1,A ,0,0, 
mở_rộng,7,B,9.0,1, B,0,0, 
cực,3,A,9.0,1, B,0,0, 
giáo,4,A,7.0,1, B,16.6,5, B
tổ,2,A,13.0,1, B,0,0, 
lịch_sử,7,B,6.0,1, B,0,0, 
nghệ_sĩ,7,B,8.0,1, B,0,0, 
phối_hợp,8,B,13.0,1, B,0,0, 
hạng,4,A,6.0,1, B,9.75,4,A B
chuyên,6,A,9.0,1, B,0,0, 
quán,4,A,7.0,1, B,0,0, 
tố,2,A,13.0,1, B,11.2,5, B
tính_toán,9,B,13.0,1, B,8.0,6,A B
quên,4,A,0,0, ,8.0,6, B
tài_chính,9,B,6.0,1, B,10.25,8, B
sự_kiện,7,B,16.0,1, B,9.0,2,A B
thuỷ,4,A,7.0,1, B,0,0, 
thịt,4,A,13.0,1, B,0,0, 
giết,4,A,7.0,1, B,0,0, 
mũi,3,A,6.0,1, B,0,0, 
mặc,3,A,8.0,1, B,0,0, 
vượt,4,A,6.0,1, B,0,0, 
già,3,A,15.0,1, B,11.666666666666666,3, B
khắp,4,A,0,0, ,0,0, 
lỗi,3,A,14.0,1, B,9.666666666666666,3, B
dung,4,A,3.0,1,A ,11.0,1, B
hạn,3,A,8.0,1, B,10.0,1, B
dậy,3,A,10.0,1, B,0,0, 
buộc,4,A,5.0,1, B,0,0, 
diễn_viên,9,B,12.0,1, B,0,0, 
hình_ảnh,8,B,9.0,1, B,0,0, 
thông_báo,9,B,8.0,1, B,12.25,8, B
con_gái,7,B,8.0,1, B,10.5,2,A B
lạnh,4,A,6.0,1, B,0,0, 
trạng_thái,10,B,10.0,1, B,10.0,1, B
căn,3,A,4.0,1, B,15.363636363636363,11, B
cưới,4,A,9.0,1, B,7.5,6,A B
khách_hàng,10,B,15.0,1, B,0,0, 
cố,2,A,8.0,1, B,8.157894736842104,19,A B
bị_cáo,6,B,20.0,1, B,7.0,2, B
có_lẽ,5,B,0,0, ,0,0, 
móng,4,A,5.0,1, B,0,0, 
thời_sự,7,B,11.0,1,A ,8.666666666666666,3, B
tình_hình,9,B,4.0,1,A ,0,0, 
ca_sĩ,5,B,0,0, ,0,0, 
cát,3,A,3.0,1,A ,0,0, 
bao_nhiêu,9,B,0,0, ,0,0, 
chức,4,A,8.0,1, B,13.444444444444445,108,A B
mã,2,A,9.0,1, B,8.4,10,A B
kém,3,A,0,0, ,0,0, 
lượt,4,A,7.0,1, B,9.0,2, B
thua,4,A,7.0,1, B,6.5,2, B
cá_nhân,7,B,4.0,1, B,9.25,8,A B
đương,5,A,6.0,1, B,7.384615384615385,13, B
đám,3,A,14.0,1, B,8.333333333333334,6, B
bộ_phận,7,B,9.0,1, B,0,0, 
thuyền,6,A,20.0,1, B,0,0, 
đón,3,A,6.0,1, B,6.0,1, B
thuận,5,A,8.0,1, B,15.0,1, B
đàn_ông,7,B,11.0,1, B,0,0, 
có_mặt,6,B,5.0,1, B,0,0, 
chủ_yếu,7,B,0,0, ,0,0, 
dân_tộc,7,B,4.0,1, B,0,0, 
chuyến,6,A,2.0,1,A ,0,0, 
chiến,5,A,0,0, ,0,0, 
tóc,3,A,11.0,1, B,7.066666666666666,15,A B
ngoại,5,A,0,0, ,0,0, 
hề,2,A,11.0,1, B,6.75,4, B
hoàn_thành,10,B,4.0,1,A ,17.0,3, B
nhẹ,3,A,0,0, ,0,0, 
hạt,3,A,7.0,1, B,8.0,5,A B
sáu,3,A,5.0,1, B,0,0, 
bến,3,A,4.0,1,A ,9.0,5,A B
vé,2,A,16.0,1, B,8.125,8, B
dụng,4,A,0,0, ,0,0, 
ngày_càng,9,B,0,0, ,0,0, 
dựa,3,A,3.0,1,A ,0,0, 
hằng,4,A,0,0, ,0,0, 
dừng,4,A,15.0,1, B,6.5,2, B
tác_động,8,B,8.0,1, B,9.93939393939394,66,A B
nghĩa,5,A,1.0,1,A ,17.0,1, B
tác_giả,7,B,12.0,1, B,14.314285714285715,35, B
nguy_cơ,7,B,8.0,1, B,14.75,4, B
hợp_tác,7,B,26.0,1, B,0,0, 
chuẩn,5,A,10.0,1, B,13.3,10,A B
kiến,4,A,23.0,1, B,9.666666666666666,9, B
thường_xuyên,12,B,0,0, ,0,0, 
thẳng,5,A,8.0,1, B,11.333333333333334,3, B
chú_ý,5,B,10.0,1, B,19.0,1, B
chặt,4,A,5.0,1, B,0,0, 
giỏi,4,A,6.0,1, B,0,0, 
cổng,4,A,11.0,1, B,7.0,4, B
chậm,4,A,0,0, ,0,0, 
vi,2,A,5.0,1, B,0,0, 
đợt,3,A,2.0,1,A ,0,0, 
nổi_tiếng,9,B,11.0,1, B,0,0, 
vay,3,A,8.0,1, B,5.0,1, B
nạn_nhân,8,B,4.0,1, B,10.75,4, B
đáp_ứng,7,B,5.0,1, B,6.0,1, B
khóc,4,A,8.0,1, B,12.0,1, B
cục,3,A,9.0,1, B,0,0, 
mục_tiêu,8,B,13.0,1, B,9.0,2, B
thanh_ghi,9,B,0,0, ,0,0, 
hội_đồng,8,B,4.0,1,A ,0,0, 
thể_hiện,8,B,11.0,1, B,10.714285714285714,7, B
rời,3,A,0,0, ,7.285714285714286,7, B
gỗ,2,A,17.0,1, B,9.010989010989011,91,A B
giải_thưởng,11,B,6.0,1, B,12.428571428571429,7,A B
vi_phạm,7,B,8.0,1, B,14.5,2, B
chỉ_đạo,7,B,6.0,1, B,0,0, 
ổn_định,7,B,11.0,1, B,7.0,1, B
lưu,3,A,6.0,1, B,7.909090909090909,22,A B
kỹ,2,A,0,0, ,0,0, 
hành_vi,7,B,8.0,1, B,0,0, 
lý_do,5,B,5.0,1, B,11.0,1, B
hội_nghị,8,B,15.0,1, B,17.0,4,A B
cứu,3,A,9.0,1, B,0,0, 
kết_cấu,7,B,11.0,1, B,6.758064516129032,62,A B
rơi,3,A,8.0,2, B,9.0,3, B
tung,4,A,5.0,1,A ,0,0, 
dọc,3,A,11.0,3, B,8.2,5, B
đạo,3,A,0,0, ,0,0, 
âm,2,A,14.0,1, B,20.0,1, B
nhiễm,5,A,7.0,1, B,0,0, 
dịp,3,A,3.0,1,A ,6.0,1, B
vua,3,A,13.0,1, B,0,0, 
tinh_thần,9,B,11.0,1, B,18.5,2, B
liên_tục,8,B,9.0,1, B,0,0, 
lao,3,A,17.0,1, B,6.2,5, B
chính_thức,10,B,0,0, ,0,0, 
trước_đây,9,B,0,0, ,0,0, 
tai,3,A,6.0,1, B,8.777777777777779,9, B
tỏ,2,A,6.0,1, B,5.0,1, B
trao,4,A,6.0,1,A ,0,0, 
mục_đích,8,B,4.0,1,A ,0,0, 
lẫn,3,A,0,0, ,0,0, 
cần_thiết,9,B,3.0,1,A ,9.333333333333334,3, B
hưng,4,A,0,0, ,0,0, 
trạm,4,A,11.0,1, B,13.0,9,A B
sân_khấu,8,B,8.0,1, B,8.0,1, B
khai_thác,9,B,4.0,1,A ,13.285714285714286,7, B
thần,4,A,8.0,1, B,10.0,2, B
công_bố,7,B,8.0,1, B,0,0, 
khung,5,A,7.0,1, B,7.0,2, B
kế,2,A,8.0,1, B,5.333333333333333,3, B
vườn,4,A,5.0,1, B,0,0, 
từ_khi,6,B,0,0, ,0,0, 
bố_trí,6,B,10.0,1, B,10.5,2, B
ngàn,4,A,11.0,1, B,8.0,1, B
đặc,3,A,7.0,1, B,9.4,10, B
hạn_chế,7,B,6.0,1, B,11.333333333333334,3, B
hình_thức,9,B,8.0,1, B,6.0,1, B
tận,3,A,9.0,1, B,0,0, 
văn_bản,7,B,4.0,1,A ,10.75,4,A B
yếu_tố,6,B,7.0,1, B,10.666666666666666,3,A B
thức,4,A,14.0,1, B,0,0, 
xương,5,A,15.0,1, B,0,0, 
âm_nhạc,7,B,20.0,1, B,10.9375,32,A B
phi,3,A,0,0, ,0,0, 
mộ,2,A,7.0,1, B,4.5,2,A B
ấn,2,A,0,0, ,0,0, 
bảy,3,A,5.0,1, B,0,0, 
quốc_hội,8,B,14.0,1, B,9.0,3,A B
bụng,4,A,6.0,1,A ,0,0, 
tiền_vệ,7,B,17.0,1, B,0,0, 
làm_sao,7,B,7.0,1, B,0,0, 
gấp,3,A,7.0,1, B,8.5,2, B
cú,2,A,8.0,1, B,10.428571428571429,7, B
thế_là,6,B,0,0, ,0,0, 
uỷ_ban,6,B,14.0,1, B,14.842105263157896,19, B
tăng_cường,10,B,4.0,1,A ,5.0,1, B
mặc_dù,6,B,0,0, ,0,0, 
tuyên_bố,8,B,12.0,1, B,0,0, 
bộ_trưởng,9,B,8.0,1, B,0,0, 
tài_liệu,8,B,5.0,1, B,0,0, 
giải_pháp,9,B,9.0,1, B,7.0,1, B
xoá,3,A,2.0,1,A ,5.0,2,A B
quen,4,A,0,0, ,0,0, 
gốc,3,A,5.0,1, B,8.851851851851851,27,A B
nghìn,5,A,11.0,1, B,8.0,1, B
nắm,3,A,20.0,1, B,7.0,2,A B
nêu,3,A,6.0,1, B,7.714285714285714,14, B
đất_nước,8,B,15.0,1, B,15.636363636363637,11,A B
đẩy,3,A,5.0,1, B,0,0, 
hút,3,A,15.0,1, B,0,0, 
đặng,4,A,0,0, ,0,0, 
lưới,4,A,5.0,1, B,5.333333333333333,3,A B
vai_trò,7,B,6.0,1, B,7.0,1, B
vật_liệu,8,B,7.0,1, B,13.0,1, B
ngã,3,A,8.0,2, B,9.0,3, B
loài,4,A,11.0,1, B,0,0, 
thành_phần,10,B,7.0,1, B,0,0, 
má,2,A,2.0,1,A ,0,0, 
kịch,4,A,11.0,1, B,20.0,8, B
chính_quyền,11,B,9.0,1, B,14.0,2, B
nén,3,A,10.0,1, B,0,0, 
nhà_khoa_học,12,B,4.0,1, B,13.6,20, B
giam,4,A,4.0,1,A ,0,0, 
tượng,5,A,5.0,1,A ,0,0, 
lỗ,2,A,2.0,1,A ,0,0, 
sĩ,2,A,11.0,1, B,12.90625,32,A B
nhân_vật,8,B,4.0,1, B,0,0, 
hưởng,5,A,0,0, ,0,0, 
bùi,3,A,0,0, ,0,0, 
chắc_chắn,9,B,9.0,1, B,0,0, 
xem_xét,7,B,18.0,1, B,9.75,8,A B
ánh,3,A,6.0,1, B,0,0, 
xử,2,A,8.0,1, B,0,0, 
châu_âu,7,B,9.0,1, B,0,0, 
thủ_tục,7,B,8.0,1, B,0,0, 
ninh,4,A,6.0,1, B,0,0, 
thở,3,A,8.0,1, B,4.0,2,A B
phân,4,A,4.0,1,A ,9.0,4, B
á,1,A,0,0, ,0,0, 
lở,2,A,10.0,1, B,6.0,2, B
đơn_giản,8,B,15.0,1, B,0,0, 
sử,2,A,6.0,1, B,11.285714285714286,7, B
chừng,5,A,0,0, ,0,0, 
ngọn,4,A,13.0,1, B,0,0, 
thậm_chí,8,B,0,0, ,0,0, 
chảy,4,A,8.0,1, B,7.2,15,A B
mơ,2,A,8.0,1, B,8.0,3, B
dự_kiến,7,B,9.0,1, B,17.285714285714285,7,A B
cố_gắng,7,B,5.0,1, B,7.0,2, B
màn_hình,8,B,7.0,1, B,0,0, 
sắc,3,A,12.0,1, B,0,0, 
sẵn,3,A,5.0,1, B,0,0, 
doanh,5,A,9.0,1, B,18.333333333333332,3, B
tỷ_lệ,5,B,16.0,1, B,11.324324324324325,37,A B
đại_biểu,8,B,13.0,1, B,12.5,6, B
khoản,5,A,11.0,1, B,15.666666666666666,3, B
trở_nên,7,B,2.0,1,A ,7.333333333333333,3, B
anh_em,6,B,9.0,1, B,8.666666666666666,3,A B
khánh,5,A,0,0, ,0,0, 
chùa,4,A,6.0,1, B,0,0, 
khô,3,A,4.0,1,A ,10.333333333333334,6, B
trẻ_em,6,B,9.0,1, B,10.588235294117647,17,A B
sạch,4,A,8.0,1, B,0,0, 
ủng_hộ,6,B,5.0,1, B,17.0,1, B
ngược,5,A,0,0, ,0,0, 
sản,3,A,0,0, ,0,0, 
phúc,4,A,8.0,1, B,5.0,1, B
bậc,3,A,6.0,1, B,0,0, 
thẻ,3,A,3.0,1,A ,11.0,1, B
bỗng,4,A,0,0, ,0,0, 
chi_phí,7,B,6.0,1, B,11.944444444444445,18,A B
gian,4,A,11.0,1, B,4.666666666666667,3,A B
kết_hợp,7,B,16.0,1, B,7.5,2,A B
nhập_khẩu,9,B,9.0,1, B,7.0,1, B
tham_dự,7,B,12.0,1, B,9.666666666666666,3, B
vượt_qua,8,B,8.0,1, B,0,0, 
quy,3,A,3.0,1,A ,0,0, 
kênh,4,A,6.0,1, B,7.875,8, B
sư,2,A,9.0,1, B,12.666666666666666,3, B
thạch,5,A,7.0,1, B,0,0, 
địa,3,A,0,0, ,0,0, 
phí,3,A,9.0,1, B,0,0, 
nắng,4,A,0,0, ,0,0, 
đạo_diễn,8,B,13.0,1, B,14.0,1, B
duy_nhất,8,B,11.0,1, B,0,0, 
phân_tích,9,B,7.0,1, B,0,0, 
châu_á,6,B,0,0, ,0,0, 
cạnh_tranh,10,B,15.0,1, B,14.0,1, B
ô,1,A,10.0,1, B,0,0, 
ô,1,A,10.0,1, B,0,0, 
xếp,3,A,3.0,1,A ,0,0, 
trao_đổi,8,B,7.0,1, B,12.285714285714286,7, B
ngươi,5,A,0,0, ,0,0, 
kiên,4,A,0,0, ,0,0, 
tặng,4,A,3.0,1,A ,0,0, 
chớ,3,A,0,0, ,0,0, 
bổ_sung,7,B,11.0,1, B,0,0, 
nộp,3,A,8.0,1, B,0,0, 
khoá,4,A,7.0,1, B,7.5,6, B
thai,4,A,4.0,1,A ,0,0, 
đèn,3,A,22.0,1, B,12.0,1, B
đĩa,3,A,8.0,1, B,5.0,2,A B
la,2,A,7.0,1, B,0,0, 
biểu_diễn,9,B,9.0,1, B,12.583333333333334,12,A B
thất,4,A,0,0, ,0,0, 
ngừng,5,A,8.0,1, B,0,0, 
bình_thường,11,B,19.0,1, B,0,0, 
hầu_hết,7,B,0,0, ,0,0, 
quyết,5,A,0,0, ,0,0, 
một_vài,7,B,0,0, ,0,0, 
điện_tử,7,B,6.0,1,A ,10.75,4, B
đợi,3,A,13.0,1, B,0,0, 
hiện_tượng,10,B,9.0,1, B,10.875,24,A B
chụp,4,A,4.0,1,A ,11.833333333333334,6,A B
cảm_giác,8,B,7.0,1, B,3.0,1,A 
nổ,2,A,5.0,1,A ,10.428571428571429,7,A B
giống_như,9,B,8.0,1, B,0,0, 
xấu,3,A,0,0, ,0,0, 
áp,2,A,3.0,1,A ,0,0, 
hết_sức,7,B,6.0,1, B,14.0,1, B
quan_sát,8,B,6.0,1, B,15.0,1, B
nhắc,4,A,6.0,1,A ,0,0, 
bò,2,A,2.0,1,A ,8.0,1, B
trung_bình,10,B,9.0,1, B,0,0, 
ơi,2,A,0,0, ,0,0, 
bao_gồm,7,B,8.0,1, B,0,0, 
công_suất,9,B,18.0,1, B,13.0,1, B
chính_xác,9,B,8.0,1, B,0,0, 
mùi,3,A,0,0, ,0,0, 
chút,4,A,8.0,1, B,13.666666666666666,3, B
tự_nhiên,8,B,0,0, ,0,0, 
xuyên,5,A,9.0,1, B,6.0,1, B
sút,3,A,9.0,1, B,14.88888888888889,9,A B
pháp_luật,9,B,5.0,1, B,11.571428571428571,14, B
câu_chuyện,10,B,5.0,1, B,14.166666666666666,6, B
ứng_dụng,8,B,11.0,1, B,0,0, 
nguy_hiểm,9,B,8.0,1, B,17.0,1, B
tám,3,A,5.0,1, B,0,0, 
thí_sinh,8,B,11.0,1, B,9.0,1, B
thưa,4,A,3.0,1,A ,8.333333333333334,6, B
phương_tiện,11,B,5.0,1, B,0,0, 
làm_gì,6,B,0,0, ,0,0, 
đầy_đủ,6,B,11.0,1, B,0,0, 
hệ_số,5,B,8.0,1, B,0,0, 
kín,3,A,0,0, ,0,0, 
huỳnh,5,A,0,0, ,0,0, 
đỡ,2,A,4.0,1,A ,0,0, 
mái,3,A,10.0,1, B,0,0, 
cấm,3,A,0,0, ,0,0, 
hoài,4,A,0,0, ,0,0, 
thu_hút,7,B,6.0,1, B,9.0,2, B
bắn,3,A,8.0,1, B,12.0,1, B
kiểm_soát,9,B,5.0,1, B,0,0, 
hoàn,4,A,0,0, ,0,0, 
phê,3,A,8.0,1, B,7.428571428571429,14,A B
cơ_bản,6,B,5.0,1, B,4.5,2,A B
truyền_thống,12,B,7.0,1, B,0,0, 
lựa_chọn,8,B,14.0,1, B,18.25,8, B
nhảy,4,A,4.0,1,A ,11.0,1, B
lính,4,A,17.0,1, B,12.642857142857142,14, B
hành_động,9,B,8.0,1, B,0,0, 
trai,4,A,3.0,1,A ,10.545454545454545,11,A B
răng,4,A,7.0,1, B,0,0, 
vì_thế,6,B,0,0, ,0,0, 
luận,4,A,11.0,1, B,17.0,1, B
đối_thủ,7,B,13.0,1, B,13.666666666666666,9, B
giáo_viên,9,B,9.0,1, B,12.761904761904763,21,A B
truyền_hình,11,B,7.0,1, B,24.6,5, B
cơ_thể,6,B,2.0,1,A ,12.0,2, B
hơn_nữa,7,B,0,0, ,0,0, 
yếu,3,A,0,0, ,0,0, 
ngô,3,A,3.0,1,A ,0,0, 
tài_sản,7,B,6.0,1, B,0,0, 
gắn,3,A,6.0,1, B,5.142857142857143,7,A B
dầm,3,A,3.0,1,A ,0,0, 
thanh_tra,9,B,7.0,1, B,2.0,1,A 
cốt_thép,8,B,0,0, ,0,0, 
lịch,4,A,10.0,1, B,11.0,3, B
máy_bay,7,B,21.0,1, B,0,0, 
vạn,3,A,11.0,1, B,0,0, 
kết_luận,8,B,7.0,1, B,0,0, 
tương_tự,8,B,6.0,1, B,0,0, 
danh_sách,9,B,9.0,1, B,17.333333333333332,6, B
chiếu,5,A,6.0,1, B,0,0, 
cờ,2,A,22.0,1, B,11.0,3, B
trục,4,A,5.0,1,A ,8.714285714285714,7, B
bể,2,A,20.0,1, B,0,0, 
nhanh_chóng,11,B,4.0,1,A ,9.75,4, B
chai,4,A,4.0,1,A ,0,0, 
cỏ,2,A,7.0,1, B,0,0, 
môi,3,A,14.0,1, B,6.0,2, B
chục,4,A,11.0,1, B,0,0, 
đằng,4,A,10.0,1, B,11.833333333333334,6, B
khảo_sát,8,B,6.0,1, B,7.0,1, B
thực_sự,7,B,0,0, ,0,0, 
tương,5,A,0,0, ,0,0, 
xưa,3,A,6.0,1, B,0,0, 
đời_sống,8,B,14.0,1, B,9.0,1, B
ung_thư,7,B,12.0,1, B,13.25,4, B
tam,3,A,0,0, ,0,0, 
thủ_môn,7,B,18.0,2, B,0,0, 
súng,4,A,15.0,1, B,10.166666666666666,12,A B
thảo,4,A,7.0,1, B,0,0, 
nông_nghiệp,11,B,7.0,1, B,0,0, 
rõ_ràng,7,B,17.0,1, B,8.666666666666666,6, B
trong_vòng,10,B,0,0, ,0,0, 
duy,3,A,0,0, ,0,0, 
đập,3,A,3.0,1,A ,0,0, 
bánh,4,A,3.0,1,A ,20.0,1, B
đăng,4,A,7.0,1, B,6.0,1, B
vương,5,A,5.0,1, B,7.666666666666667,3, B
nhiệt_độ,8,B,7.0,1, B,0,0, 
thì_có,6,B,0,0, ,0,0, 
à,1,A,0,0, ,0,0, 
đạt_được,8,B,7.0,1, B,0,0, 
địa_bàn,7,B,16.0,1, B,8.428571428571429,7,A B
khoảng_cách,11,B,10.0,1, B,0,0, 
biệt,4,A,0,0, ,0,0, 
tự_do,5,B,4.0,1, B,0,0, 
tốt_nghiệp,10,B,0,0, ,0,0, 
giải_trí,8,B,7.0,1, B,13.833333333333334,6, B
tầm,3,A,16.0,1, B,8.428571428571429,7,A B
trà,3,A,6.0,1, B,0,0, 
ly,2,A,19.0,1, B,0,0, 
tinh,4,A,6.0,1, B,13.5,2, B
mô_hình,7,B,4.0,1, B,0,0, 
ha,2,A,0,0, ,0,0, 
hàng_trăm,9,B,11.0,1, B,0,0, 
ngắt,4,A,13.0,1, B,0,0, 
triển_lãm,9,B,5.0,1, B,9.0,1, B
nợ,2,A,12.0,1, B,0,0, 
ít_nhất,7,B,0,0, ,0,0, 
kèm,3,A,6.0,1, B,0,0, 
độc,3,A,0,0, ,0,0, 
bảo_đảm,7,B,6.0,1, B,12.0,3,A B
khuyên,6,A,6.0,1, B,0,0, 
công_nhân,9,B,5.0,1, B,11.208333333333334,24,A B
đối,3,A,0,0, ,0,0, 
xác,3,A,7.0,1, B,0,0, 
đóng_góp,8,B,3.0,1,A ,10.0,2, B
bất_ngờ,7,B,8.0,1, B,0,0, 
ôm,2,A,19.0,1, B,0,0, 
bá,2,A,8.0,1, B,12.666666666666666,9, B
chở,3,A,8.0,1, B,0,0, 
quy_hoạch,9,B,7.0,1, B,0,0, 
kích_thước,10,B,6.0,1, B,5.25,4,A B
nói_chuyện,10,B,7.0,1, B,14.933333333333334,15, B
sữa,3,A,6.0,1, B,0,0, 
con_trai,8,B,7.0,1, B,6.5,2,A B
ban_đầu,7,B,8.0,1, B,8.75,4,A B
nhơn,4,A,0,0, ,0,0, 
phát_hành,9,B,2.0,1,A ,0,0, 
khoan,5,A,6.0,1, B,9.1,10, B
kính,4,A,7.0,1, B,11.368421052631579,19,A B
phái,4,A,2.0,1,A ,15.833333333333334,6, B
tôm,3,A,6.0,1, B,7.0,1, B
hè,2,A,6.0,1, B,16.0,1, B
thiện,5,A,0,0, ,0,0, 
bình_định,9,B,9.0,1, B,0,0, 
bản_thân,8,B,7.0,1, B,0,0, 
chính_trị,9,B,11.0,1, B,0,0, 
khách_sạn,9,B,3.0,1,A ,15.142857142857142,7,A B
đốt,3,A,0,0, ,0,0, 
vinh,4,A,0,0, ,0,0, 
chế_tạo,7,B,7.0,1, B,0,0, 
luật_sư,7,B,0,0, ,0,0, 
trải,4,A,9.0,1, B,11.0,1, B
đùa,3,A,7.0,1, B,15.444444444444445,9,A B
đinh,4,A,0,0, ,0,0, 
trung_ương,10,B,8.0,1, B,0,0, 
bật,3,A,4.0,1,A ,0,0, 
cảm,3,A,3.0,1,A ,0,0, 
thống_nhất,10,B,5.0,1, B,10.285714285714286,7, B
tế,2,A,13.0,1, B,11.25,4, B
cuộc_chiến,10,B,7.0,1, B,0,0, 
nạn,3,A,0,0, ,0,0, 
cứng,4,A,0,0, ,0,0, 
tháp,4,A,4.0,1,A ,7.5,2,A B
giải_thích,10,B,14.0,1,A ,0,0, 
nghi,4,A,8.0,1, B,0,0, 
xét_xử,6,B,12.0,1, B,13.0,6, B
cộng,4,A,13.0,1, B,0,0, 
thứ_ba,6,B,10.0,1, B,20.0,1, B
hàng_hoá,8,B,10.0,1, B,9.333333333333334,15,A B
vận_động,8,B,5.0,1, B,0,0, 
dễ_dàng,7,B,2.0,1,A ,9.0,2, B
trống,5,A,4.0,1,A ,9.0,4, B
đề_tài,6,B,5.0,1, B,8.0,4, B
trăm,4,A,11.0,1, B,0,0, 
thu_nhập,8,B,7.0,1, B,9.0,2, B
toán,4,A,10.0,1, B,14.0,7,A B
hàm,3,A,13.0,1, B,10.545454545454545,11,A B
mừng,4,A,0,0, ,0,0, 
chung_kết,9,B,0,0, ,0,0, 
ghế,3,A,12.0,1, B,0,0, 
tụi,3,A,3.0,1,A ,13.0,2, B
văn_phòng,9,B,8.0,1, B,10.666666666666666,3, B
tuyển_sinh,10,B,0,0, ,0,0, 
bụi,3,A,7.0,1, B,18.0,1, B
lạc,3,A,10.0,1, B,0,0, 
báo_chí,7,B,0,0, ,0,0, 
gạch,4,A,9.5,2, B,9.0,5, B
chim,4,A,3.0,1,A ,0,0, 
xuất_sắc,8,B,2.0,1,A ,0,0, 
lộ,2,A,0,0, ,0,0, 
hại,3,A,0,0, ,0,0, 
vừa_qua,7,B,0,0, ,0,0, 
vận_chuyển,10,B,15.0,1,A ,13.857142857142858,14,A B
khám,4,A,0,0, ,0,0, 
bạch,4,A,11.0,1, B,7.8,5,A B
ánh_sáng,8,B,4.0,1,A ,0,0, 
tác,3,A,0,0, ,0,0, 
bom,3,A,3.0,1,A ,0,0, 
nhiệt,5,A,9.0,1, B,12.833333333333334,6, B
không_gian,10,B,5.0,1, B,0,0, 
ma,2,A,11.0,1, B,0,0, 
có_điều,7,B,0,0, ,0,0, 
đàn_bà,6,B,11.0,1, B,0,0, 
mảnh,4,A,7.0,1, B,8.0,5,A B
cổ_phần,7,B,10.0,1, B,6.0,1, B
nghiệm,6,A,3.0,1,A ,0,0, 
bất_cứ,6,B,0,0, ,0,0, 
đáy,3,A,7.0,1, B,0,0, 
hiện_đại,8,B,8.0,1, B,0,0, 
ngựa,4,A,6.0,1, B,0,0, 
thì_phải,8,B,0,0, ,0,0, 
thế_kỷ,6,B,14.0,1, B,18.5,2, B
theo_dõi,8,B,15.0,1, B,8.0,1,A 
đô_thị,6,B,13.0,1, B,9.333333333333334,3, B
quỳnh,5,A,0,0, ,0,0, 
thuận_lợi,9,B,9.0,1, B,0,0, 
tỷ_số,5,B,4.0,1, B,4.0,1, B
đỉnh,4,A,6.0,1, B,0,0, 
hậu_vệ,6,B,17.0,1, B,0,0, 
lắp,3,A,5.0,1,A ,0,0, 
tách,4,A,19.0,1, B,0,0, 
nông_dân,8,B,11.0,1, B,0,0, 
cập_nhật,8,B,6.0,1,A ,0,0, 
thành_tích,10,B,7.0,1, B,0,0, 
bông,4,A,0,0, ,0,0, 
mau,3,A,0,0, ,0,0, 
đòi,3,A,0,0, ,6.166666666666667,6,A B
tuyết,5,A,9.0,1, B,14.0,2, B
cướp,4,A,4.0,1,A ,0,0, 
treo,4,A,15.0,1, B,0,0, 
góp_phần,8,B,6.0,1, B,7.0,1, B
thôn,4,A,8.0,1, B,0,0, 
tật,3,A,14.0,1, B,23.5,2, B
van,3,A,6.0,1, B,12.0,3, B
tìm_hiểu,8,B,6.0,1, B,0,0, 
real,4,A,17.0,1, B,0,0, 
tích_cực,8,B,8.0,1, B,8.0,2, B
cuộc_đời,8,B,7.0,1, B,0,0, 
phóng,5,A,6.0,1, B,8.333333333333334,3, B
sẵn_sàng,8,B,7.0,1, B,0,0, 
ghép,4,A,2.0,1,A ,17.0,2, B
quân_đội,8,B,4.0,1, B,8.75,4, B
sắt,3,A,7.0,1, B,7.363636363636363,11,A B
tìm_thấy,8,B,10.0,1, B,0,0, 
vữa,3,A,9.5,2, B,8.5,6,A B
đống,4,A,20.0,1, B,0,0, 
hạnh_phúc,9,B,8.0,1, B,5.0,1, B
trú,3,A,4.0,1,A ,0,0, 
suy_nghĩ,8,B,19.0,1, B,10.571428571428571,14, B
tra,3,A,7.0,1, B,0,0, 
bang,4,A,7.0,1, B,0,0, 
phước,5,A,10.0,1, B,11.0,1, B
tồn_tại,7,B,9.0,1, B,8.636363636363637,11, B
chín,4,A,5.0,1, B,0,0, 
hộp,3,A,19.0,1, B,0,0, 
thọ,3,A,6.0,1, B,0,0, 
nỗ_lực,6,B,5.0,1, B,7.0,2, B
chăm_sóc,8,B,8.0,1, B,13.65,20, B
quan_chức,9,B,17.0,1, B,13.395833333333334,48,A B
kỷ_niệm,7,B,4.0,1, B,0,0, 
triều,5,A,6.0,1, B,13.625,32,A B
lũ,2,A,18.0,1, B,0,0, 
dữ,2,A,0,0, ,0,0, 
mặt_hàng,8,B,7.0,1, B,8.25,4, B
tần,3,A,5.0,1, B,9.428571428571429,7,A B
giàu,4,A,14.0,1, B,8.4,5, B
học_tập,7,B,7.0,1, B,0,0, 
lắp_đặt,7,B,3.0,1,A ,9.0,3, B
ấm,2,A,5.0,1, B,0,0, 
khối_lượng,10,B,4.0,1, B,0,0, 
loan,4,A,7.0,1, B,0,0, 
không_khí,9,B,3.0,1,A ,8.333333333333334,3, B
chỉ_tiêu,8,B,8.0,1, B,14.0,2, B
tổng_số,7,B,2.0,1,A ,12.5,8, B
xăng,4,A,10.0,2, B,9.0,3, B
ép,2,A,8.0,1, B,31.0,1, B
miếng,5,A,7.0,1, B,8.0,5,A B
ngân_sách,9,B,12.0,1, B,21.5,2, B
con_số,6,B,8.0,1, B,6.8125,16,A B
đa,2,A,5.0,1, B,0,0, 
bầu,3,A,3.0,1,A ,0,0, 
vết,3,A,11.0,1, B,0,0, 
tuyển_dụng,10,B,9.0,1, B,0,0, 
nhiệm,5,A,0,0, ,0,0, 
dao_động,8,B,15.0,1, B,8.0,1, B
dang,4,A,16.0,1, B,9.0,6,A B
qui_định,8,B,6.0,1, B,11.5,4, B
cảng,4,A,4.0,1,A ,8.0,2, B
bà_con,6,B,6.0,1, B,15.0,1, B
sự_nghiệp,9,B,9.0,1, B,7.0,1, B
thổi,4,A,9.0,1, B,12.0,1,A 
bàn_tay,7,B,7.0,1, B,6.5,4,A B
tĩnh,4,A,6.0,1, B,11.0,1, B
tự_động,7,B,0,0, ,0,0, 
cha_mẹ,6,B,9.0,1, B,6.833333333333333,6,A B
có_giá,6,B,2.0,1,A ,3.0,1,A 
dày,3,A,0,0, ,0,0, 
chiến_tranh,11,B,9.0,1, B,13.222222222222221,9,A B
phương_án,9,B,8.0,1, B,9.818181818181818,11, B
cung,4,A,10.0,1, B,0,0, 
tươi,4,A,0,0, ,0,0, 
bìa,3,A,8.5,2,A B,10.0,6,A B
một_chút,8,B,8.0,1, B,10.0,1, B
chánh,5,A,4.0,1,A ,7.0,3,A B
tùng,4,A,0,0, ,0,0, 
tai_nạn,7,B,5.0,2, B,15.0,1, B
giúp_đỡ,7,B,5.0,1, B,0,0, 
sửa,3,A,7.0,1, B,6.4,5, B
trâu,4,A,8.0,1, B,0,0, 
đuổi,4,A,6.0,1, B,4.0,1, B
lúa,3,A,6.0,1, B,0,0, 
động_cơ,7,B,5.0,1, B,0,0, 
tiết,4,A,14.0,1, B,7.0,8, B
mức_độ,6,B,6.0,1, B,0,0, 
di,2,A,7.0,1, B,9.0,2, B
kiều,4,A,0,0, ,0,0, 
tối_đa,6,B,4.0,1,A ,0,0, 
khổ,3,A,4.0,1,A ,0,0, 
cúc,3,A,13.0,1, B,0,0, 
e,1,A,20.5,2, B,16.0,1,A 
đô,2,A,11.0,1, B,10.391304347826088,23,A B
trốn,4,A,4.0,1,A ,0,0, 
tức,3,A,7.0,1, B,12.333333333333334,9, B
du_khách,8,B,14.0,1, B,0,0, 
vỏ,2,A,17.0,1, B,6.0,1, B
ca_khúc,7,B,6.0,1, B,11.0,1, B
tiêu_dùng,9,B,6.0,1, B,17.0,1, B
ý_nghĩa,7,B,1.0,1,A ,0,0, 
thực_phẩm,9,B,6.0,1, B,12.0,2, B
quần,4,A,10.0,1, B,9.222222222222221,18,A B
lục,3,A,0,0, ,0,0, 
nhận_định,9,B,7.0,1, B,0,0, 
trăng,5,A,0,0, ,0,0, 
từ_đó,5,B,0,0, ,0,0, 
hấp_dẫn,7,B,15.0,1, B,0,0, 
thí_nghiệm,10,B,6.0,1, B,14.2,10,A B
giấc,4,A,0,0, ,0,0, 
chế,3,A,5.0,1,A ,0,0, 
ma_tuý,6,B,6.0,1, B,0,0, 
hoạt,4,A,0,0, ,0,0, 
ứng,3,A,6.0,1, B,0,0, 
tiêu_thụ,8,B,6.0,1, B,17.0,1, B
kiến_thức,9,B,9.0,1, B,0,0, 
phụ_thuộc,9,B,8.0,1, B,0,0, 
thượng,6,A,0,0, ,0,0, 
cà_phê,6,B,6.0,1, B,11.076923076923077,13, B
thương_hiệu,11,B,3.0,1,A ,7.0,1, B
duy_trì,7,B,5.0,1, B,0,0, 
góp_ý,5,B,0,0, ,0,0, 
thừa,4,A,10.0,1, B,6.833333333333333,6, B
nổi_bật,7,B,6.0,1, B,8.0,2, B
biểu,4,A,0,0, ,0,0, 
phần_lớn,8,B,20.0,1, B,7.0,2,A B
bạn_bè,6,B,3.0,1,A ,10.0,3, B
hội_thảo,8,B,6.0,1, B,0,0, 
tràn,4,A,8.0,1, B,0,0, 
chuyên_môn,10,B,14.0,1, B,12.1,20, B
góp,3,A,5.0,1,A ,0,0, 
đường_dây,9,B,8.0,1, B,15.0,4, B
khăn,4,A,0,0, ,0,0, 
xi_măng,7,B,14.0,1, B,14.0,1, B
hậu,3,A,7.0,1, B,0,0, 
hải_quan,8,B,0,0, ,0,0, 
cựu,3,A,0,0, ,0,0, 
thuỵ,4,A,0,0, ,0,0, 
lọt,3,A,2.0,1,A ,0,0, 
một_mình,8,B,0,0, ,0,0, 
thưởng,6,A,6.0,1, B,9.5,2, B
tắt,3,A,0,0, ,4.666666666666667,3,A B
ngó,3,A,0,0, ,0,0, 
thật_sự,7,B,0,0, ,0,0, 
thức_ăn,7,B,11.0,1, B,0,0, 
tình_dục,8,B,8.0,1, B,12.25,12, B
giáo_sư,7,B,6.0,1, B,0,0, 
khâu,4,A,11.0,1, B,8.5,2, B
gạo,3,A,6.0,1, B,0,0, 
vở,2,A,0,0, ,0,0, 
căn_cứ,6,B,4.0,1,A ,0,0, 
cáp,3,A,10.0,1, B,9.4,5, B
ngôi_sao,8,B,8.0,1, B,15.25,4, B
bơm,3,A,12.0,1, B,8.294117647058824,17, B
tâm_lý,6,B,0,0, ,0,0, 
co,2,A,7.0,1,A ,0,0, 
khắc,4,A,14.0,1, B,9.5,2, B
nghiệm_thu,10,B,0,0, ,0,0, 
địch,4,A,6.0,1, B,22.0,1, B
thử_nghiệm,10,B,13.0,1, B,13.6,5, B
trách,5,A,9.0,1, B,0,0, 
đòi_hỏi,7,B,10.0,1, B,8.666666666666666,3,A B
quỹ,3,A,6.0,1, B,0,0, 
tham,4,A,9.0,1, B,9.666666666666666,3, B
thú,3,A,18.0,1, B,0,0, 
dấu_hiệu,8,B,10.0,1, B,14.0,1, B
trình_bày,9,B,8.0,1, B,8.4,5, B
vải,3,A,8.0,1, B,0,0, 
đành,4,A,8.0,1, B,9.0,1, B
ví_dụ,5,B,2.0,1,A ,0,0, 
tải_trọng,9,B,4.0,1, B,20.333333333333332,3, B
não,3,A,12.0,1,A ,0,0, 
cửa_hàng,8,B,12.0,1, B,14.717948717948717,39,A B
cử,2,A,5.0,1,A ,8.5,14,A B
cân,3,A,12.0,1, B,0,0, 
đội_hình,8,B,14.0,1, B,0,0, 
trình_độ,8,B,9.0,1, B,7.8,10,A B
khuếch_đại,10,B,4.0,1,A ,8.166666666666666,6, B
tương_lai,9,B,4.0,1,A ,0,0, 
thuận_tiện,10,B,8.0,1, B,0,0, 
chúa,4,A,13.0,1, B,0,0, 
cơ_chế,6,B,4.0,1, B,0,0, 
mổ,2,A,15.0,1, B,14.3125,64,A B
gia_cầm,7,B,4.0,1, B,12.2,10,A B
thời_kỳ,7,B,14.0,1, B,13.0,21,A B
tre,3,A,9.0,1, B,7.142857142857143,7,A B
đồng_hồ,7,B,9.0,1, B,0,0, 
lệ,2,A,0,0, ,0,0, 
u,1,A,7.0,1, B,15.0,2, B
mu,2,A,11.0,1, B,0,0, 
ấn_tượng,8,B,5.0,1, B,0,0, 
phong_trào,10,B,12.0,1, B,16.916666666666668,12, B
diện,4,A,16.0,1, B,8.428571428571429,7,A B
thuý,4,A,0,0, ,0,0, 
cường,5,A,0,0, ,0,0, 
phát_biểu,9,B,10.0,1, B,8.0,2, B
dệt,3,A,18.0,1, B,9.0,6,A B
sa,2,A,12.0,1, B,10.571428571428571,7, B
thế_hệ,6,B,8.0,1, B,9.5,2, B
vợt,3,A,6.0,1, B,0,0, 
phiên,5,A,14.0,1, B,0,0, 
bí_mật,6,B,7.0,1, B,0,0, 
bia,3,A,3.0,1,A ,9.666666666666666,6, B
tích,4,A,2.0,1,A ,0,0, 
giấy_tờ,7,B,2.0,1,A ,0,0, 
chiêu,5,A,10.0,1, B,0,0, 
tiếp_xúc,8,B,7.0,1, B,0,0, 
tái,3,A,0,0, ,0,0, 
tình_cảm,8,B,6.0,1, B,10.666666666666666,6,A B
phổ_biến,8,B,7.0,1, B,0,0, 
thống,5,A,0,0, ,0,0, 
âu,2,A,13.0,1, B,0,0, 
chào,4,A,9.0,2,A B,0,0, 
thoại,5,A,0,0, ,0,0, 
ban_hành,8,B,7.0,1, B,6.0,1, B
bớt,3,A,4.0,1,A ,9.0,1, B
lọc,3,A,3.0,1,A ,0,0, 
thừa_nhận,9,B,8.0,1, B,0,0, 
sợi,3,A,7.0,1, B,7.0,7, B
đồng_ý,6,B,7.0,1, B,0,0, 
giao_dịch,9,B,11.0,1, B,0,0, 
chu,3,A,6.0,1, B,0,0, 
nông,4,A,0,0, ,0,0, 
xóm,3,A,4.0,1,A ,12.333333333333334,3, B
dao,3,A,15.0,1, B,8.578947368421053,19,A B
thay_thế,8,B,9.0,1, B,9.5,4, B
vỡ,2,A,8.0,1, B,0,0, 
hàng_chục,9,B,0,0, ,0,0, 
phục,4,A,9.0,1, B,9.75,4, B
sinh_hoạt,9,B,9.0,1, B,8.375,8, B
số_liệu,7,B,5.0,1, B,10.0,3, B
dường_như,9,B,2.0,1,A ,5.0,1, B
viêm,4,A,0,0, ,0,0, 
ruột,4,A,7.0,1, B,7.0,2, B
phù,3,A,4.0,1,A ,11.25,8, B
thoả_thuận,10,B,8.0,1, B,0,0, 
trứng,5,A,7.0,1, B,0,0, 
thuê_bao,8,B,13.0,1, B,0,0, 
xứ,2,A,4.0,1,A ,8.696969696969697,33,A B
thanh_toán,10,B,6.0,1, B,11.142857142857142,28,A B
giải_phóng,10,B,4.0,1, B,0,0, 
cất,3,A,4.0,1,A ,0,0, 
áp_lực,6,B,11.0,1, B,0,0, 
đếm,3,A,13.0,1,A ,9.285714285714286,7, B
năng_lượng,10,B,10.0,1, B,7.0,2,A B
ngực,4,A,11.0,1, B,0,0, 
chủ_động,8,B,0,0, ,0,0, 
tiếc,4,A,6.0,1,A ,6.0,1, B
cà,2,A,7.0,1, B,0,0, 
có_khi,6,B,0,0, ,0,0, 
tăng_trưởng,11,B,13.0,1, B,13.441176470588236,34,A B
nhuận,5,A,0,0, ,0,0, 
thiệt,5,A,0,0, ,0,0, 
kết_nối,7,B,16.0,1, B,7.5,2,A B
xe_buýt,7,B,20.0,1, B,0,0, 
chỉnh,5,A,7.0,1, B,0,0, 
hiền,4,A,0,0, ,0,0, 
phạm_vi,7,B,16.0,1, B,8.428571428571429,7,A B
tài_trợ,7,B,4.0,1,A ,0,0, 
tan,3,A,11.0,1, B,0,0, 
hiện_tại,8,B,7.0,1, B,0,0, 
ạ,1,A,0,0, ,0,0, 
bất_kỳ,6,B,0,0, ,0,0, 
khuyết,6,A,2.0,1,A ,0,0, 
phức_tạp,8,B,8.0,1, B,0,0, 
học_trò,7,B,12.0,1, B,14.35,20, B
phẫu_thuật,10,B,8.0,1, B,0,0, 
trình_duyệt,11,B,7.0,1, B,0,0, 
xung_quanh,10,B,0,0, ,0,0, 
điều_hành,9,B,6.0,1, B,19.0,1, B
suối,4,A,8.0,1, B,10.0,6,A B
al,2,A,7.0,1, B,8.0,2, B
liên_kết,8,B,16.0,1, B,7.5,2,A B
di_sản,6,B,6.0,2, B,0,0, 
nhạc_sĩ,7,B,0,0, ,0,0, 
mặt_trời,8,B,0,0, ,0,0, 
màn,3,A,11.0,1, B,0,0, 
giao_tiếp,9,B,6.0,1, B,0,0, 
cụm,3,A,6.0,1, B,10.75,4, B
san,3,A,8.0,1, B,9.333333333333334,3, B
giường,6,A,13.0,1, B,11.15,20,A B
đâm,3,A,9.0,1, B,6.0,1, B
khủng_bố,8,B,5.0,1, B,16.545454545454547,11, B
khắc_phục,9,B,9.0,1, B,0,0, 
mua_bán,7,B,11.0,1, B,0,0, 
quần_áo,7,B,5.0,1, B,0,0, 
khói,4,A,4.5,2,A B,0,0, 
phím,4,A,4.0,1,A ,0,0, 
nước_mắt,8,B,4.0,1,A ,0,0, 
cách_mạng,9,B,12.0,1, B,16.0,1, B
đậu,3,A,3.0,1,A ,9.428571428571429,7,A B
đói,3,A,8.0,1, B,0,0, 
ngập,4,A,6.0,1, B,0,0, 
rửa,3,A,10.0,1, B,6.0,4,A B
căng,4,A,10.0,2, B,11.3,10,A B
nghiêm,6,A,0,0, ,0,0, 
ra_đời,6,B,7.0,1, B,11.2,5, B
nguyên_tắc,10,B,5.0,1, B,0,0, 
tìm_ra,6,B,8.0,1, B,0,0, 
nhận_xét,8,B,5.0,1, B,8.333333333333334,3,A B
làm_ăn,6,B,6.0,1, B,0,0, 
điện_thoại_di_động,18,B,16.0,1, B,0,0, 
cúm,3,A,0,0, ,0,0, 
thi_hành,8,B,8.0,1, B,0,0, 
đồng_chí,8,B,8.0,1, B,0,0, 
tạ,2,A,15.0,1, B,0,0, 
túi,3,A,2.0,1,A ,0,0, 
che,3,A,5.0,1, B,9.0,1, B
vũ_trụ,6,B,13.0,1, B,11.666666666666666,3, B
chiến_lược,10,B,13.0,1, B,0,0, 
ven,3,A,3.0,1,A ,0,0, 
tiến_sĩ,7,B,18.0,1, B,0,0, 
cuộn,4,A,8.0,1, B,4.666666666666667,3,A B
thích_hợp,9,B,9.0,1, B,0,0, 
có_nghĩa,8,B,5.0,1,A ,0,0, 
sáng_tạo,8,B,6.0,1, B,14.0,3,A B
hội_chợ,7,B,9.0,1, B,10.0,1, B
niềm,4,A,0,0, ,0,0, 
tất,3,A,0,0, ,0,0, 
thông_thường,12,B,19.0,1, B,0,0, 
chế_biến,8,B,6.0,1, B,0,0, 
hành_chính,10,B,0,0, ,0,0, 
nút,3,A,6.0,1, B,0,0, 
ngạc_nhiên,10,B,6.0,1, B,6.0,1, B
năng_lực,8,B,6.0,1, B,7.166666666666667,6,A B
vội,3,A,3.0,1,A ,6.333333333333333,3,A B
cm,2,A,7.0,1, B,0,0, 
hình_thành,10,B,7.0,1, B,7.6,5,A B
lát,3,A,10.0,1, B,0,0, 
dan,3,A,4.0,1,A ,0,0, 
danh,4,A,11.0,1, B,0,0, 
lừa_đảo,7,B,9.0,1, B,8.909090909090908,11,A B
tròn,4,A,0,0, ,0,0, 
cước,4,A,5.0,1, B,17.0,1, B
thất_bại,8,B,8.0,1, B,11.0,4, B
vang,4,A,11.0,1, B,12.0,24,A B
dải,3,A,7.0,1, B,0,0, 
quách,5,A,4.0,1,A ,0,0, 
chuyền,6,A,8.0,1, B,0,0, 
vũ_khí,6,B,10.0,1, B,0,0, 
tổng_hợp,8,B,7.0,1, B,0,0, 
cõi,3,A,4.0,1,A ,10.9375,32,A B
kinh_phí,8,B,18.0,1, B,9.0,3, B
quà,3,A,6.0,1, B,8.666666666666666,3, B
sáng_tác,8,B,6.0,1, B,9.794871794871796,39,A B
vấn,3,A,0,0, ,0,0, 
phòng_chống,11,B,0,0, ,0,0, 
âm_thanh,8,B,14.0,1, B,20.0,1, B
cộng_đồng,9,B,9.0,1, B,0,0, 
nghiêm_trọng,12,B,5.0,1, B,0,0, 
chuyên_nghiệp,13,B,8.0,1, B,12.5,4, B
trại,4,A,3.0,1,A ,0,0, 
tướng,5,A,6.0,1, B,8.25,4,A B
khẩu,4,A,4.0,1,A ,3.0,1,A 
thiệt_hại,9,B,7.0,1, B,6.0,3, B
thuộc_về,8,B,2.0,1,A ,0,0, 
lưu_ý,5,B,4.0,1, B,0,0, 
kiến_trúc,9,B,7.0,1, B,0,0, 
danh_hiệu,9,B,0,0, ,0,0, 
hồn,3,A,7.0,1, B,0,0, 
lộc,3,A,9.0,1, B,4.666666666666667,3,A B
tế_bào,6,B,11.0,1, B,10.043478260869565,23,A B
kho,3,A,19.0,1, B,0,0, 
tổng_công_ty,12,B,6.0,1, B,11.2,10,A B
cáo,3,A,4.0,1, B,0,0, 
mát,3,A,10.0,1, B,0,0, 
gương_mặt,9,B,4.0,1, B,0,0, 
mặt_bằng,8,B,0,0, ,0,0, 
khởi_tố,7,B,4.0,1,A ,10.0,1, B
liên_tiếp,9,B,11.0,1, B,10.0,2, B
tính_chất,9,B,12.0,1, B,9.0,2,A B
ngón,4,A,10.0,1, B,0,0, 
trưa,4,A,0,0, ,0,0, 
hầu_như,7,B,0,0, ,0,0, 
cường_độ,8,B,6.0,1, B,12.333333333333334,6, B
dấu,3,A,12.0,1, B,0,0, 
khoán,5,A,0,0, ,0,0, 
trị_giá,7,B,6.0,1, B,12.11111111111111,9, B
chó,3,A,7.0,1, B,0,0, 
sen,3,A,13.0,1, B,0,0, 
so_sánh,7,B,5.0,1, B,10.0,1, B
bảo_hiểm,8,B,9.0,1,A ,0,0, 
vắng,4,A,10.0,1, B,7.666666666666667,3, B
ngăn,4,A,6.0,1,A ,6.5,2, B
phẩm,4,A,13.0,1, B,14.08,25,A B
phản_ứng,8,B,14.0,1, B,12.176470588235293,17, B
chiến_dịch,10,B,12.0,1, B,13.0,1, B
chuyển_đổi,10,B,10.0,1, B,12.0,3,A B
diễn_đàn,8,B,15.0,1, B,0,0, 
chợt,4,A,0,0, ,0,0, 
đồi,3,A,3.0,1,A ,12.0,3, B
di_tích,7,B,0,0, ,0,0, 
sương,5,A,7.0,1, B,0,0, 
bộ_nhớ,6,B,4.0,1, B,13.333333333333334,3, B
phiếu,5,A,8.0,1, B,11.0,11, B
hoà_bình,8,B,0,0, ,0,0, 
có_tiếng,8,B,0,0, ,0,0, 
trôi,4,A,7.0,1, B,0,0, 
hàng_đầu,8,B,8.0,1, B,0,0, 
thơm,4,A,7.0,1, B,0,0, 
bát,3,A,19.0,1, B,0,0, 
hậu_quả,7,B,8.0,1, B,0,0, 
huấn_luyện,10,B,11.0,1, B,0,0, 
vô_cùng,7,B,0,0, ,0,0, 
bai,3,A,17.0,1, B,0,0, 
mây,3,A,3.0,1,A ,0,0, 
loạt,4,A,6.0,1, B,0,0, 
chất_độc,8,B,4.0,1,A ,11.666666666666666,3,A B
gói,3,A,4.0,1,A ,0,0, 
tốn,3,A,8.0,1, B,10.285714285714286,7, B
viễn_thông,10,B,13.0,1, B,0,0, 
trúng,5,A,0,0, ,0,0, 
trò,3,A,12.0,1, B,14.35,20, B
khoẻ,4,A,0,0, ,0,0, 
xe_máy,6,B,11.0,2,A B,8.117647058823529,17,A B
phóng_viên,10,B,6.0,1, B,0,0, 
dòng_điện,9,B,13.0,1, B,0,0, 
hở,2,A,4.0,1,A ,0,0, 
im,2,A,0,0, ,0,0, 
album,5,A,21.0,1, B,17.0,1, B
thúc,4,A,6.0,1, B,0,0, 
đan,3,A,4.0,1,A ,14.25,4, B
bấy_giờ,7,B,0,0, ,0,0, 
nông_thôn,9,B,7.0,1, B,0,0, 
chủ_trương,10,B,7.0,1, B,9.333333333333334,3,A B
kích,4,A,7.0,1, B,0,0, 
euro,4,A,0,0, ,0,0, 
lào,3,A,0,0, ,0,0, 
trừ,3,A,4.0,1,A ,10.5,2, B
tú,2,A,0,0, ,0,0, 
lễ_hội,6,B,7.0,1, B,12.555555555555555,9,A B
suất,4,A,4.0,1, B,10.0,1, B
thận,4,A,4.0,1,A ,0,0, 
quan_điểm,9,B,8.0,1, B,0,0, 
ngược_lại,9,B,6.0,1, B,7.5,2, B
thả,3,A,8.0,1, B,0,0, 
tuyệt,5,A,0,0, ,0,0, 
tiếp_theo,9,B,2.0,1,A ,0,0, 
chuột,5,A,13.0,1, B,0,0, 
lậu,3,A,11.0,1, B,0,0, 
thị_xã,6,B,15.0,1, B,0,0, 
chờ_đợi,7,B,8.0,1, B,11.333333333333334,3, B
giới_hạn,8,B,18.0,1, B,0,0, 
hầm,3,A,7.0,1, B,10.5,2, B
khe,3,A,8.0,1, B,0,0, 
thủ_đô,6,B,8.0,1, B,0,0, 
mọc,3,A,4.0,1,A ,0,0, 
độc_lập,7,B,9.0,1, B,0,0, 
phát_huy,8,B,8.0,1, B,0,0, 
rẻ,2,A,10.0,1, B,0,0, 
sét,3,A,3.0,1,A ,0,0, 
thầm,4,A,0,0, ,0,0, 
nhấn,4,A,5.0,1, B,3.5,2,A B
toà_án,6,B,0,0, ,0,0, 
đe_doạ,6,B,6.0,1, B,6.0,1, B
mục,3,A,9.0,1, B,0,0, 
chiều_dài,9,B,10.0,1, B,0,0, 
ra_mắt,6,B,6.0,1, B,12.0,1, B
trộn,4,A,6.0,1, B,7.5,2, B
hiển_thị,8,B,11.0,1, B,10.714285714285714,7, B
tiện,4,A,0,0, ,0,0, 
bột,3,A,7.0,1, B,0,0, 
bám,3,A,4.0,1,A ,7.0,1, B
lãnh,4,A,3.0,1,A ,0,0, 
tâm_sự,6,B,13.0,1, B,0,0, 
tôn,3,A,0,0, ,0,0, 
mê,2,A,7.0,1, B,0,0, 
than,4,A,22.5,2, B,10.5,4, B
mật,3,A,13.0,1, B,0,0, 
kịp_thời,8,B,0,0, ,0,0, 
trong_suốt,10,B,8.0,1, B,0,0, 
ôtô,3,A,10.0,1, B,9.709677419354838,31,A B
vậy_mà,6,B,0,0, ,0,0, 
hợp_lý,6,B,2.0,1,A ,0,0, 
luồng,5,A,3.0,1,A ,0,0, 
thạnh,5,A,0,0, ,0,0, 
thị_trấn,8,B,15.0,1, B,0,0, 
đội_ngũ,7,B,5.0,1,A ,0,0, 
giận,4,A,0,0, ,0,0, 
dạ,2,A,9.0,1, B,0,0, 
sự_cố,5,B,3.0,1,A ,8.0,1, B
bếp,3,A,8.0,1, B,6.571428571428571,7, B
vọng,4,A,3.0,1,A ,7.25,4, B
triển,5,A,0,0, ,0,0, 
bề_mặt,6,B,7.0,1, B,4.0,2,A 
cải_thiện,9,B,10.0,1, B,9.4,5, B
khúc,4,A,22.0,1, B,0,0, 
thang,5,A,8.0,1, B,12.555555555555555,9, B
vệ_sinh,7,B,9.0,1, B,0,0, 
đổi_mới,7,B,6.0,1, B,10.0,1, B
thấm,4,A,11.0,1, B,0,0, 
hứa,3,A,3.0,1,A ,14.0,1, B
ý_tưởng,7,B,7.0,1, B,0,0, 
ngày_nay,8,B,0,0, ,0,0, 
chấn_thương,11,B,8.0,1, B,10.0,2, B
cốt,3,A,9.0,1, B,0,0, 
phỏng_vấn,9,B,3.0,1,A ,0,0, 
sỹ,2,A,0,0, ,0,0, 
dốc,3,A,8.0,1, B,0,0, 
nhi,3,A,0,0, ,0,0, 
đồng_đội,8,B,12.0,1, B,0,0, 
sửa_chữa,8,B,10.0,1, B,0,0, 
năm_ngoái,9,B,0,0, ,0,0, 
vững,4,A,0,0, ,0,0, 
hàng_loạt,9,B,3.0,1,A ,0,0, 
tương_ứng,9,B,10.0,1, B,6.0,1, B
rau,3,A,7.0,1, B,9.75,4, B
cảnh_báo,8,B,10.0,1, B,0,0, 
ngăn_chặn,9,B,6.0,1, B,0,0, 
phải_biết,9,B,0,0, ,0,0, 
chẳng_hạn,9,B,0,0, ,0,0, 
chứng_nhận,10,B,7.0,1, B,12.0,1, B
giây,4,A,13.0,1, B,9.0,1, B
gia_tăng,8,B,4.0,1,A ,0,0, 
lô,2,A,3.0,1,A ,0,0, 
đi_lại,6,B,4.0,1, B,0,0, 
liên_đoàn,9,B,3.0,1,A ,10.222222222222221,9,A B
kiểm,4,A,0,0, ,0,0, 
bầu_cử,6,B,9.0,1, B,16.625,8, B
gối,3,A,3.0,1,A ,5.5,2, B
hình_sự,7,B,0,0, ,0,0, 
khuyến_khích,12,B,8.0,1, B,10.857142857142858,7, B
ts,2,A,0,0, ,0,0, 
huyền,5,A,0,0, ,0,0, 
hiệp_hội,8,B,3.0,1,A ,14.833333333333334,18, B
byte,4,A,17.0,1, B,0,0, 
cho_nên,7,B,0,0, ,0,0, 
kẻ_cướp,7,B,5.0,1, B,10.0,2, B
mới_đây,7,B,0,0, ,0,0, 
hang,4,A,4.0,1,A ,0,0, 
chứng_kiến,10,B,11.0,1, B,8.0,1, B
thăng,5,A,7.0,1, B,11.0,1, B
trụ_sở,6,B,3.0,1,A ,8.25,4, B
chặn,4,A,9.0,1, B,0,0, 
bài_hát,7,B,7.0,1, B,10.45,20,A B
đại_sứ,6,B,8.0,1, B,0,0, 
hôn,3,A,4.0,1,A ,12.0,2, B
gởi,3,A,8.0,1, B,6.0,1, B
lò,2,A,8.0,1, B,6.4,5, B
thời_hạn,8,B,14.0,1, B,0,0, 
trò_chơi,8,B,7.0,1, B,17.857142857142858,7, B
quy_mô,6,B,6.0,1, B,0,0, 
mi,2,A,32.0,1, B,0,0, 
miễn_phí,8,B,3.0,1,A ,0,0, 
ưu_tiên,7,B,9.0,1, B,0,0, 
di_chuyển,9,B,10.0,1, B,8.0,2, B
ném,3,A,9.0,1, B,20.0,1, B
múa,3,A,4.0,1,A ,11.0,1, B
đầm,3,A,5.0,1, B,5.0,1, B
kiến_nghị,9,B,5.0,1, B,8.0,3, B
luyện,5,A,6.0,1, B,0,0, 
vui_vẻ,6,B,11.0,1, B,0,0, 
công_nhận,9,B,8.0,1, B,0,0, 
tội_phạm,8,B,9.0,1, B,0,0, 
vận_tải,7,B,15.0,1,A ,13.857142857142858,14,A B
nấu,3,A,16.0,1, B,5.818181818181818,11,A B
lạt,3,A,8.0,1, B,0,0, 
thời_trang,10,B,11.0,1, B,5.333333333333333,3,A B
trực,4,A,0,0, ,0,0, 
hẹn,3,A,9.0,1, B,13.0,1, B
lẽ,2,A,10.0,1, B,0,0, 
nai,3,A,3.0,1,A ,0,0, 
năng,4,A,0,0, ,0,0, 
nhà_thơ,7,B,0,0, ,0,0, 
thái_bình,9,B,6.0,1, B,10.0,5, B
cửa_sổ,6,B,2.0,1,A ,10.5,2, B
khanh,5,A,0,0, ,0,0, 
cẩu,3,A,6.0,1, B,0,0, 
tài_năng,8,B,6.0,1, B,11.615384615384615,13, B
thầu,4,A,9.0,1, B,0,0, 
triệu_chứng,11,B,10.0,1, B,11.333333333333334,3, B
cành,4,A,3.0,1,A ,0,0, 
ý_thức,6,B,15.0,1, B,11.0,3, B
biểu_hiện,9,B,11.0,1, B,10.714285714285714,7, B
cd,2,A,7.0,1, B,0,0, 
nguyên_lý,9,B,7.0,1, B,0,0, 
nhất_định,9,B,0,0, ,0,0, 
tia,3,A,5.0,1,A ,0,0, 
biên_bản,8,B,11.0,1, B,13.333333333333334,3, B
ân,2,A,10.0,1, B,0,0, 
văn_nghệ,8,B,0,0, ,0,0, 
trọng_lượng,11,B,6.0,1, B,0,0, 
chân_dung,9,B,13.0,1, B,0,0, 
mong_muốn,9,B,6.0,1, B,0,0, 
người_sử_dụng,13,B,11.0,1, B,0,0, 
thổ,3,A,7.0,1, B,0,0, 
nghị_quyết,10,B,7.0,1, B,14.0,1, B
người_làm,9,B,3.0,1,A ,10.833333333333334,6, B
quét,4,A,8.0,1, B,0,0, 
lặng,4,A,0,0, ,0,0, 
am,2,A,7.0,1, B,0,0, 
lo_lắng,7,B,8.0,1, B,0,0, 
đế,2,A,7.0,1, B,0,0, 
ngon,4,A,0,0, ,0,0, 
sức_mạnh,8,B,10.0,1, B,7.0,2,A B
thuỷ_sản,8,B,0,0, ,0,0, 
xuất_phát,9,B,8.0,1, B,8.75,4,A B
béo,3,A,3.0,1,A ,11.0,3, B
hòn,3,A,3.0,1,A ,5.785714285714286,14,A B
tương_đối,9,B,0,0, ,0,0, 
địa_điểm,8,B,10.0,1, B,0,0, 
canh,4,A,7.0,1, B,0,0, 
nghiêng,7,A,3.0,1,A ,12.0,1, B
vách,4,A,13.0,1, B,0,0, 
khởi,4,A,0,0, ,0,0, 
kỷ_lục,6,B,2.0,1,A ,0,0, 
hoạ_sĩ,6,B,5.0,1, B,0,0, 
thế_mà,6,B,0,0, ,0,0, 
công_cụ,7,B,12.0,1, B,0,0, 
nhì,3,A,0,0, ,0,0, 
tuyên_truyền,12,B,5.0,1, B,10.285714285714286,7,A B
logic,5,A,8.0,1, B,13.0,1, B
lập_tức,7,B,0,0, ,0,0, 
mực,3,A,6.0,1, B,0,0, 
từ_chối,7,B,13.0,1, B,8.0,5, B
thống_kê,8,B,4.0,1,A ,0,0, 
hàng_không,10,B,8.0,1, B,7.0,1, B
mềm,3,A,7.0,1, B,0,0, 
bởi_vì,6,B,0,0, ,0,0, 
chạm,4,A,6.0,1, B,6.8,5, B
quyết_tâm,9,B,7.0,1, B,12.0,1, B
anh_hùng,8,B,0,0, ,0,0, 
người_lớn,9,B,7.5,2,A B,10.156862745098039,51,A B
bão,3,A,6.0,1, B,0,0, 
sốt,3,A,6.0,1, B,0,0, 
cẩm,3,A,6.0,1, B,0,0, 
cấu_trúc,8,B,4.0,1, B,0,0, 
tỉ_lệ,5,B,4.0,1, B,0,0, 
di_động,7,B,6.0,1, B,6.6,10,A B
hài,3,A,0,0, ,0,0, 
thái_độ,7,B,6.0,1, B,8.0,2, B
vật_chất,8,B,8.0,1, B,5.4,5,A B
chưởng,6,A,0,0, ,0,0, 
nếu_như,7,B,0,0, ,0,0, 
toàn_quốc,9,B,0,0, ,0,0, 
muối,4,A,4.0,1,A ,0,0, 
chứng_minh,10,B,7.0,1, B,12.0,1, B
truyện,6,A,10.0,1, B,11.333333333333334,9, B
chặt_chẽ,8,B,2.0,1,A ,0,0, 
làn,3,A,10.0,1, B,0,0, 
tắm,3,A,15.0,1, B,7.666666666666667,6,A B
xoay,4,A,4.0,1,A ,0,0, 
giấu,4,A,8.0,1, B,7.777777777777778,9,A B
xác_nhận,8,B,13.0,1, B,16.0,1, B
dẫn_đầu,7,B,4.0,1, B,0,0, 
tông,4,A,7.0,1, B,7.545454545454546,22, B
phong_cách,10,B,11.0,1, B,12.03448275862069,29, B
cơ_quan_chức_năng,17,B,14.0,1, B,22.296875,64,A B
quãng,5,A,0,0, ,0,0, 
chứng_tỏ,8,B,11.0,1, B,8.0,1, B
quân_sự,7,B,0,0, ,0,0, 
đối_phương,10,B,0,0, ,0,0, 
nhà_hát,7,B,8.0,1, B,8.0,1, B
tụ,2,A,7.0,1, B,5.555555555555555,9,A B
lam,3,A,0,0, ,0,0, 
de,2,A,0,0, ,0,0, 
nhựa,4,A,0,0, ,0,0, 
trụ,3,A,3.0,1,A ,0,0, 
ngài,4,A,14.0,1, B,0,0, 
đắp,3,A,18.0,1, B,7.0588235294117645,17,A B
kỵ,2,A,0,0, ,7.0,1, B
chiều_cao,9,B,10.0,1, B,0,0, 
thúc_đẩy,8,B,11.0,1, B,0,0, 
xếp_hạng,8,B,7.0,1, B,14.333333333333334,6, B
giao_lưu,8,B,8.0,1, B,9.6,15,A B
dư,2,A,0,0, ,0,0, 
ghi_bàn,7,B,9.0,1, B,9.0,14,A B
tập_đoàn,8,B,6.0,1, B,15.272727272727273,11, B
nạp,3,A,10.0,1, B,0,0, 
huy_chương,10,B,10.0,1, B,17.866666666666667,15, B
thảo_luận,9,B,7.0,1, B,12.285714285714286,7, B
leo,3,A,3.0,1,A ,11.25,4, B
tất_nhiên,9,B,0,0, ,0,0, 
xuất_bản,8,B,17.0,1, B,13.5,4, B
nở,2,A,10.0,1, B,0,0, 
sửa_đổi,7,B,10.0,1, B,0,0, 
tiết_lộ,7,B,13.0,1, B,12.222222222222221,9, B
nguyên_liệu,11,B,8.0,1, B,9.235294117647058,51,A B
tiếp_nhận,9,B,2.0,1,A ,0,0, 
bị_can,6,B,7.0,1, B,16.0,2, B
khai_mạc,8,B,6.0,1, B,6.5,2, B
đốc,3,A,0,0, ,0,0, 
kê,2,A,4.0,1,A ,13.0,1, B
hoàn_cảnh,9,B,16.0,1, B,9.0,2,A B
mạnh_mẽ,7,B,7.0,1, B,0,0, 
lùi,3,A,0,0, ,0,0, 
cơ_cấu,6,B,13.0,1, B,11.333333333333334,3, B
biên_độ,7,B,10.0,1, B,0,0, 
mượn,4,A,6.0,1, B,0,0, 
hiếu,4,A,0,0, ,0,0, 
sổ,2,A,11.0,1, B,0,0, 
may_mắn,7,B,8.0,1, B,9.0,2, B
chấm,4,A,3.0,1,A ,0,0, 
phiên_toà,9,B,0,0, ,0,0, 
nghị_định,9,B,8.0,1, B,0,0, 
ổ,1,A,5.0,1, B,2.0,1,A 
cam_kết,7,B,6.0,1, B,9.25,4, B
chìm,4,A,4.0,1,A ,0,0, 
vụ_việc,7,B,11.0,1, B,10.166666666666666,6, B
người_ở,7,B,0,0, ,0,0, 
khổng_lồ,8,B,0,0, ,0,0, 
đường_kính,10,B,10.0,1, B,0,0, 
giày,4,A,19.0,1, B,0,0, 
phụ_trách,9,B,2.0,1,A ,0,0, 
siêu,4,A,19.0,1, B,0,0, 
xuyến,5,A,10.0,1, B,8.5,2, B
đại_hội,7,B,15.0,1, B,14.0,1, B
km,2,A,8.0,1, B,0,0, 
dì,2,A,13.0,1, B,8.5,2, B
liên_lạc,8,B,6.0,1, B,0,0, 
ư,1,A,0,0, ,0,0, 
tập_thể,7,B,6.0,1, B,13.25,20,A B
điều_chế,8,B,4.0,1,A ,0,0, 
chia_sẻ,7,B,10.0,1, B,34.0,1, B
vệ,2,A,6.0,1, B,8.222222222222221,9,A B
hiểm,4,A,0,0, ,0,0, 
xét_nghiệm,10,B,3.0,1,A ,26.0,4, B
hoàn_thiện,10,B,7.0,1, B,0,0, 
bảo_tàng,8,B,32.0,1, B,0,0, 
e-mail,6,A,0,0, ,0,0, 
phổ,3,A,7.0,1, B,11.75,4, B
cập,3,A,0,0, ,0,0, 
tầm_xuân,8,B,0,0, ,0,0, 
thùng,5,A,19.0,1, B,0,0, 
vực,3,A,7.0,1, B,0,0, 
hoa_hậu,7,B,16.0,1, B,0,0, 
cảm_ơn,6,B,0,0, ,0,0, 
điển,4,A,7.0,1, B,10.75,8, B
tô,2,A,3.0,1,A ,0,0, 
dâu,3,A,13.0,1, B,0,0, 
tư_nhân,7,B,0,0, ,0,0, 
ruộng,5,A,5.0,1,A ,0,0, 
thông_số,8,B,5.5,2, B,0,0, 
săn,3,A,6.0,1, B,9.666666666666666,3, B
trang_bị,8,B,4.0,1, B,5.0,3,A B
mụ,2,A,15.0,1, B,0,0, 
dư_luận,7,B,6.0,1, B,0,0, 
gật,3,A,0,0, ,0,0, 
huy_động,8,B,6.0,1, B,11.0,2, B
thiết_lập,9,B,8.0,1, B,0,0, 
hình_như,8,B,0,0, ,0,0, 
kêu_gọi,7,B,7.0,1, B,0,0, 
nhấn_mạnh,9,B,8.0,1, B,0,0, 
dính,4,A,4.0,1,A ,7.0,1, B
duyệt,5,A,3.0,1,A ,0,0, 
đề_xuất,7,B,8.0,1, B,8.0,3, B
đeo,3,A,8.0,1, B,0,0, 
xô,2,A,19.0,1, B,0,0, 
quê_hương,9,B,15.0,1, B,15.636363636363637,11,A B
bích,4,A,7.0,1, B,0,0, 
xem_lại,7,B,7.0,1, B,6.0,1, B
đặt_ra,6,B,7.0,1, B,0,0, 
vú,2,A,4.0,1, B,0,0, 
ngại,4,A,0,0, ,6.6,5,A B
tiếp_cận,8,B,7.0,1, B,6.0,1, B
say,3,A,10.0,1, B,0,0, 
ho,2,A,7.0,1, B,0,0, 
đặc_tính,8,B,8.0,1, B,0,0, 
mỉm,3,A,0,0, ,0,0, 
tuyển_thủ,9,B,0,0, ,0,0, 
thắng_lợi,9,B,10.0,1, B,14.0,1, B
ngân,4,A,0,0, ,0,0, 
tin_học,7,B,12.0,1, B,10.5,2, B
thao,4,A,0,0, ,0,0, 
thu_hồi,7,B,6.0,1, B,0,0, 
điện_trở,8,B,29.0,1, B,17.0,1, B
ngôn_ngữ,8,B,23.0,1, B,11.5,2, B
tăng_giá,8,B,14.0,1, B,0,0, 
phản,4,A,6.0,1, B,10.0,1, B
trái_tim,8,B,6.0,1, B,11.0,4, B
sơ,2,A,4.0,1, B,0,0, 
hố,2,A,11.0,1, B,4.5,2,A B
trước_mắt,9,B,0,0, ,0,0, 
đáng_kể,7,B,0,0, ,0,0, 
kháng,5,A,0,0, ,0,0, 
ổn,2,A,0,0, ,0,0, 
lành,4,A,0,0, ,0,0, 
nhà_hàng,8,B,3.0,1,A ,11.533333333333333,15, B
bản_vẽ,6,B,8.0,1, B,12.076923076923077,13, B
bồ,2,A,19.0,1, B,0,0, 
ngày_một,8,B,0,0, ,0,0, 
trật_tự,7,B,7.0,1, B,0,0, 
hỏng,4,A,14.0,1, B,8.5,6,A B
đồng_bộ,7,B,25.0,1, B,0,0, 
phân_phối,9,B,10.0,1, B,12.833333333333334,6, B
rạp,3,A,5.0,1, B,8.941176470588236,17,A B
gan,3,A,7.0,1, B,9.25,4, B
lây,3,A,7.0,1, B,0,0, 
sân_bay,7,B,5.0,1,A ,0,0, 
mươi,4,A,0,0, ,0,0, 
biên_giới,9,B,4.0,1,A ,3.0,1,A 
khi_nào,7,B,0,0, ,0,0, 
trong_khoảng,12,B,0,0, ,0,0, 
thục,4,A,7.0,1, B,0,0, 
tiêu_cực,8,B,0,0, ,0,0, 
hoang,5,A,0,0, ,0,0, 
tham_nhũng,10,B,14.0,1, B,13.333333333333334,3,A B
bồi_thường,10,B,8.0,1, B,0,0, 
cắm,3,A,3.0,1,A ,0,0, 
lợi_ích,7,B,4.0,1,A ,0,0, 
giáp,4,A,7.0,1, B,10.727272727272727,22, B
mỡ,2,A,7.0,2, B,14.0,1, B
cải_cách,8,B,9.0,1, B,0,0, 
vươn,4,A,6.0,1, B,0,0, 
giấy_phép,9,B,8.0,1, B,21.333333333333332,3, B
đồng_bào,8,B,7.0,1, B,14.0,2, B
kỹ_sư,5,B,4.0,1, B,11.076923076923077,13, B
tiểu_thuyết,11,B,10.0,1, B,15.333333333333334,6, B
mũ,2,A,19.0,1, B,0,0, 
nhà_báo,7,B,12.0,1, B,16.5,2, B
đoán,4,A,6.0,1, B,0,0, 
khen,4,A,8.0,1, B,10.0,5, B
hả,2,A,0,0, ,0,0, 
lăn,3,A,3.0,1,A ,0,0, 
diệt,4,A,6.0,1, B,0,0, 
tình_huống,10,B,16.0,1, B,9.0,2,A B
lần_lượt,8,B,0,0, ,0,0, 
học_bổng,8,B,9.5,2, B,0,0, 
muội,4,A,0,0, ,0,0, 
ngắm,4,A,8.0,1, B,0,0, 
tháo,4,A,7.0,1, B,0,0, 
dồn,3,A,6.0,1, B,0,0, 
nghĩa_là,8,B,12.0,1, B,0,0, 
chiến_đấu,9,B,6.0,1, B,14.666666666666666,3, B
cân_bằng,8,B,16.0,1, B,33.666666666666664,3, B
mét,3,A,8.0,1, B,0,0, 
nhà_vua,7,B,11.5,2, B,14.285714285714286,7,A B
quyển,5,A,4.0,1,A ,25.0,1, B
lãi_suất,8,B,8.0,1, B,14.0,4, B
mép,3,A,4.0,1,A ,0,0, 
hiếm,4,A,0,0, ,0,0, 
kỷ_luật,7,B,10.0,1, B,0,0, 
trạng,5,A,0,0, ,0,0, 
liệt,4,A,12.0,1, B,12.090909090909092,11, B
tứ,2,A,0,0, ,0,0, 
thông_minh,10,B,0,0, ,0,0, 
đạn,3,A,7.0,1, B,7.0,4,A B
lái,3,A,2.0,1,A ,0,0, 
tự_tin,6,B,8.0,1, B,0,0, 
mô_tả,5,B,13.0,1, B,7.0,4,A B
ty,2,A,15.0,1, B,0,0, 
thèm,4,A,8.0,1, B,14.166666666666666,6, B
nọ,2,A,0,0, ,0,0, 
buôn_bán,8,B,6.0,1, B,12.0,2, B
chu_kỳ,6,B,10.0,1, B,11.0,1, B
dãy,3,A,6.0,1, B,0,0, 
non,3,A,0,0, ,0,0, 
bảo_tồn,7,B,21.0,1, B,0,0, 
olympic,7,A,0,0, ,0,0, 
móc,3,A,9.0,1, B,7.0,1, B
đẩy_mạnh,8,B,11.0,1, B,0,0, 
quyến,5,A,6.0,1, B,8.0,1, B
phân_biệt,9,B,8.0,1, B,11.666666666666666,3, B
bí_thư,6,B,0,0, ,0,0, 
nói_chung,9,B,0,0, ,0,0, 
thợ,3,A,3.0,1,A ,10.833333333333334,6, B
kim_loại,8,B,8.0,1, B,6.077922077922078,77,A B
tiết_kiệm,9,B,10.0,1, B,0,0, 
công_chúng,10,B,4.0,1,A ,14.0,3, B
thẩm_quyền,10,B,7.0,1, B,0,0, 
chuông,6,A,13.0,1, B,0,0, 
hoàn_tất,8,B,9.0,1, B,0,0, 
không_những,11,B,0,0, ,0,0, 
bình_quân,9,B,0,0, ,0,0, 
gò,2,A,3.0,1,A ,12.0,3, B
tạp_chí,7,B,10.0,1, B,0,0, 
bài_thơ,7,B,6.0,1, B,4.0,1,A 
tuyên,5,A,0,0, ,0,0, 
dàn,3,A,10.0,1, B,13.0,1, B
tương_đương,11,B,4.0,1,A ,0,0, 
đó_đây,6,B,0,0, ,0,0, 
trượt,5,A,6.0,1, B,0,0, 
nguy,4,A,0,0, ,0,0, 
trọng_tài,9,B,8.0,1, B,0,0, 
đệm,3,A,6.0,1, B,11.125,8,A B
muộn,4,A,0,0, ,0,0, 
cố_định,7,B,18.0,1, B,15.0,1, B
rắn,3,A,21.0,1, B,6.5,6, B
thuyết,6,A,9.0,1, B,8.5,2, B
tả,2,A,17.0,1, B,0,0, 
phản_đối,8,B,5.0,1, B,10.058823529411764,17,A B
phượng,6,A,11.0,1, B,0,0, 
transistor,10,A,0,0, ,0,0, 
giờ_đây,7,B,0,0, ,0,0, 
khuôn_mặt,9,B,0,0, ,0,0, 
nghị,4,A,0,0, ,0,0, 
gánh,4,A,8.0,1, B,0,0, 
chiến_sĩ,8,B,4.0,1, B,9.6,5,A B
cửa_sông,8,B,13.0,1, B,0,0, 
trình_diễn,10,B,9.0,1, B,12.583333333333334,12,A B
dân_cư,6,B,5.0,1, B,25.5,2, B
gì_mà,5,B,0,0, ,0,0, 
thủng,5,A,0,0, ,0,0, 
mệt,3,A,0,0, ,0,0, 
tựa,3,A,4.0,1,A ,7.428571428571429,7, B
bs,2,A,0,0, ,0,0, 
phụng,5,A,13.0,1, B,0,0, 
sư_phạm,7,B,0,0, ,0,0, 
cúi,3,A,8.0,1, B,0,0, 
dự_báo,6,B,11.0,1, B,14.0,2, B
nầy,3,A,0,0, ,0,0, 
linh_kiện,9,B,4.0,1,A ,9.375,16,A B
công_dân,8,B,7.0,1, B,10.714285714285714,7, B
hâm_mộ,6,B,9.0,1, B,9.75,4, B
tiết_diện,9,B,9.0,1, B,8.0,1, B
bốc,3,A,3.0,1,A ,0,0, 
xu_hướng,8,B,6.0,1,A ,0,0, 
đẻ,2,A,14.0,1, B,10.0,1, B
khớp,4,A,11.0,1, B,8.666666666666666,6,A B
quốc_phòng,10,B,0,0, ,0,0, 
đất_đai,7,B,7.0,1, B,7.25,4,A B
bán_kết,7,B,0,0, ,0,0, 
gác,3,A,14.0,1, B,0,0, 
tính_năng,9,B,7.0,1, B,18.11111111111111,9, B
kỷ,2,A,14.0,1, B,12.0,1, B
quy_trình,9,B,8.0,1, B,10.25,4, B
duyên,5,A,6.0,1, B,9.0,2, B
tư_tưởng,8,B,19.0,1, B,10.571428571428571,14, B
chấm_dứt,8,B,8.0,1, B,0,0, 
xe_đạp,6,B,5.0,1, B,0,0, 
đặc_điểm,8,B,4.0,1,A ,0,0, 
ngưng,5,A,4.0,1,A ,0,0, 
cực_kỳ,6,B,0,0, ,0,0, 
hiện_có,7,B,2.0,1,A ,5.0,2,A 
ngầm,4,A,0,0, ,0,0, 
ăn_uống,7,B,2.0,1,A ,0,0, 
ước,3,A,8.0,1, B,11.0,1, B
hiệu_lực,8,B,7.0,1, B,6.5,2, B
mở_cửa,6,B,10.0,1, B,5.5,2, B
lý_thuyết,9,B,11.0,1, B,16.8,10, B
biến_đổi,8,B,8.0,1, B,8.0,1, B
điền,4,A,10.0,1, B,10.333333333333334,3, B
tiệm,4,A,12.0,1, B,14.717948717948717,39,A B
đích,4,A,6.0,1, B,7.0,1, B
oanh,4,A,0,0, ,0,0, 
nhắn,4,A,6.0,1, B,0,0, 
mô,2,A,6.0,1, B,9.0,1, B
người_yêu,9,B,8.0,1, B,0,0, 
khuya,5,A,8.0,1, B,0,0, 
song_song,9,B,6.0,1, B,0,0, 
sắp_xếp,7,B,4.0,1,A ,11.363636363636363,11, B
rác_thải,8,B,6.0,1, B,7.333333333333333,3, B
bản_quyền,9,B,9.5,2, B,0,0, 
ngọt,4,A,0,0, ,0,0, 
bận,3,A,8.0,1, B,0,0, 
tử_vong,7,B,4.0,1,A ,12.5,2, B
tức_là,6,B,0,0, ,0,0, 
nghi_ngờ,8,B,18.0,1, B,0,0, 
vận_hành,8,B,8.0,1, B,0,0, 
dự_định,7,B,7.0,1, B,7.833333333333333,6, B
đối_tác,7,B,4.0,1, B,14.5,2, B
hư,2,A,6.0,1, B,0,0, 
bắt_giữ,7,B,7.0,1, B,7.0,2, B
dâng,4,A,8.0,1, B,6.0,1, B
mía,3,A,9.0,1, B,6.0,1, B
đa_số,5,B,13.0,1, B,0,0, 
dứt,3,A,8.0,1, B,0,0, 
phòng_ngự,9,B,12.0,1, B,0,0, 
sông_cái,8,B,8.0,1, B,0,0, 
vitamin,7,A,13.0,1, B,24.5,2, B
gặp_gỡ,6,B,8.0,1, B,6.0,1, B
ý_định,6,B,7.0,1, B,0,0, 
nhận_thức,9,B,21.0,1, B,7.428571428571429,7,A B
trước_hết,9,B,0,0, ,0,0, 
đàm_phán,8,B,7.0,1, B,14.933333333333334,15, B
thuyết_phục,11,B,10.0,1, B,11.0,1, B
buổi_sáng,9,B,8.0,1, B,0,0, 
ca_nhạc,7,B,0,0, ,0,0, 
chủ_đề,6,B,12.0,1, B,12.0,1, B
chăn_nuôi,9,B,10.0,1, B,0,0, 
đôi_khi,7,B,0,0, ,0,0, 
luôn_luôn,9,B,0,0, ,0,0, 
lắc,3,A,15.0,1, B,8.0,2, B
mù,2,A,5.0,1,A ,0,0, 
nhé,3,A,0,0, ,0,0, 
tổ_hợp,6,B,10.0,1, B,10.5,2, B
vận,3,A,8.0,1, B,9.75,4, B
nứt,3,A,6.0,1, B,0,0, 
bị_thương,9,B,8.0,1, B,9.5,4,A B
đấu_tranh,9,B,6.0,1, B,14.666666666666666,3, B
khiển,5,A,0,0, ,0,0, 
cúp,3,A,7.0,1, B,14.0,2, B
trái_phép,9,B,0,0, ,0,0, 
lãi,3,A,5.0,1, B,0,0, 
pháp_đình,9,B,12.0,1, B,0,0, 
sai_phạm,8,B,11.0,1, B,0,0, 
thoáng,6,A,0,0, ,0,0, 
tím,3,A,0,0, ,0,0, 
căng_thẳng,10,B,6.0,1, B,0,0, 
viễn,4,A,0,0, ,0,0, 
trái_đất,8,B,0,0, ,0,0, 
hôm_sau,7,B,0,0, ,0,0, 
kịch_bản,8,B,7.0,1, B,0,0, 
giọt,4,A,4.0,1,A ,0,0, 
nhĩ,3,A,0,0, ,0,0, 
tiến_độ,7,B,0,0, ,0,0, 
truyện_ngắn,11,B,6.0,1,A ,0,0, 
ước_mơ,6,B,7.0,1, B,0,0, 
giật,4,A,12.0,1, B,0,0, 
trường_học,10,B,6.0,1,A ,0,0, 
can,3,A,19.0,1, B,0,0, 
rối_loạn,8,B,16.0,1, B,14.24390243902439,41,A B
lặp,3,A,0,0, ,0,0, 
tối_thiểu,9,B,14.0,2, B,7.0,1, B
ván,3,A,12.0,1, B,0,0, 
cốc,3,A,3.0,1,A ,0,0, 
sự_việc,7,B,4.0,1,A ,0,0, 
kể_cả,5,B,6.0,1, B,0,0, 
hỗn_hợp,7,B,8.0,1, B,0,0, 
dược,4,A,12.0,1, B,0,0, 
nâng_cấp,8,B,7.0,1, B,9.0,1, B
phần_tử,7,B,4.0,1,A ,14.0,1, B
tuỳ_theo,8,B,0,0, ,0,0, 
hành_khách,10,B,7.0,1, B,19.6,5, B
mỏng,4,A,0,0, ,0,0, 
toàn_cầu,8,B,13.0,1, B,11.666666666666666,3, B
đề_cập,6,B,7.0,1, B,10.5,2,A B
xí_nghiệp,9,B,6.0,1, B,13.571428571428571,7, B
tuỳ,3,A,0,0, ,0,0, 
kích_thích,10,B,14.0,1, B,21.5,2, B
rác,3,A,6.0,1, B,7.333333333333333,3, B
đồng_tiền,9,B,11.0,1, B,10.54054054054054,37,A B
vi_xử_lý,8,B,13.0,1, B,9.25,4, B
chia_tay,8,B,5.0,1, B,0,0, 
mỏ,2,A,7.0,1, B,7.0,1, B
dự_đoán,7,B,6.0,1, B,7.0,1, B
đứt,3,A,8.0,1, B,7.666666666666667,3,A B
lo_ngại,7,B,9.0,1, B,0,0, 
hẹp,3,A,8.0,1, B,0,0, 
buôn,4,A,9.0,1, B,10.666666666666666,6,A B
củi,3,A,9.0,1, B,10.25,4, B
tối_cao,7,B,8.0,1, B,0,0, 
công_khai,9,B,16.0,1, B,0,0, 
trúc,4,A,11.0,1, B,0,0, 
dắt,3,A,7.0,1, B,0,0, 
sóng_mang,9,B,13.0,1, B,0,0, 
truy_tố,7,B,5.0,1,A ,14.0,1, B
người_bệnh,10,B,11.0,1, B,15.36,25, B
tên_tuổi,8,B,0,0, ,0,0, 
tổn_thương,10,B,3.0,1,A ,11.0,3, B
bảo_mật,7,B,8.0,1, B,0,0, 
nhẹ_nhàng,9,B,0,0, ,0,0, 
tận_dụng,8,B,9.0,1, B,0,0, 
giặc,4,A,8.0,1, B,0,0, 
thỉnh_thoảng,12,B,0,0, ,0,0, 
bù,2,A,8.0,1, B,0,0, 
hoạ,3,A,0,0, ,0,0, 
ưu_đãi,6,B,9.0,1, B,0,0, 
động_vật,8,B,4.0,1,A ,0,0, 
mờ,2,A,10.0,1, B,0,0, 
phương_thức,11,B,12.0,1, B,0,0, 
dụng_cụ,7,B,3.0,1,A ,0,0, 
lái_xe,6,B,8.0,2, B,6.0,1, B
thuốc_lá,8,B,17.0,1, B,0,0, 
thứ_trưởng,10,B,8.0,1, B,0,0, 
chỉ_huy,7,B,6.0,1, B,15.0,4,A B
tơ,2,A,10.0,1, B,0,0, 
dự_thảo,7,B,6.0,1, B,0,0, 
quản,4,A,6.0,1, B,7.384615384615385,13, B
cao_cấp,7,B,0,0, ,0,0, 
tham_quan,9,B,4.0,1,A ,0,0, 
mộc,3,A,4.0,1,A ,10.0,2, B
lầu,3,A,6.0,1, B,6.6,5, B
thay_vì,7,B,8.0,1, B,7.0,1, B
chỉ_số,6,B,15.0,1, B,0,0, 
nhung,5,A,6.0,1, B,0,0, 
bền,3,A,3.0,1,A ,0,0, 
đệ,2,A,5.0,1, B,0,0, 
thiên_nhiên,11,B,5.0,1, B,0,0, 
tập_luyện,9,B,11.0,1, B,12.0,9,A B
chăng,5,A,8.0,1, B,0,0, 
bấm,3,A,10.0,1, B,6.0,1, B
niềm_vui,8,B,7.0,1, B,18.666666666666668,3, B
bút,3,A,6.0,1, B,8.375,8,A B
trưng_bày,9,B,5.0,1, B,0,0, 
tiềm_năng,9,B,7.0,1, B,0,0, 
hay_là,6,B,0,0, ,0,0, 
phong_độ,8,B,7.0,1, B,8.0,9,A B
đến_nỗi,7,B,0,0, ,0,0, 
nội_lực,7,B,0,0, ,0,0, 
ơn,2,A,0,0, ,0,0, 
đồn,3,A,3.0,1,A ,11.0,3, B
quy_chế,7,B,6.0,1, B,11.5,4, B
bắt_đầu_từ,10,B,0,0, ,0,0, 
bày,3,A,3.0,1,A ,8.757575757575758,33,A B
bại,3,A,15.0,1, B,0,0, 
người_mẫu,9,B,12.0,1, B,11.333333333333334,3, B
phục_hồi,8,B,8.0,1, B,7.0,5, B
liên_hoan,9,B,7.0,1, B,12.555555555555555,9,A B
lợi_thế,7,B,6.0,1, B,20.0,1, B
công_chứng,10,B,9.0,1, B,0,0, 
giếng,5,A,5.0,1, B,9.0,5, B
nhà_thầu,8,B,18.0,1, B,16.75,4, B
khám_phá,8,B,8.0,1, B,0,0, 
cỡ,2,A,9.0,1, B,0,0, 
công_thức,9,B,9.0,1, B,14.5,2, B
thần_kinh,9,B,5.0,1, B,15.7,10, B
đậm,3,A,0,0, ,0,0, 
ghé,3,A,0,0, ,0,0, 
hành_trình,10,B,8.0,1, B,0,0, 
trộm,4,A,7.0,1, B,7.0,1, B
tiểu_học,8,B,0,0, ,0,0, 
toả,3,A,0,0, ,0,0, 
vất_vả,6,B,6.0,1, B,8.5,2, B
hài_lòng,8,B,8.0,1, B,0,0, 
chuỗi,5,A,6.0,1, B,0,0, 
yên_tâm,7,B,10.0,1, B,8.0,1, B
niên,4,A,14.0,1, B,6.0,1, B
đình_chỉ,8,B,8.0,1, B,8.5,2, B
mm,2,A,8.0,1, B,0,0, 
mốc,3,A,6.0,1, B,13.0,1, B
chén,4,A,3.0,1,A ,0,0, 
thoả_mãn,8,B,4.0,1,A ,9.2,5, B
chặng,5,A,8.0,1, B,23.0,1, B
trang_phục,10,B,9.0,1, B,10.75,4, B
giá_cả,6,B,4.0,1, B,13.5,2, B
lắp_ráp,7,B,4.0,1,A ,0,0, 
chen,4,A,8.0,1, B,0,0, 
chinh_phục,10,B,0,0, ,7.722222222222222,18,A B
đầu_vào,7,B,0,0, ,0,0, 
thánh,5,A,7.0,1, B,11.0,1, B
đột_nhiên,9,B,4.0,1,A ,0,0, 
chắn,4,A,4.0,1,A ,10.0,2, B
ngờ,3,A,8.0,1, B,0,0, 
sôi_động,8,B,0,0, ,0,0, 
ga,2,A,34.0,1, B,0,0, 
ghi_nhận,8,B,8.0,1, B,0,0, 
dạo,3,A,2.0,1,A ,0,0, 
rối,3,A,11.0,1, B,0,0, 
đền,3,A,6.0,1, B,0,0, 
vượt_quá,8,B,7.0,1, B,0,0, 
những_ai,8,B,0,0, ,0,0, 
bắt_buộc,8,B,9.0,1, B,12.0,1, B
chớp,4,A,10.0,1, B,0,0, 
video,5,A,8.0,1, B,12.5,2, B
mặt_đất,7,B,3.0,1,A ,9.096774193548388,31,A B
phiên_bản,9,B,4.0,1,A ,0,0, 
doanh_thu,9,B,7.0,1, B,0,0, 
vâng,4,A,9.0,1, B,0,0, 
tín,3,A,5.0,1, B,0,0, 
mới_đầu,7,B,0,0, ,0,0, 
ngày_sau,8,B,0,0, ,0,0, 
tủ,2,A,7.0,1, B,12.0,4, B
lông,4,A,7.0,1, B,0,0, 
tuyệt_vời,9,B,0,0, ,0,0, 
thực_ra,7,B,0,0, ,0,0, 
chị_em,6,B,3.0,1,A ,7.666666666666667,3,A B
truy_cập,8,B,6.0,1, B,0,0, 
hạt_nhân,8,B,6.0,1,A ,8.5,4,A B
lứa,3,A,5.0,1, B,2.0,1,A 
vi_mạch,7,B,11.0,1, B,0,0, 
khuyết_tật,10,B,12.0,1, B,11.4,15,A B
uốn,3,A,12.0,1, B,8.0,1, B
dưỡng,5,A,12.0,1, B,0,0, 
phẳng,5,A,14.0,1, B,0,0, 
mông,4,A,11.0,1, B,0,0, 
tự_hào,6,B,12.0,1, B,0,0, 
ao,2,A,21.0,1, B,0,0, 
huyết_áp,8,B,10.0,2, B,14.0,4, B
mặt_khác,8,B,0,0, ,0,0, 
rủ,2,A,3.0,1,A ,6.85,20,A B
lưu_trữ,7,B,6.0,1, B,0,0, 
thịnh,5,A,0,0, ,0,0, 
ấp,2,A,7.0,1, B,0,0, 
đa_dạng,7,B,13.0,1, B,16.0,1, B
khẽ,3,A,0,0, ,0,0, 
tục,3,A,6.0,1, B,10.0,3,A B
ầm,2,A,0,0, ,0,0, 
lang,4,A,4.0,1,A ,11.3,10,A B
lợi_dụng,8,B,8.0,1, B,0,0, 
bằng_chứng,10,B,8.0,1, B,17.0,1, B
phê_duyệt,9,B,7.0,1, B,15.0,3, B
rộng_rãi,8,B,3.0,1,A ,9.0,2, B
trại_giam,9,B,4.0,1,A ,0,0, 
ngày_trước,10,B,0,0, ,0,0, 
điên,4,A,7.0,1, B,12.5,2, B
năm_học,7,B,3.0,1,A ,0,0, 
nhồi,4,A,6.0,1, B,0,0, 
hong,4,A,5.0,1,A ,0,0, 
bày_tỏ,6,B,3.0,1,A ,0,0, 
tiến_bộ,7,B,10.0,1, B,9.4,5, B
bây,3,A,0,0, ,0,0, 
công_văn,8,B,7.0,1, B,12.823529411764707,34,A B
ram,3,A,12.0,1, B,0,0, 
ram,3,A,12.0,1, B,0,0, 
thói_quen,9,B,6.0,1, B,0,0, 
hàm_lượng,9,B,4.0,1, B,0,0, 
phản_ánh,8,B,6.0,1, B,0,0, 
rẽ,2,A,7.0,1, B,0,0, 
dân_chủ,7,B,13.0,1, B,18.5,2, B
phun,4,A,4.0,1,A ,0,0, 
cửu,3,A,5.0,1, B,0,0, 
để_ý,4,B,2.0,1,A ,7.0,3, B
khống_chế,9,B,4.0,1,A ,9.571428571428571,7, B
máy_thu,7,B,11.0,1, B,17.0,4, B
trung_vệ,8,B,12.0,1, B,0,0, 
cận,3,A,0,0, ,0,0, 
khai_trương,11,B,6.0,1, B,12.0,4, B
tin_tưởng,9,B,15.0,1, B,0,0, 
hào,3,A,16.0,1, B,0,0, 
trưởng_phòng,12,B,10.0,1, B,0,0, 
phấn_đấu,8,B,6.0,1, B,14.666666666666666,3, B
sở_hữu,6,B,9.0,1, B,0,0, 
giải_mã,7,B,7.0,1, B,0,0, 
nhà_trường,10,B,11.0,1, B,0,0, 
tệ,2,A,0,0, ,0,0, 
nấm,3,A,3.0,1,A ,0,0, 
căn_bệnh,8,B,8.0,1, B,0,0, 
út,2,A,0,0, ,0,0, 
cẩn_thận,8,B,10.0,1, B,0,0, 
chốn,4,A,5.0,1, B,0,0, 
vịnh,4,A,8.0,1, B,0,0, 
liều,4,A,11.0,1, B,7.2,5,A B
bơi,3,A,4.0,1, B,0,0, 
men,3,A,4.0,1,A ,8.333333333333334,3, B
trùm,4,A,9.0,1, B,13.0,1, B
cấu_tạo,7,B,11.0,1, B,0,0, 
chả,3,A,0,0, ,0,0, 
chẩn_đoán,9,B,8.0,1, B,12.0,2, B
du_học,6,B,0,0, ,0,0, 
cảm_nhận,8,B,5.0,1, B,9.5,4, B
quan_niệm,9,B,5.0,1, B,8.333333333333334,3,A B
tha,3,A,3.0,1,A ,0,0, 
sự_thật,7,B,8.0,1, B,0,0, 
lân,3,A,0,0, ,0,0, 
hiện_trường,11,B,10.0,1, B,0,0, 
khởi_động,9,B,9.0,1, B,0,0, 
định_cư,7,B,8.0,1, B,6.0,2, B
sứ,2,A,7.0,1, B,0,0, 
diệu,4,A,0,0, ,0,0, 
xứng_đáng,9,B,8.0,1, B,11.333333333333334,3, B
lâu_dài,7,B,14.0,1, B,0,0, 
siêu_thị,8,B,18.0,1, B,10.0,1, B
nxb,3,A,0,0, ,0,0, 
nxb,3,A,0,0, ,0,0, 
trọn,4,A,0,0, ,0,0, 
buông,5,A,7.0,1, B,11.0,1, B
rét,3,A,9.0,2, B,10.5,4, B
chịu_tải,8,B,0,0, ,0,0, 
thất_vọng,9,B,6.0,1, B,10.0,4, B
gãy,3,A,5.0,1,A ,6.0,1, B
tổng_cộng,9,B,2.0,1,A ,12.0,1, B
bọc,3,A,4.0,1,A ,0,0, 
mua_sắm,7,B,3.0,1,A ,5.0,1, B
đắt,3,A,0,0, ,0,0, 
bèn,3,A,0,0, ,0,0, 
gắn_bó,6,B,7.0,1, B,19.25,4, B
thoải_mái,9,B,8.0,1, B,13.0,1, B
thứ_tư,6,B,10.0,1, B,0,0, 
quyền_lợi,9,B,12.0,1, B,10.5,2, B
phòng_thí_nghiệm,16,B,5.0,1,A ,0,0, 
tư_cách,7,B,5.0,1, B,0,0, 
chấn,4,A,0,0, ,0,0, 
ngũ,3,A,5.0,1, B,0,0, 
giảng,5,A,9.0,1, B,10.0,1, B
công_cộng,9,B,0,0, ,0,0, 
diễn_kịch,9,B,8.0,1, B,0,0, 
bức_xúc,7,B,0,0, ,0,0, 
đặc_trưng,9,B,4.0,1, B,7.5,2, B
khiếu_nại,9,B,5.0,1, B,8.0,3, B
lệch,4,A,12.0,1, B,0,0, 
sung_sướng,10,B,4.0,1,A ,0,0, 
huynh,5,A,0,0, ,0,0, 
đệ_tử,5,B,10.0,1, B,15.5,6,A B
run,3,A,6.0,1, B,0,0, 
thuỳ,4,A,11.0,1, B,8.666666666666666,9, B
gia_nhập,8,B,5.0,1, B,11.25,4, B
hđnd,4,A,0,0, ,0,0, 
làm_chủ,7,B,7.0,1, B,8.875,8, B
sai_lầm,7,B,11.0,1, B,0,0, 
mỹ_thuật,8,B,14.0,1, B,6.333333333333333,3,A B
nương,5,A,0,0, ,0,0, 
khê,3,A,0,0, ,0,0, 
tổng_thư_ký,11,B,13.0,1, B,0,0, 
bùn,3,A,3.0,1,A ,0,0, 
lên_tiếng,9,B,0,0, ,0,0, 
nhiễu,5,A,13.0,1, B,10.0,7,A B
phùng,5,A,5.0,1, B,6.0,1, B
cong,4,A,7.0,1, B,0,0, 
hổ,2,A,6.0,1, B,7.0,3, B
phán,4,A,13.0,1, B,0,0, 
đối_mặt,7,B,4.0,1,A ,0,0, 
công_viên,9,B,10.0,1, B,14.0,2, B
nhánh,5,A,3.0,1,A ,0,0, 
truyền_thông,12,B,6.0,1, B,0,0, 
dán,3,A,2.0,1,A ,0,0, 
đồng_nghiệp,11,B,12.0,1, B,0,0, 
chốt,4,A,8.0,1, B,0,0, 
hươu,4,A,14.0,1, B,11.3125,16,A B
mác,3,A,0,0, ,0,0, 
tố_cáo,6,B,8.0,1, B,11.363636363636363,11,A B
dòng_chảy,9,B,4.0,1,A ,0,0, 
giảng_dạy,9,B,0,0, ,0,0, 
phát_sinh,9,B,9.0,1, B,0,0, 
buồng,5,A,5.0,1, B,0,0, 
toà_nhà,7,B,6.0,1, B,9.615384615384615,52,A B
ngày_mai,8,B,4.0,1,A ,0,0, 
ngữ,3,A,7.0,1, B,14.227272727272727,22, B
lời_nói,7,B,5.0,1, B,0,0, 
chăn,4,A,10.0,1, B,8.8,5,A B
nụ_cười,7,B,11.0,1, B,0,0, 
tình_nguyện,11,B,6.0,1, B,0,0, 
tốt_đẹp,7,B,0,0, ,0,0, 
tổng_giám_đốc,13,B,10.0,1, B,0,0, 
thuần,5,A,0,0, ,0,0, 
mệt_mỏi,7,B,16.0,1, B,10.0,5, B
lắc_đầu,7,B,7.0,1, B,0,0, 
tiêu_biểu,9,B,2.0,1,A ,15.5,2,A B
xông,4,A,0,0, ,0,0, 
as,2,A,8.0,1, B,0,0, 
cải_tiến,8,B,10.0,1, B,9.4,5, B
hiểu_biết,9,B,7.0,1, B,12.0,1, B
tập_huấn,8,B,0,0, ,0,0, 
cai,3,A,12.0,1, B,10.0,2, B
diễn_biến,9,B,7.0,1, B,0,0, 
lấp,3,A,8.0,1, B,0,0, 
định_hướng,10,B,8.0,1, B,14.0,1, B
làm_nên,7,B,6.0,1, B,9.444444444444445,9,A B
quen_thuộc,10,B,0,0, ,0,0, 
quyên,5,A,15.0,1, B,8.8,5, B
gs,2,A,0,0, ,0,0, 
thường_trực,11,B,0,0, ,0,0, 
cua,3,A,22.0,1, B,10.0,11, B
lặng_lẽ,7,B,0,0, ,0,0, 
lồng,4,A,4.0,1,A ,0,0, 
da_cam,6,B,9.0,1, B,8.0,1, B
hễ,2,A,0,0, ,0,0, 
nhãn_hiệu,9,B,4.0,1, B,0,0, 
tham_khảo,9,B,13.0,1, B,8.666666666666666,6, B
cho_là,6,B,8.0,1, B,0,0, 
mảng,4,A,3.0,1,A ,5.785714285714286,14,A B
hán,3,A,0,0, ,0,0, 
khác_biệt,9,B,7.0,1, B,0,0, 
chỉ_thị,7,B,19.0,1, B,18.0,1, B
trùng,5,A,0,0, ,0,0, 
tuy_vậy,7,B,0,0, ,0,0, 
chủ_nhật,8,B,8.0,1, B,0,0, 
tạm_thời,8,B,0,0, ,0,0, 
dân_số,6,B,8.0,1, B,0,0, 
bê,2,A,9.0,1, B,17.5,2, B
cảm_xúc,7,B,6.0,1, B,9.333333333333334,9, B
hầu,3,A,13.0,1, B,0,0, 
lầm,3,A,0,0, ,0,0, 
thế_thì,7,B,0,0, ,0,0, 
bán_đấu_giá,11,B,9.0,1, B,0,0, 
điển_hình,9,B,10.0,1, B,13.3,10,A B
điệu,4,A,6.0,1, B,11.25,8,A B
giơ,3,A,6.0,1, B,7.7894736842105265,19,A B
ông_già,7,B,5.0,1, B,0,0, 
thước,5,A,10.0,1, B,8.666666666666666,3, B
dọn,3,A,6.0,1, B,5.0,1,A 
lưỡi,4,A,8.0,1, B,0,0, 
chiếm_đoạt,10,B,5.0,1, B,0,0, 
nhạt,4,A,0,0, ,0,0, 
trò_chuyện,10,B,6.0,1, B,18.0,1, B
chúc,4,A,12.0,1, B,0,0, 
lăng,4,A,6.0,2,A B,6.0,4, B
quyết_liệt,10,B,0,0, ,0,0, 
buôn_lậu,8,B,6.0,1, B,13.666666666666666,3, B
cải,3,A,5.0,1, B,11.0,2, B
nhà_cửa,7,B,0,0, ,0,0, 
chi_nhánh,9,B,8.0,1, B,0,0, 
vòng_loại,9,B,11.0,1, B,0,0, 
dinh_dưỡng,10,B,0,0, ,0,0, 
thú_vị,6,B,0,0, ,0,0, 
bộ_đội,6,B,0,0, ,0,0, 
miễn,4,A,8.0,1, B,13.0,4, B
tàn,3,A,10.0,1, B,5.5,2,A B
màu_sắc,7,B,8.0,1,A ,0,0, 
gọn,3,A,0,0, ,0,0, 
lừa,3,A,6.0,1, B,6.0,2, B
người_thân,10,B,4.0,1, B,0,0, 
lún,3,A,7.0,1, B,0,0, 
chỉ_định,8,B,9.0,1, B,7.8,5, B
lợn,3,A,6.0,1, B,7.0,1, B
nguyên_chủ,10,B,0,0, ,0,0, 
tin_cậy,7,B,5.0,1, B,0,0, 
giải_toả,8,B,0,0, ,0,0, 
dở,2,A,16.0,1, B,9.0,6,A B
mạng_lưới,9,B,5.0,1, B,5.333333333333333,3,A B
tâm_hồn,7,B,7.0,1, B,0,0, 
chấp,4,A,4.0,1, B,0,0, 
đông_nam_á,10,B,0,0, ,0,0, 
đột_ngột,8,B,8.0,1, B,0,0, 
như_không,9,B,0,0, ,0,0, 
bề,2,A,0,0, ,0,0, 
củng_cố,7,B,4.0,1,A ,5.0,1, B
đền_bù,6,B,9.0,1, B,0,0, 
bưu_điện,8,B,8.0,1, B,0,0, 
liên_doanh,10,B,11.0,1, B,22.0,1, B
ác,2,A,9.0,1, B,8.0,1, B
uy_tín,6,B,0,0, ,0,0, 
thời_tiết,9,B,8.0,1, B,0,0, 
tử_hình,7,B,12.0,1, B,15.0,5, B
tranh_chấp,10,B,9.0,1, B,13.8,5, B
voi,3,A,14.0,1, B,0,0, 
cương,5,A,12.0,1, B,0,0, 
hư_hỏng,7,B,6.0,1, B,0,0, 
khơi,4,A,0,0, ,0,0, 
trinh,5,A,0,0, ,0,0, 
tưởng_tượng,11,B,11.0,1, B,8.333333333333334,3, B
chuyển_động,11,B,7.0,1, B,7.166666666666667,6, B
nghiêm_túc,10,B,12.0,1, B,0,0, 
toa,3,A,3.0,1,A ,10.166666666666666,6, B
trái_phiếu,10,B,9.5,2, B,16.875,16, B
y_học,5,B,15.0,1, B,11.142857142857142,7, B
loại_hình,9,B,8.0,1, B,0,0, 
nghề_nghiệp,11,B,14.0,1, B,12.0,6, B
vệ_tinh,7,B,8.0,1, B,9.5,2, B
chuyên_ngành,12,B,8.0,1, B,0,0, 
khoác,5,A,3.0,1,A ,0,0, 
anh_chàng,9,B,3.0,1,A ,2.0,1,A 
chi_cục,7,B,6.0,1, B,10.75,4, B
gõ,2,A,14.0,1, B,9.0,1, B
ông_bà,6,B,5.0,1, B,2.5,2,A 
lợi_nhuận,9,B,15.0,1, B,0,0, 
pháp_lý,7,B,5.0,1, B,11.571428571428571,14, B
đại_sư,6,B,0,0, ,0,0, 
khuất,5,A,0,0, ,0,0, 
phổi,4,A,11.0,1, B,0,0, 
ướt,3,A,5.0,1, B,13.0,2, B
va,2,A,0,0, ,0,0, 
biến_dạng,9,B,21.5,2, B,12.0,1, B
niềm_tin,8,B,15.0,1, B,0,0, 
lâu_nay,7,B,0,0, ,0,0, 
áp_giải,7,B,0,0, ,0,0, 
phụ_lục,7,B,7.0,1, B,10.0,2, B
vạch,4,A,3.0,1,A ,12.76923076923077,13, B
ô_nhiễm,7,B,7.0,1, B,9.0,1, B
tổng_cục,8,B,0,0, ,0,0, 
huỷ,3,A,0,0, ,0,0, 
mạc,3,A,0,0, ,0,0, 
văn_minh,8,B,5.0,1, B,15.857142857142858,7, B
tán,3,A,13.0,1, B,0,0, 
con_cái,7,B,6.0,1, B,7.333333333333333,6,A B
hợp_pháp,8,B,11.0,1, B,0,0, 
hy_sinh,7,B,8.0,1, B,0,0, 
huyết,5,A,3.0,1,A ,0,0, 
ẩm,2,A,5.0,1, B,13.0,2, B
hành_lang,9,B,7.0,1, B,9.3,10, B
hưu,3,A,0,0, ,0,0, 
cản,3,A,8.0,1, B,8.5,2, B
chém,4,A,8.0,1, B,0,0, 
xưởng,5,A,10.0,1, B,10.5,4, B
chuyển_nhượng,13,B,9.0,1, B,0,0, 
xây_lắp,7,B,3.0,1,A ,0,0, 
tại_chỗ,7,B,0,0, ,0,0, 
cải_tạo,7,B,7.0,1, B,0,0, 
qui_hoạch,9,B,6.0,1, B,0,0, 
gốm,3,A,5.0,1, B,7.6,5, B
oan,3,A,0,0, ,0,0, 
hạn_ngạch,9,B,2.0,1,A ,0,0, 
con_cháu,8,B,6.0,1, B,7.333333333333333,6,A B
dịch_cúm,8,B,0,0, ,0,0, 
cánh_tay,8,B,3.0,1,A ,0,0, 
nặng_nề,7,B,0,0, ,0,0, 
nhu,3,A,0,0, ,0,0, 
cấp_cứu,7,B,0,0, ,0,0, 
nhầm,4,A,7.0,1, B,0,0, 
thăm_dò,7,B,9.0,1, B,0,0, 
tiệc,4,A,9.0,1, B,15.25,16,A B
độ_cao,6,B,8.0,1, B,0,0, 
đai,3,A,7.0,1, B,0,0, 
động_viên,9,B,6.0,1, B,11.0,2, B
quái,4,A,0,0, ,0,0, 
đại_lý,6,B,9.0,1, B,12.666666666666666,3, B
tổ_quốc,7,B,15.0,1, B,15.636363636363637,11,A B
he,2,A,7.0,2, B,0,0, 
he,2,A,7.0,2, B,0,0, 
cãi,3,A,7.0,1, B,7.0,1, B
đòn,3,A,0,0, ,0,0, 
tảng,4,A,6.0,1,A ,16.0,2, B
cỗ,2,A,5.0,1, B,6.0,2, B
đánh_bại,8,B,9.0,1, B,0,0, 
cử_tri,6,B,7.0,1, B,12.75,4, B
lật,3,A,8.0,1, B,0,0, 
đảng_viên,9,B,11.0,1, B,0,0, 
phong_phú,9,B,11.0,1, B,8.0,2, B
bổ,2,A,8.0,1, B,0,0, 
tiếp_thị,8,B,9.0,1, B,13.5,2, B
ẩn,2,A,3.0,1,A ,0,0, 
chân_đế,7,B,0,0, ,0,0, 
chui,4,A,2.0,1,A ,0,0, 
cạn,3,A,7.0,1, B,0,0, 
qui,3,A,11.0,1, B,0,0, 
trảy,4,A,5.0,1, B,8.0,2, B
nối_tiếp,8,B,11.0,1, B,10.0,2, B
số_phận,7,B,8.0,1, B,9.75,4, B
tín_dụng,8,B,10.0,1, B,17.0,1, B
chán,4,A,10.0,1, B,6.833333333333333,6, B
ngoan,5,A,0,0, ,0,0, 
quấn,4,A,15.0,1, B,0,0, 
đạp,3,A,3.0,1,A ,10.0,1, B
hấp,3,A,8.0,1, B,0,0, 
chôn,4,A,4.0,1,A ,9.0,1, B
,0,A,0,0, ,0,0, 
