database_management_system,26,B,8.0,1,A ,36.5,2, B
magnetic_resonance_imaging,26,B,7.0,1,A ,34.0,1, B
color_television_system,23,B,10.0,1,A ,31.0,1, B
gross_national_product,22,B,5.0,1,A ,24.0,1, B
law_of_thermodynamics,21,B,3.0,1,A ,23.5,4, B
yellow_lady's_slipper,21,B,13.0,1, B,24.0,1, B
bank_holding_company,20,B,14.0,1, B,23.0,1, B
middle_cerebral_vein,20,B,12.0,1, B,25.5,2, B
theory_of_relativity,20,B,16.0,1, B,17.0,2, B
transitive_verb_form,20,B,4.0,1,A ,20.0,1, B
board_of_directors,18,B,5.0,1,A ,25.0,1, B
court_of_appeals,16,B,5.0,1,A ,21.0,1, B
letter_of_credit,16,B,7.0,2,A ,24.0,2, B
law_of_motion,13,B,3.0,1,A ,16.333333333333332,3, B
line_of_force,13,B,4.0,1,A ,20.0,2, B
light-emitting_diode,20,B,5.0,1,A ,26.0,1, B
saber-toothed_tiger,19,B,6.0,1, B,21.5,2, B
stem-cell_research,18,B,18.0,1, B,26.0,1, B
white-topped_aster,18,B,6.0,1,A ,30.0,1, B
read-only_memory,16,B,6.0,1,A ,20.5,2,A B
staphylococcal_enterotoxin,26,B,11.0,1,A ,26.0,1, B
communications_technology,25,B,10.0,1,A ,31.0,1, B
correlation_coefficient,23,B,19.0,1, B,30.0,5, B
rehabilitation_program,22,B,7.0,1,A ,31.0,1, B
respiratory_infection,21,B,9.0,1,A ,25.0,2, B
automobile_insurance,20,B,9.0,1,A ,16.0,1, B
electronic_deception,20,B,25.0,1, B,29.333333333333332,3, B
reinforcing_stimulus,20,B,11.0,1,A ,27.0,2, B
reproductive_cloning,20,B,7.0,1,A ,24.0,1, B
hydroxybutyric_acid,19,B,11.0,1, B,23.0,1, B
myelocytic_leukemia,19,B,8.0,1,A ,24.0,2, B
reproductive_system,19,B,6.0,1,A ,23.0,2, B
thalamostriate_vein,19,B,4.0,1,A ,26.0,2, B
wedding_anniversary,19,B,11.0,1,A ,24.333333333333332,3, B
arteria_alveolaris,18,B,6.0,1,A ,22.0,2, B
bottlenose_dolphin,18,B,7.0,1,A ,24.5,2, B
chemical_mechanism,18,B,15.0,1, B,20.0,1, B
diabetes_insipidus,18,B,8.0,1,A ,28.0,1, B
linear_accelerator,18,B,11.0,1,A ,26.0,1, B
muscular_dystrophy,18,B,14.0,1, B,26.333333333333332,6, B
radiation_pressure,18,B,8.0,1,A ,25.0,1, B
serratus_posterior,18,B,8.0,1,A ,25.0,2, B
sex_characteristic,18,B,7.0,1,A ,19.333333333333332,3,A B
cerebellar_artery,17,B,6.0,1,A ,24.0,2, B
diabetes_mellitus,17,B,8.0,1,A ,13.666666666666666,3, B
diathermy_machine,17,B,17.0,1, B,25.0,2, B
ductus_arteriosus,17,B,11.0,1, B,22.0,1, B
mesenteric_artery,17,B,6.0,1,A ,24.0,2, B
progressive_tense,17,B,5.0,1,A ,16.666666666666668,3, B
radioactive_waste,17,B,19.0,1, B,25.5,2, B
relativity_theory,17,B,16.0,1, B,17.0,2, B
respiratory_tract,17,B,5.0,1,A ,21.0,2, B
arteria_gastrica,16,B,6.0,1,A ,17.666666666666668,3, B
arteria_labialis,16,B,6.0,1,A ,20.0,2, B
assisted_suicide,16,B,7.0,1,A ,25.0,1, B
body_temperature,16,B,10.0,2,A B,20.0,1, B
color_television,16,B,10.0,1,A ,31.0,1, B
conic_projection,16,B,13.0,1, B,19.0,1, B
coronoid_process,16,B,7.0,1,A ,28.0,1, B
distribution_law,16,B,3.0,1,A ,32.0,1, B
feedback_circuit,16,B,7.0,1,A ,14.0,1, B
industry_analyst,16,B,7.0,1,A ,19.0,1, B
logistic_support,16,B,7.0,1,A ,19.5,4, B
maxillary_artery,16,B,6.0,1,A ,17.5,2, B
meningeal_artery,16,B,6.0,1,A ,22.666666666666668,3, B
observation_post,16,B,4.0,1,A ,29.0,1, B
operating_system,16,B,8.0,1,A ,4.666666666666667,3,A 
potential_energy,16,B,16.0,1, B,13.0,1, B
sorbent_material,16,B,8.0,1,A ,13.0,2,A B
springer_spaniel,16,B,7.0,1,A ,17.5,2, B
tent_caterpillar,16,B,11.0,1,A ,21.0,1, B
training_program,16,B,18.0,1, B,19.5,2,A B
tuberous_begonia,16,B,7.0,1,A ,21.0,1, B
vena_circumflexa,16,B,4.0,1,A ,20.0,2, B
alveolar_artery,15,B,6.0,1,A ,22.0,2, B
cadmium_sulfide,15,B,7.0,1,A ,18.0,1, B
carline_thistle,15,B,7.0,1,A ,21.0,2, B
cerebral_artery,15,B,6.0,1,A ,19.75,4, B
double_standard,15,B,5.0,1,A ,30.0,1, B
epigastric_vein,15,B,4.0,1,A ,23.333333333333332,3, B
everlasting_pea,15,B,4.0,1,A ,16.5,2, B
finance_company,15,B,33.0,1, B,21.5,4, B
fly_honeysuckle,15,B,11.0,1,A ,19.0,1, B
geniculate_body,15,B,15.0,1, B,20.5,2, B
harmonic_motion,15,B,14.0,1, B,20.0,1, B
holding_company,15,B,7.0,1,A ,18.0,1, B
immune_response,15,B,8.0,1,A ,21.0,4, B
ladies'_tresses,15,B,6.0,1,A ,18.25,4, B
maidenhair_fern,15,B,4.0,1,A ,18.0,4, B
markup_language,15,B,11.0,1,A ,28.0,2, B
mushroom_pimple,15,B,12.0,1,A ,19.5,2, B
ophthalmic_vein,15,B,4.0,1,A ,22.0,2, B
oxybutyric_acid,15,B,11.0,1, B,23.0,1, B
pectoral_muscle,15,B,14.0,1, B,15.0,2, B
prairie_chicken,15,B,6.0,1,A ,16.333333333333332,3, B
preferred_stock,15,B,5.0,1,A ,19.0,1, B
rhomboid_muscle,15,B,14.0,1, B,20.5,2, B
savings_account,15,B,11.0,1, B,18.0,3, B
snapping_turtle,15,B,6.0,1,A ,21.5,2, B
supporting_fire,15,B,4.0,1,A ,19.0,3, B
suppressor_gene,15,B,4.0,1,A ,19.0,1, B
surface_tension,15,B,18.0,1, B,14.5,2,A B
temporal_artery,15,B,14.0,1, B,23.666666666666668,3, B
transitive_verb,15,B,4.0,1,A ,20.0,1, B
vena_pulmonalis,15,B,4.0,1,A ,21.0,2, B
carotid_artery,14,B,6.0,1,A ,20.333333333333332,3, B
charge_account,14,B,14.0,1, B,22.0,1, B
common_divisor,14,B,7.0,1,A ,21.0,1, B
data_structure,14,B,11.0,1,A ,21.0,1, B
field_strength,14,B,9.0,1,A ,21.0,1, B
gastric_artery,14,B,6.0,1,A ,17.666666666666668,3, B
grape_hyacinth,14,B,15.0,1, B,16.5,2, B
kidney_failure,14,B,10.0,2,A B,18.0,2, B
kinetic_theory,14,B,16.0,1, B,19.0,1, B
lady's_slipper,14,B,6.0,1,A ,18.428571428571427,7,A B
life_insurance,14,B,9.0,1,A ,14.333333333333334,3,A B
mariposa_tulip,14,B,15.0,1, B,17.25,4, B
matrimony_vine,14,B,5.0,1,A ,19.0,1, B
mortality_rate,14,B,4.0,1,A ,16.0,2, B
nervous_system,14,B,6.0,1,A ,26.0,2, B
primary_colour,14,B,5.0,1,A ,21.5,2, B
pulmonary_vein,14,B,4.0,1,A ,21.0,2, B
salivary_gland,14,B,13.0,1, B,14.666666666666666,3, B
saphenous_vein,14,B,4.0,1,A ,17.5,2, B
slime_mushroom,14,B,7.0,1,A ,20.0,2, B
storage_medium,14,B,6.0,1,A ,21.0,1, B
vice_president,14,B,9.0,1,A ,23.666666666666668,3, B
water_plantain,14,B,10.0,1, B,26.0,2, B
cardinal_vein,13,B,4.0,1,A ,19.666666666666668,3, B
carpet_beetle,13,B,6.0,1,A ,18.0,2, B
central_gyrus,13,B,5.0,1,A ,15.5,2, B
cerebral_vein,13,B,4.0,1,A ,19.166666666666668,6, B
common_factor,13,B,7.0,1,A ,21.0,1, B
death_benefit,13,B,7.0,1,A ,19.0,1, B
dipole_moment,13,B,6.0,1,A ,20.0,2, B
fairy_lantern,13,B,15.0,1, B,14.0,3, B
genitive_case,13,B,7.0,1,A ,19.0,1, B
heart_failure,13,B,9.5,2,A B,16.5,2, B
heart_surgery,13,B,9.0,1,A ,18.0,2, B
horned_lizard,13,B,7.0,1,A ,17.0,1, B
jumping_mouse,13,B,6.0,1,A ,18.0,1, B
labial_artery,13,B,6.0,1,A ,20.0,2, B
number_system,13,B,20.0,1, B,18.0,1, B
pitcher_plant,13,B,16.0,1, B,17.0,6, B
pocket_gopher,13,B,9.0,1, B,20.0,4, B
primary_color,13,B,5.0,1,A ,21.5,2, B
prince's_pine,13,B,4.0,1,A ,14.0,1,A 
renal_failure,13,B,10.0,2,A B,18.0,2, B
septal_defect,13,B,21.0,1, B,20.5,2, B
sex_character,13,B,7.0,1,A ,19.333333333333332,3,A B
shock_therapy,13,B,7.0,1,A ,16.333333333333332,3, B
spider_orchid,13,B,6.0,1,A ,17.0,1, B
spiny_dogfish,13,B,7.0,1,A ,19.5,2, B
spotted_fever,13,B,18.0,1, B,25.0,1, B
temporal_vein,13,B,4.0,1,A ,19.0,3, B
vena_gastrica,13,B,4.0,1,A ,13.0,2, B
voting_system,13,B,11.0,1, B,13.0,2, B
water_spaniel,13,B,7.0,1,A ,18.5,2, B
anemone_fish,12,B,10.0,1,A ,16.0,1, B
bishop's_cap,12,B,4.0,1,A ,14.5,2, B
bladder_fern,12,B,4.0,1,A ,16.0,3, B
bog_asphodel,12,B,15.0,1, B,19.0,2, B
bull_terrier,12,B,7.0,1,A ,26.0,2, B
butt_welding,12,B,7.0,1,A ,12.0,1, B
button_quail,12,B,10.0,1, B,18.0,1, B
butyric_acid,12,B,18.0,1, B,18.0,1, B
clam_chowder,12,B,7.0,1,A ,20.5,2, B
clothes_moth,12,B,6.0,1,A ,19.5,2, B
cotton_grass,12,B,5.0,1,A ,17.0,1, B
counter_tube,12,B,19.0,1, B,17.5,4, B
cricket_frog,12,B,8.0,1, B,18.5,2, B
cypress_pine,12,B,7.0,1,A ,15.5,4, B
debt_ceiling,12,B,4.0,1,A ,19.0,1, B
false_indigo,12,B,10.0,1, B,14.0,3, B
false_mallow,12,B,6.0,1,A ,13.0,1, B
fence_lizard,12,B,11.0,1, B,18.0,2, B
four_o'clock,12,B,6.0,1,A ,18.2,5, B
gastric_vein,12,B,4.0,1,A ,13.0,2, B
golden_aster,12,B,10.0,1,A ,21.0,3, B
hop_hornbeam,12,B,4.0,1,A ,18.5,2, B
iliac_artery,12,B,6.0,1,A ,18.333333333333332,3, B
indigo_snake,12,B,13.0,1, B,18.0,1, B
jugular_vein,12,B,4.0,1,A ,19.0,3, B
kangaroo_rat,12,B,9.0,1, B,14.0,1, B
lens_implant,12,B,7.0,1,A ,21.666666666666668,3, B
muscle_fiber,12,B,8.0,2,A B,17.0,2, B
nerve_ending,12,B,3.0,1,A ,15.0,3,A B
orange_juice,12,B,10.0,1, B,17.0,1, B
pinnate_leaf,12,B,12.0,1, B,14.0,4, B
pocket_mouse,12,B,9.0,1, B,17.0,4, B
poppy_mallow,12,B,6.0,1,A ,18.333333333333332,3, B
reverse_hang,12,B,4.0,1,A ,16.0,1, B
sand_verbena,12,B,10.0,1,A ,14.333333333333334,6,A B
scale_factor,12,B,10.0,1,A ,16.0,1, B
service_tree,12,B,11.0,1, B,15.0,1, B
spindle_tree,12,B,5.0,1,A ,17.0,2, B
sweet_clover,12,B,10.0,1, B,16.5,2, B
thyroid_vein,12,B,4.0,1,A ,18.333333333333332,3, B
tree_cricket,12,B,7.0,1,A ,16.0,1, B
yellow_dwarf,12,B,12.0,1, B,17.5,2, B
air_defense,11,B,7.0,1,A ,16.5,2, B
apple_jelly,11,B,5.0,1,A ,14.0,1, B
bark_beetle,11,B,6.0,1,A ,15.5,2, B
bench_press,11,B,10.0,1,A ,17.0,1, B
bird_cherry,11,B,10.0,1, B,10.5,2, B
blind_snake,11,B,5.0,1,A ,17.0,1, B
brant_goose,11,B,5.0,1,A ,16.0,1, B
bush_shrike,11,B,6.0,1,A ,23.0,1, B
colour_tube,11,B,9.0,1,A ,22.0,1, B
coral_snake,11,B,6.0,1,A ,17.333333333333332,3, B
darling_pea,11,B,8.0,1,A ,15.5,2, B
facial_vein,11,B,4.0,1,A ,18.5,2, B
female_body,11,B,9.0,1, B,15.0,1, B
file_server,11,B,15.0,1, B,21.0,2, B
flying_fish,11,B,11.0,1, B,18.0,2, B
fox_terrier,11,B,7.0,1,A ,22.0,2, B
grainy_club,11,B,15.0,1,A ,17.0,1, B
grand_piano,11,B,5.0,1,A ,10.5,2, B
grass_snake,11,B,10.0,1, B,18.0,1, B
labial_vein,11,B,4.0,1,A ,23.5,2, B
liquid_diet,11,B,4.0,1,A ,15.0,1, B
marsh_elder,11,B,10.0,1, B,17.0,1, B
memory_chip,11,B,4.0,1,A ,19.0,1, B
mother_cell,11,B,4.0,1,A ,15.0,1, B
muscle_cell,11,B,8.0,2,A B,17.0,2, B
night_heron,11,B,5.0,1,A ,23.5,2, B
prairie_dog,11,B,6.0,1,A ,19.0,2, B
price_index,11,B,5.0,1,A ,17.333333333333332,3, B
rain_forest,11,B,6.0,1,A ,18.5,2, B
rein_orchid,11,B,6.0,1,A ,16.8,5, B
shield_fern,11,B,4.0,1,A ,14.333333333333334,3, B
sore_throat,11,B,19.0,1, B,23.0,1, B
toy_spaniel,11,B,6.0,1, B,14.333333333333334,3,A B
vampire_bat,11,B,14.0,1, B,19.0,2, B
water_ouzel,11,B,6.0,1,A ,18.0,2, B
water_shrew,11,B,5.0,1,A ,19.666666666666668,3, B
witch_hazel,11,B,5.0,1,A ,17.5,2, B
wolf_spider,11,B,6.0,1,A ,18.0,1, B
woolly_bear,11,B,11.0,1,A ,14.0,1, B
arrow_arum,10,B,12.0,1, B,14.0,1, B
beech_fern,10,B,4.0,1,A ,13.5,2, B
boiled_egg,10,B,4.0,1,A ,14.0,1, B
box_turtle,10,B,6.0,1,A ,16.0,1, B
cell_death,10,B,5.0,1,A ,9.0,1,A 
chain_fern,10,B,4.0,1,A ,17.0,1, B
clean_room,10,B,4.0,1,A ,20.0,1, B
color_tube,10,B,9.0,1,A ,22.0,1, B
coral_root,10,B,6.0,1,A ,15.333333333333334,3, B
corn_salad,10,B,4.0,1,A ,15.0,1, B
crab_apple,10,B,9.0,1, B,14.5,2, B
delay_line,10,B,7.0,1,A ,20.5,2, B
globe_lily,10,B,15.0,1, B,14.0,3, B
grain_moth,10,B,9.0,1,A ,13.0,1, B
grape_fern,10,B,4.0,1,A ,14.5,4,A B
holly_fern,10,B,4.0,1,A ,16.333333333333332,3, B
horned_owl,10,B,3.0,1,A ,14.0,1, B
iliac_vein,10,B,4.0,1,A ,15.666666666666666,3, B
love_grass,10,B,5.0,1,A ,10.0,2,A B
lyre_snake,10,B,13.0,1, B,16.0,1, B
marsh_wren,10,B,4.0,1,A ,14.5,2, B
milk_vetch,10,B,10.0,1, B,14.0,3, B
mint_candy,10,B,5.0,1,A ,10.0,1,A 
reed_grass,10,B,5.0,1,A ,17.5,2, B
sand_snake,10,B,13.0,1, B,15.0,1, B
screw_pine,10,B,4.0,1,A ,16.0,1, B
screw_tree,10,B,5.0,1,A ,19.0,1, B
sea_urchin,10,B,10.0,1,A ,12.0,3, B
shrew_mole,10,B,4.0,1,A ,16.5,2, B
slime_mold,10,B,6.0,1,A ,15.0,2, B
soft_scale,10,B,11.0,1, B,14.0,1, B
spike_rush,10,B,5.0,1,A ,15.0,3, B
strap_fern,10,B,4.0,1,A ,20.0,2, B
time_scale,10,B,8.0,1,A ,15.0,2, B
vocal_cord,10,B,4.0,1,A ,13.5,2, B
vocal_fold,10,B,4.0,1,A ,13.5,2, B
white_pine,10,B,4.0,1,A ,15.4,5, B
wood_pewee,10,B,18.0,1, B,16.0,1, B
bank_loan,9,B,4.0,1,A ,12.5,2, B
box_elder,9,B,5.0,1,A ,18.0,1, B
ice_cream,9,B,13.0,1, B,15.5,6,A B
lady_fern,9,B,4.0,1,A ,14.0,1, B
male_body,9,B,9.0,1, B,13.0,1, B
nerve_end,9,B,3.0,1,A ,15.0,3,A B
rat_snake,9,B,13.0,1, B,12.0,4, B
scops_owl,9,B,3.0,1,A ,16.0,2, B
sea_robin,9,B,7.0,1,A ,15.5,2, B
seek_time,9,B,12.0,1, B,22.0,1, B
stem_cell,9,B,11.0,1, B,21.0,1, B
vena_cava,9,B,4.0,1,A ,16.0,2, B
wood_fern,9,B,4.0,1,A ,14.25,4, B
wood_mint,9,B,4.0,1,A ,13.0,2, B
arc_lamp,8,B,12.0,1, B,13.0,1, B
dry_dock,8,B,4.0,1,A ,12.0,1, B
dry_milk,8,B,4.0,1,A ,13.0,1, B
fur_seal,8,B,9.0,1, B,13.0,1, B
lip_fern,8,B,4.0,1,A ,14.666666666666666,3, B
live_oak,8,B,3.0,1,A ,12.75,4, B
oil_palm,8,B,11.0,1, B,14.5,2, B
pea_tree,8,B,5.0,1,A ,14.5,2, B
sea_lion,8,B,9.0,1, B,17.0,4, B
tax_lien,8,B,4.0,1,A ,13.0,2, B
wild_rye,8,B,5.0,1,A ,12.5,2, B
au_pair,7,B,9.0,1,A ,10.0,1, B
red_oak,7,B,3.0,1,A ,12.666666666666666,3, B
court-martial,13,A,13.0,1, B,20.5,2, B
pond-skater,11,A,8.0,1, B,17.0,1, B
in-law,6,A,8.0,1,A ,13.0,6,A 
hypercholesterolemia,20,A,7.0,1,A ,28.0,1, B
chlorofluorocarbon,18,A,11.333333333333334,3,A B,14.0,2,A 
hyperbilirubinemia,18,A,9.0,1,A ,30.0,1, B
arteriosclerosis,16,A,9.0,1,A ,20.5,2,A B
choriomeningitis,16,A,10.0,1,A ,27.0,1, B
rhabdomyosarcoma,16,A,7.0,1,A ,25.333333333333332,3, B
thrombocytopenia,16,A,12.0,1, B,25.0,1, B
afibrinogenemia,15,A,12.0,1, B,25.0,1, B
cholecystectomy,15,A,8.0,1,A ,27.0,1, B
electrophoresis,15,A,14.0,1, B,20.5,2,A B
hemochromatosis,15,A,9.0,1,A ,22.5,2, B
ultrasonography,15,A,12.0,2,A B,21.0,2, B
adenocarcinoma,14,A,9.0,1,A ,14.0,1, B
cardiomyopathy,14,A,12.0,1, B,26.0,1, B
centrifugation,14,A,14.0,1, B,19.0,1,A 
chromatography,14,A,14.0,1, B,19.5,2, B
disambiguation,14,A,13.0,1,A ,21.0,1, B
orthophosphate,14,A,4.0,1,A ,15.5,2, B
plethysmograph,14,A,19.0,1, B,19.5,2, B
pyelonephritis,14,A,21.0,1, B,20.0,2, B
rehabilitation,14,A,11.0,1,A ,24.0,3, B
thermodynamics,14,A,7.0,1,A ,13.0,1,A 
actinomycosis,13,A,8.0,1,A ,23.0,3, B
agglutination,13,A,14.0,1, B,16.0,2,A 
blastomycosis,13,A,15.0,1, B,19.0,1,A 
contamination,13,A,8.0,1,A ,17.0,1, B
elephantiasis,13,A,11.0,1,A ,20.666666666666668,3, B
epicondylitis,13,A,12.0,1,A ,11.0,1, B
expressionism,13,A,16.0,1, B,17.0,2,A B
hydrodynamics,13,A,14.0,1, B,20.0,1,A 
incorrectness,13,A,11.0,1,A ,22.0,1, B
incrimination,13,A,10.0,1,A ,18.0,1,A 
iodothyronine,13,A,13.0,1, B,17.0,1,A 
leishmaniasis,13,A,18.0,1, B,23.0,3, B
resuscitation,13,A,7.0,1,A ,28.0,1, B
rhabdosarcoma,13,A,7.0,1,A ,25.333333333333332,3, B
schizophrenia,13,A,9.0,1,A ,20.4,5,A B
transcription,13,A,20.0,1, B,18.0,2,A B
agglutinogen,12,A,7.0,1,A ,15.0,1,A 
chlorination,12,A,15.0,1, B,15.0,1,A 
claudication,12,A,19.0,1, B,24.0,1, B
commissioner,12,A,13.0,1,A ,17.25,4, B
conditioning,12,A,8.0,1,A ,17.8,5,A B
distribution,12,A,11.0,1,A ,18.666666666666668,6,A B
diverticulum,12,A,6.0,1,A ,20.0,1, B
dysmenorrhea,12,A,4.0,1,A ,20.0,2, B
encephalitis,12,A,12.0,1,A ,19.75,8,A B
endocarditis,12,A,8.0,1,A ,29.0,1, B
endonuclease,12,A,8.0,1,A ,23.0,1, B
ferrocyanide,12,A,4.0,1,A ,21.0,1, B
fibrillation,12,A,6.0,1,A ,20.5,2, B
fluorescence,12,A,5.0,1,A ,15.5,2,A 
galvanometer,12,A,5.0,1,A ,21.0,2, B
hypertension,12,A,21.0,1, B,21.25,4, B
hypochlorite,12,A,4.0,1,A ,18.5,2, B
hypogonadism,12,A,12.0,1,A ,16.5,2, B
hysterectomy,12,A,8.0,1,A ,18.0,2, B
incontinence,12,A,11.0,1,A ,8.0,1,A 
iodotyrosine,12,A,13.0,1, B,16.0,2,A 
ketoaciduria,12,A,7.0,1,A ,22.0,1, B
luminescence,12,A,5.0,1,A ,16.0,2,A 
mobilisation,12,A,8.0,1,A ,14.0,2,A B
neuroscience,12,A,12.0,1,A ,16.0,3,A B
permanganate,12,A,4.0,1,A ,21.0,1, B
polymorphism,12,A,17.0,1, B,28.0,1, B
polyneuritis,12,A,8.0,1,A ,22.0,1, B
scorpionfish,12,A,10.0,1,A ,18.0,1, B
spectrograph,12,A,12.0,1,A ,17.0,1, B
spectroscopy,12,A,16.0,1, B,18.5,2, B
thalassaemia,12,A,17.0,2, B,14.0,1, B
thermography,12,A,19.0,1, B,17.0,1,A 
transaminase,12,A,11.0,1,A ,30.0,1, B
transference,12,A,12.0,1,A ,19.0,1,A 
trigonometry,12,A,15.0,1, B,17.0,2,A B
yellowthroat,12,A,15.0,1, B,18.0,1, B
anaesthesia,11,A,17.0,1, B,16.833333333333332,6,A B
bicarbonate,11,A,9.0,1,A ,18.75,4, B
bookkeeping,11,A,11.0,1,A ,11.0,2, B
bourgeoisie,11,A,5.0,1,A ,14.0,1, B
cellularity,11,A,17.0,1, B,15.5,2,A 
certificate,11,A,8.0,1,A ,13.625,8,A B
cholesterol,11,A,6.0,1,A ,14.0,2, B
coagulation,11,A,14.0,1, B,16.5,2,A B
coefficient,11,A,8.0,1,A ,18.545454545454547,11,A B
conjunctiva,11,A,14.0,1, B,13.75,4,A B
corporation,11,A,4.0,1,A ,20.3,10,A B
denominator,11,A,7.0,1,A ,17.0,1, B
diffraction,11,A,17.0,1, B,16.0,1, B
electricity,11,A,18.0,1, B,15.571428571428571,7,A B
electrolyte,11,A,8.0,1,A ,15.0,1,A 
enterotoxin,11,A,9.0,1,A ,25.0,1, B
gametophyte,11,A,5.0,1,A ,15.5,2,A 
haemangioma,11,A,7.0,1,A ,20.0,1, B
haemophilia,11,A,15.0,2, B,14.666666666666666,3, B
honeysuckle,11,A,5.0,1,A ,16.642857142857142,14,A B
hyperemesis,11,A,5.0,1,A ,21.0,1, B
hyperplasia,11,A,9.0,1,A ,26.0,1, B
hypotension,11,A,21.0,1, B,22.0,1, B
ichthyosaur,11,A,9.0,1,A ,13.5,2,A 
immunoassay,11,A,8.0,1,A ,16.0,1,A 
legislation,11,A,8.0,1, B,24.5,2, B
libertarian,11,A,8.0,1,A ,17.5,2, B
lipoprotein,11,A,17.0,1, B,23.333333333333332,3, B
lithography,11,A,20.0,1, B,16.666666666666668,3,A B
loosestrife,11,A,8.0,1,A ,13.0,2, B
multiplexer,11,A,16.0,1, B,15.0,1, B
mutagenesis,11,A,5.0,1,A ,22.0,1, B
neutropenia,11,A,10.0,1,A ,17.0,1, B
observation,11,A,11.0,1,A ,16.0,1, B
perchloride,11,A,8.0,1,A ,15.0,1, B
personality,11,A,9.0,1,A ,17.714285714285715,7,A B
pollination,11,A,13.0,1,A ,16.5,2,A 
progression,11,A,6.0,1,A ,20.0,3, B
progressive,11,A,5.0,1,A ,16.666666666666668,3, B
radiography,11,A,11.0,1,A ,15.0,1,A 
rattlesnake,11,A,8.0,1, B,14.909090909090908,11,A B
reformation,11,A,11.0,1,A ,18.0,1,A 
reservation,11,A,22.0,1, B,12.5,2,A B
retinopathy,11,A,10.0,1, B,19.0,1, B
screwdriver,11,A,8.0,1, B,20.333333333333332,3, B
spondylitis,11,A,12.0,1,A ,21.0,1, B
stickleback,11,A,16.0,1, B,22.0,2, B
stockholder,11,A,8.0,1,A ,19.0,1, B
stringybark,11,A,10.0,1,A ,16.0,1, B
subornation,11,A,11.0,1,A ,20.0,1, B
thalassemia,11,A,17.0,2, B,14.0,1, B
thermometer,11,A,19.0,1, B,17.318181818181817,22,A B
thimbleweed,11,A,7.0,1,A ,20.0,2, B
transformer,11,A,16.0,1, B,13.4,5,A B
transfusion,11,A,9.0,1,A ,19.0,1, B
ultramarine,11,A,7.0,1,A ,10.0,1, B
accountant,10,A,14.0,1,A ,14.333333333333334,6,A B
agglutinin,10,A,8.0,1,A ,13.0,1,A 
amenorrhea,10,A,7.0,1,A ,18.0,2, B
anesthesia,10,A,17.0,1, B,16.833333333333332,6,A B
basketball,10,A,9.0,1, B,22.0,1, B
battleship,10,A,7.0,1,A ,13.5,2,A B
bellflower,10,A,4.0,1,A ,13.333333333333334,12,A B
bottlenose,10,A,7.0,1,A ,24.5,2, B
bronchitis,10,A,18.0,1, B,15.0,2,A B
cankerworm,10,A,11.0,1,A ,15.0,2, B
capitalism,10,A,13.0,1, B,17.0,1, B
censorship,10,A,19.0,1,A ,18.0,2, B
cephalitis,10,A,12.0,1,A ,19.75,8,A B
chachalaca,10,A,16.0,1, B,15.0,1, B
chemotaxis,10,A,5.0,1,A ,18.0,2, B
childbirth,10,A,11.0,1,A ,14.666666666666666,3, B
chimpanzee,10,A,8.0,1, B,16.5,4, B
colloquium,10,A,10.0,1,A ,18.0,1, B
competence,10,A,7.0,1,A ,12.666666666666666,3,A B
compressor,10,A,16.0,1, B,12.5,2,A B
conspiracy,10,A,9.0,1,A ,19.0,1, B
cottonwood,10,A,6.0,1,A ,15.666666666666666,3, B
definition,10,A,11.0,1,A ,18.428571428571427,7,A B
department,10,A,8.0,1,A ,15.0,6,A B
deposition,10,A,9.0,1,A ,13.5,4,A 
dermatitis,10,A,6.0,1,A ,15.0,9,A B
dictionary,10,A,8.0,1,A ,16.5,8,A B
dyskinesia,10,A,15.0,1, B,17.0,1, B
epicondyle,10,A,7.0,1,A ,17.0,1, B
estimation,10,A,18.0,1, B,12.0,1,A 
evangelism,10,A,6.0,1,A ,13.0,1,A 
evangelist,10,A,8.0,1,A ,13.0,1,A 
experiment,10,A,18.0,1, B,15.75,4,A B
fettuccine,10,A,5.0,1,A ,17.0,1, B
fontanelle,10,A,7.0,1,A ,18.0,2, B
formatting,10,A,11.0,1,A ,19.5,2, B
gayfeather,10,A,10.0,1,A ,16.0,2, B
geneticist,10,A,9.0,1,A ,14.0,1,A 
government,10,A,6.0,1,A ,12.4375,16,A B
gravimeter,10,A,19.0,1, B,13.5,2,A 
handedness,10,A,9.0,1,A ,14.666666666666666,3,A 
helicopter,10,A,21.0,1, B,15.25,4,A B
hemangioma,10,A,7.0,1,A ,20.0,1, B
hemoglobin,10,A,11.0,1,A ,13.0,1,A 
hemophilia,10,A,15.0,2, B,14.666666666666666,3, B
hydrometer,10,A,19.0,1, B,13.5,2,A 
illiterate,10,A,9.0,1,A ,15.0,2,A B
immunology,10,A,8.0,1,A ,15.0,2,A 
indictment,10,A,13.0,1, B,10.0,2, B
infarction,10,A,9.0,1,A ,20.0,1, B
infinitive,10,A,4.0,1,A ,15.0,1, B
interferon,10,A,9.0,1,A ,15.666666666666666,3,A 
jackrabbit,10,A,4.0,1,A ,20.5,2, B
keratotomy,10,A,12.0,1, B,16.0,1, B
kingfisher,10,A,15.0,1, B,14.666666666666666,3,A B
laboratory,10,A,9.0,1,A ,12.25,4, B
liberalism,10,A,20.0,1, B,13.0,1,A 
lieutenant,10,A,27.0,1, B,14.666666666666666,3,A B
lithograph,10,A,5.0,1,A ,15.0,1,A 
litigation,10,A,10.0,1,A ,16.0,2, B
locomotive,10,A,21.0,1, B,11.454545454545455,11,A B
magistrate,10,A,5.0,1,A ,14.0,2,A B
maidenhair,10,A,4.0,1,A ,18.0,4, B
masquerade,10,A,5.0,1,A ,10.0,1, B
mastectomy,10,A,8.0,1,A ,19.333333333333332,3, B
masterwort,10,A,4.0,1,A ,17.0,1, B
mayonnaise,10,A,8.0,1,A ,15.0,1, B
meadowlark,10,A,14.0,1, B,17.0,2, B
meningitis,10,A,17.0,1, B,18.25,4,A B
metabolism,10,A,14.0,1, B,15.666666666666666,3,A 
metallurgy,10,A,7.0,1,A ,16.0,1, B
microphone,10,A,26.0,1, B,13.8,5,A B
microscope,10,A,9.0,1,A ,14.333333333333334,3,A B
microscopy,10,A,8.0,1,A ,20.666666666666668,3, B
multimedia,10,A,12.0,1,A ,10.0,1,A 
navigation,10,A,8.0,1,A ,16.0,3, B
neuropathy,10,A,9.0,1,A ,20.666666666666668,3,A B
nightshade,10,A,10.0,1, B,12.0,8,A B
odontalgia,10,A,4.0,1,A ,13.0,1,A 
ophthalmia,10,A,14.0,1,A ,20.0,1, B
oscillator,10,A,9.0,1,A ,16.0,2, B
participle,10,A,4.0,1,A ,15.5,2, B
pectoralis,10,A,14.0,1, B,15.0,2, B
peroxidase,10,A,7.0,1,A ,21.0,2, B
photometer,10,A,19.0,1, B,17.0,1,A 
photometry,10,A,11.0,1,A ,14.0,1,A 
pikeblenny,10,A,13.0,1, B,20.0,1, B
pityriasis,10,A,10.0,1,A ,12.333333333333334,3,A B
polymerase,10,A,6.0,1,A ,15.333333333333334,3,A B
polynomial,10,A,8.0,1,A ,12.4,5,A B
positivist,10,A,18.0,1, B,17.0,1, B
propulsion,10,A,5.0,1,A ,17.5,2, B
psychology,10,A,7.0,1,A ,19.2,10,A B
publishing,10,A,20.0,1, B,13.75,4,A B
quantifier,10,A,4.0,1,A ,21.0,1, B
radiometer,10,A,5.0,1,A ,14.666666666666666,3,A B
refraction,10,A,18.0,1, B,16.0,1, B
reinforcer,10,A,11.0,1,A ,27.0,2, B
relativity,10,A,16.0,1, B,17.0,2, B
resolution,10,A,8.0,1,A ,15.0,1, B
revolution,10,A,6.0,1,A ,16.5,2, B
rhinoceros,10,A,16.0,1, B,15.5,4, B
sabbatical,10,A,5.0,1,A ,14.0,1, B
salamander,10,A,9.0,1,A ,14.666666666666666,21,A B
sandgrouse,10,A,15.0,1, B,18.333333333333332,3, B
scallopini,10,A,4.0,1,A ,14.0,1, B
separatist,10,A,8.0,1,A ,15.0,1, B
settlement,10,A,4.0,1,A ,15.0,3,A B
shearwater,10,A,6.0,1,A ,14.0,1, B
snapdragon,10,A,6.0,1,A ,20.333333333333332,3, B
sneezeweed,10,A,4.0,1,A ,13.0,3,A B
sonography,10,A,12.0,2,A B,21.0,2, B
spittlebug,10,A,17.0,1, B,14.5,4,A B
spleenwort,10,A,4.0,1,A ,15.909090909090908,11, B
sporangium,10,A,21.0,1, B,14.2,5,A 
sporophyll,10,A,4.0,1,A ,14.5,2,A 
stomatitis,10,A,12.0,1,A ,19.0,1, B
strategist,10,A,7.0,1,A ,16.0,1, B
suksdorfia,10,A,4.0,1,A ,16.0,1, B
technology,10,A,10.5,2,A ,18.857142857142858,7, B
thrombosis,10,A,9.0,1,A ,14.75,4,A B
toothbrush,10,A,6.5,2,A ,18.0,1, B
trajectory,10,A,20.0,1, B,12.0,2,A 
transistor,10,A,19.0,1, B,18.5,2, B
transitive,10,A,4.0,1,A ,20.0,1, B
tripletail,10,A,11.0,1, B,17.5,2, B
tuberosity,10,A,7.0,1,A ,17.0,1, B
turpentine,10,A,9.0,1,A ,15.0,1, B
twinflower,10,A,8.0,1,A ,18.0,1, B
urethritis,10,A,21.0,1, B,22.0,2, B
watercress,10,A,5.0,1,A ,15.0,4, B
wheatgrass,10,A,5.0,1,A ,16.333333333333332,6, B
wheelchair,10,A,5.0,1,A ,14.0,2, B
willowherb,10,A,4.0,1,A ,11.5,2,A B
yellowlegs,10,A,9.0,1,A ,16.5,2, B
absconder,9,A,8.0,1,A ,14.0,1, B
acanthoma,9,A,5.0,1,A ,15.0,1,A 
addiction,9,A,17.0,1, B,13.0,1, B
adjective,9,A,8.0,1,A ,13.8,5,A B
albuginea,9,A,5.0,1,A ,13.5,2,A B
algorithm,9,A,4.0,1,A ,11.5,2,A B
alkalosis,9,A,9.0,1,A ,19.0,2, B
allamanda,9,A,4.0,1,A ,15.0,1, B
anatomist,9,A,6.0,1,A ,14.0,3,A B
angiogram,9,A,13.0,1,A ,14.0,1,A 
anhydride,9,A,8.0,1,A ,16.0,2, B
arbitrage,9,A,9.0,1,A ,13.0,1, B
arteritis,9,A,12.0,1,A ,15.5,4,A B
arthritis,9,A,19.0,1, B,13.25,4,A B
astrocyte,9,A,13.0,1,A ,18.5,2, B
automatic,9,A,13.0,2, B,17.0,2, B
ballerina,9,A,12.0,1, B,14.0,1, B
bandicoot,9,A,9.0,1,A ,21.0,1, B
barometer,9,A,19.0,1, B,13.25,4,A B
barracuda,9,A,16.0,1, B,14.0,1, B
bedspread,9,A,10.0,1,A ,12.0,2,A B
blackbird,9,A,14.0,1, B,11.75,4,A B
blindness,9,A,16.0,1, B,12.0,5,A B
booklouse,9,A,18.0,1, B,15.0,1, B
bowerbird,9,A,6.0,1,A ,14.0,2, B
breakfast,9,A,4.0,1,A ,17.0,2, B
brokerage,9,A,33.0,1, B,13.5,2, B
buttercup,9,A,4.0,1,A ,14.833333333333334,6, B
butterfly,9,A,19.0,1, B,8.666666666666666,6,A B
capacitor,9,A,16.0,1, B,10.75,4,A B
carbamate,9,A,4.0,1,A ,17.0,1, B
carbonate,9,A,4.0,1,A ,16.0,6,A B
carcinoma,9,A,6.0,1,A ,13.125,16,A B
cartilage,9,A,12.0,1, B,12.6,5,A B
casserole,9,A,4.0,1,A ,16.0,1, B
catalogue,9,A,4.0,1,A ,12.0,4,A B
catalysis,9,A,15.0,1, B,13.0,1,A 
cellulose,9,A,14.0,1,A ,14.5,4,A B
centipede,9,A,9.0,1,A ,14.0,1, B
chemistry,9,A,14.0,1, B,15.181818181818182,11,A B
chickadee,9,A,8.0,1,A ,19.0,2, B
chromatin,9,A,13.0,1, B,12.0,1, B
cockroach,9,A,19.0,1, B,16.4,5, B
columnist,9,A,10.0,1,A ,18.0,1, B
comforter,9,A,12.0,1,A ,14.0,1, B
commander,9,A,15.0,1, B,21.75,4, B
communion,9,A,6.0,1,A ,14.0,1,A 
converter,9,A,6.0,1,A ,16.833333333333332,6, B
coonhound,9,A,5.0,1,A ,14.5,2,A B
cordgrass,9,A,5.0,1,A ,14.5,2, B
crabgrass,9,A,5.0,1,A ,14.0,3, B
cranberry,9,A,5.0,1,A ,14.0,3,A B
credulity,9,A,5.0,1,A ,13.0,1,A 
crocodile,9,A,18.0,1, B,16.0,3, B
curettage,9,A,9.0,1,A ,16.0,1, B
cytopenia,9,A,12.0,1, B,13.5,2,A 
daisybush,9,A,5.0,1,A ,13.5,2,A B
dandelion,9,A,4.0,1,A ,15.5,2, B
deduction,9,A,9.0,1,A ,12.0,3,A B
dentition,9,A,6.0,1,A ,19.0,1, B
destroyer,9,A,7.0,1,A ,13.5,2, B
detergent,9,A,12.0,1, B,17.666666666666668,3, B
diagnosis,9,A,11.0,1,A ,12.333333333333334,3,A B
dichromat,9,A,17.0,1, B,18.0,1, B
diplomacy,9,A,11.0,1,A ,13.75,4,A B
distemper,9,A,13.0,1, B,15.0,2, B
drumstick,9,A,7.0,1,A ,9.5,2, B
dysentery,9,A,17.0,1, B,13.0,2,A B
dystrophy,9,A,14.0,1, B,26.333333333333332,6, B
earthball,9,A,6.0,1,A ,19.0,3, B
economics,9,A,13.0,1, B,13.4,5,A B
economist,9,A,15.0,1, B,13.0,4,A 
enteritis,9,A,12.0,1,A ,20.0,1, B
etymology,9,A,7.0,1,A ,13.0,1, B
footprint,9,A,4.0,1,A ,17.0,1, B
fullerene,9,A,6.0,1,A ,17.0,2,A B
fulminate,9,A,4.0,1,A ,16.0,1, B
gallinule,9,A,11.0,1, B,12.666666666666666,3,A B
gardening,9,A,7.0,1,A ,13.666666666666666,3,A B
gastritis,9,A,12.0,1,A ,15.0,2, B
geography,9,A,12.0,1, B,14.666666666666666,3,A B
geologist,9,A,9.0,1,A ,13.666666666666666,3,A B
glossitis,9,A,12.0,1,A ,16.0,3, B
goldenrod,9,A,10.0,1,A ,14.75,16,A B
greenling,9,A,11.0,1,A ,14.5,2, B
hackberry,9,A,4.0,1,A ,14.666666666666666,3,A B
hellebore,9,A,15.0,1, B,14.0,1, B
hepatitis,9,A,14.5,2, B,14.0,2, B
hierarchy,9,A,6.0,1,A ,13.0,3,A B
horehound,9,A,4.0,1,A ,15.0,1, B
horsetail,9,A,8.0,1, B,14.5,6, B
hydrangea,9,A,5.0,1,A ,13.0,8,A B
hydroxide,9,A,8.0,1,A ,14.4,5,A B
inflation,9,A,15.0,1, B,14.5,4,A B
influenza,9,A,17.5,2, B,14.0,2, B
injection,9,A,9.0,1,A ,17.0,1, B
insurance,9,A,8.0,1,A ,15.285714285714286,14,A B
intensity,9,A,9.0,1,A ,13.333333333333334,6,A B
interface,9,A,7.0,1,A ,18.0,1, B
interview,9,A,13.0,1,A ,15.0,2, B
inventory,9,A,4.0,1,A ,14.0,1, B
keratosis,9,A,11.0,1, B,16.5,6,A B
kraurosis,9,A,7.0,1,A ,15.0,1, B
lightning,9,A,22.0,1, B,13.0,2,A B
lipectomy,9,A,14.0,1, B,11.0,1,A 
lithiasis,9,A,9.0,1,A ,14.666666666666666,3,A 
lithotomy,9,A,8.0,1,A ,14.0,1,A 
logarithm,9,A,8.0,1,A ,15.5,2, B
macadamia,9,A,7.0,1, B,15.333333333333334,3, B
magnetism,9,A,10.0,1,A ,14.6,5,A 
manzanita,9,A,5.0,1,A ,15.333333333333334,3, B
marmalade,9,A,8.0,1,A ,15.0,1, B
masochism,9,A,14.0,1, B,13.0,1,A 
mastodont,9,A,12.0,1,A ,16.0,1, B
mechanics,9,A,7.0,1,A ,11.428571428571429,7,A B
mechanism,9,A,15.0,1, B,20.0,1, B
merganser,9,A,7.0,1, B,13.2,5,A B
mistletoe,9,A,14.0,1, B,17.0,1, B
molluscum,9,A,11.0,1, B,20.0,1, B
mythology,9,A,10.0,1,A ,16.0,2, B
myxovirus,9,A,11.0,1, B,13.5,2,A 
nephritis,9,A,13.0,1, B,18.0,1,A 
neuralgia,9,A,4.0,1,A ,13.5,2,A B
nystagmus,9,A,11.0,1, B,21.666666666666668,3, B
orchestra,9,A,19.0,1, B,16.0,3, B
pathology,9,A,14.0,1, B,14.0,1,A 
pensioner,9,A,11.0,1,A ,16.0,1, B
peripatus,9,A,9.0,1,A ,27.0,1, B
persimmon,9,A,9.0,1, B,14.0,3, B
phalarope,9,A,9.0,1,A ,15.333333333333334,3, B
philately,9,A,10.0,1,A ,13.0,1,A 
phlebitis,9,A,12.0,1,A ,16.0,1,A 
phosphate,9,A,4.0,1,A ,15.5,2, B
physicist,9,A,9.0,1,A ,11.0,5,A B
plutonium,9,A,15.0,1, B,12.0,1, B
pneumonia,9,A,18.0,1, B,15.5,6,A B
poisoning,9,A,17.0,1, B,15.583333333333334,12,A B
pollution,9,A,15.0,2,A B,17.166666666666668,6, B
polyester,9,A,14.0,1, B,14.0,1, B
porcupine,9,A,6.0,1,A ,17.0,2, B
pregnancy,9,A,17.0,1, B,10.714285714285714,7,A B
professor,9,A,11.0,1,A ,16.2,5, B
propeller,9,A,16.0,1, B,15.0,3,A B
pussytoes,9,A,4.0,1,A ,18.5,4, B
pyrometer,9,A,11.0,1,A ,16.75,4, B
quartette,9,A,19.0,1, B,15.0,2, B
raspberry,9,A,11.0,1, B,12.142857142857142,7,A B
rattlebox,9,A,4.0,1,A ,16.0,2, B
rectifier,9,A,16.0,1, B,13.0,2,A B
reductase,9,A,6.0,1,A ,16.0,1, B
rehearsal,9,A,8.0,1,A ,12.333333333333334,3,A B
resection,9,A,9.0,1,A ,35.0,1, B
resonance,9,A,18.0,1, B,16.5,2, B
retinitis,9,A,12.0,1,A ,15.0,1,A 
retriever,9,A,11.0,1, B,19.0,5, B
safranine,9,A,3.0,1,A ,15.0,1,A 
sapsucker,9,A,10.0,1,A ,22.0,2, B
saxifrage,9,A,4.0,1,A ,16.285714285714285,7, B
schnauzer,9,A,7.0,1,A ,16.333333333333332,3, B
sclerosis,9,A,9.0,1,A ,18.4,5,A B
semantics,9,A,11.0,1,A ,13.75,4,A B
socialism,9,A,20.0,1, B,13.0,3,A B
spadefoot,9,A,4.0,1,A ,16.0,3, B
speedwell,9,A,6.0,1,A ,16.333333333333332,6, B
sphincter,9,A,6.0,1,A ,21.125,8, B
spoonbill,9,A,10.0,1, B,15.5,2, B
sporophyl,9,A,4.0,1,A ,14.5,2,A 
statesman,9,A,10.0,1,A ,13.0,3,A B
stinkhorn,9,A,6.0,1,A ,13.5,4, B
sublimate,9,A,3.0,1,A ,16.0,1, B
submarine,9,A,11.0,1,A ,19.75,4,A B
sulfonate,9,A,4.0,1,A ,21.0,1,A 
sunflower,9,A,6.0,1,A ,16.0,7, B
synovitis,9,A,12.0,1,A ,13.0,1,A 
synthesis,9,A,15.0,1, B,13.666666666666666,3,A 
tamponade,9,A,11.0,1,A ,16.0,1, B
telephone,9,A,19.0,1, B,10.428571428571429,7,A B
telescope,9,A,9.0,1,A ,14.4,5,A B
terrorism,9,A,6.0,1,A ,16.09090909090909,11,A B
tomograph,9,A,12.0,1, B,33.5,2, B
trimester,9,A,10.0,1, B,14.333333333333334,3, B
turnstone,9,A,6.0,1,A ,14.0,2, B
underwing,9,A,11.0,1, B,12.0,1, B
ventricle,9,A,6.0,1,A ,15.0,3, B
voltmeter,9,A,5.0,1,A ,16.5,2,A B
whipsnake,9,A,13.0,1, B,14.666666666666666,3,A B
wolfhound,9,A,5.0,1,A ,10.0,2,A B
worshiper,9,A,7.0,1,A ,13.0,1, B
xeroderma,9,A,10.0,1,A ,20.0,1, B
abortion,8,A,11.0,1,A ,17.0,2, B
acidosis,8,A,9.0,1,A ,16.5,4,A B
actuator,8,A,9.0,1,A ,14.0,1, B
additive,8,A,8.0,1,A ,10.0,2,A B
adductor,8,A,14.0,1, B,22.5,4, B
adjutant,8,A,15.0,1, B,15.0,1, B
agrimony,8,A,4.0,1,A ,14.0,2,A B
aldehyde,8,A,15.0,1, B,10.428571428571429,7,A 
alizarin,8,A,7.0,1,A ,15.0,1, B
alopecia,8,A,8.0,1,A ,14.0,1, B
alphabet,8,A,9.0,2,A B,13.5,8,A B
anaerobe,8,A,8.0,1,A ,16.0,1, B
analysis,8,A,13.0,1,A ,12.857142857142858,7,A B
aneurysm,8,A,21.0,1, B,17.25,4, B
angelica,8,A,4.0,1,A ,13.0,2, B
anorexia,8,A,14.0,1, B,15.0,1, B
aortitis,8,A,12.0,1,A ,17.0,1, B
asphodel,8,A,15.0,1, B,10.5,2, B
bacillus,8,A,10.0,1,A ,15.666666666666666,3, B
backhand,8,A,6.0,1,A ,18.0,1, B
baldness,8,A,12.0,1,A ,15.0,2,A B
barberry,8,A,5.0,1,A ,15.333333333333334,3, B
barnacle,8,A,10.0,1,A ,13.0,2, B
benzoate,8,A,4.0,1,A ,14.0,1, B
bindweed,8,A,4.0,1,A ,13.0,2, B
blockade,8,A,14.0,1, B,9.0,2,A B
bobwhite,8,A,5.0,1,A ,16.0,1, B
bollworm,8,A,11.0,1,A ,11.5,2, B
brodiaea,8,A,15.0,1, B,15.0,1, B
bulletin,8,A,6.0,1,A ,15.5,2, B
buttress,8,A,7.0,1,A ,14.0,1, B
butylene,8,A,3.0,1,A ,11.5,2,A 
calamint,8,A,4.0,1,A ,16.666666666666668,3, B
calendar,8,A,11.0,1,A ,14.333333333333334,3, B
campaign,8,A,4.0,1,A ,14.0,2, B
caracara,8,A,6.0,1,A ,12.5,2,A B
carditis,8,A,12.0,1,A ,14.25,4,A B
carotene,8,A,10.0,1,A ,13.0,1,A 
cassette,8,A,9.0,1,A ,13.0,2,A 
cataract,8,A,10.0,1, B,19.666666666666668,3, B
centaury,8,A,6.0,1,A ,13.833333333333334,6,A B
centesis,8,A,8.0,1,A ,14.166666666666666,6,A B
chairman,8,A,16.0,1, B,11.0,2, B
chaplain,8,A,9.0,1,A ,15.333333333333334,3, B
chloride,8,A,8.0,1,A ,12.3,10,A B
chlorine,8,A,8.333333333333334,3,A B,13.0,1,A 
chromate,8,A,4.0,1,A ,12.0,1, B
clarinet,8,A,21.0,1, B,12.0,3, B
clotting,8,A,14.0,1, B,16.5,2,A B
cockatoo,8,A,6.0,1,A ,17.5,2, B
collider,8,A,11.0,1,A ,21.333333333333332,3, B
computer,8,A,7.0,1,A ,11.2,10,A B
concerto,8,A,14.0,1, B,14.0,1, B
concrete,8,A,11.0,2,A B,12.0,2,A B
contract,8,A,16.0,1, B,14.357142857142858,28,A B
crowding,8,A,9.0,1,A ,10.0,1,A 
cyanosis,8,A,7.0,1,A ,12.0,1,A 
daiquiri,8,A,8.0,1,A ,15.0,2, B
daughter,8,A,15.0,1, B,16.0,1, B
deadbeat,8,A,6.0,1,A ,11.0,1, B
deafness,8,A,17.0,1, B,11.5,2,A B
delegate,8,A,14.0,1,A ,17.0,1, B
delusion,8,A,18.0,1, B,16.166666666666668,6,A B
detector,8,A,6.0,1,A ,13.75,4, B
dewberry,8,A,10.0,1,A ,15.4,5, B
diabetes,8,A,17.0,1, B,16.5,2, B
dialysis,8,A,16.0,1, B,10.5,2,A 
dialyzer,8,A,17.0,1, B,16.0,1, B
dividend,8,A,9.0,1, B,12.25,4,A B
dressing,8,A,5.0,1,A ,15.25,12,A B
duckweed,8,A,12.0,1, B,11.6,5,A B
easement,8,A,11.0,1,A ,12.0,2, B
election,8,A,4.0,1,A ,9.8,5,A B
electron,8,A,6.0,1,A ,12.0,4,A B
elephant,8,A,10.5,2,A ,12.0,5,A B
elevator,8,A,13.0,1, B,12.0,3,A B
emissary,8,A,14.0,1,A ,6.0,1,A 
engineer,8,A,6.0,1,A ,14.461538461538462,13,A B
envelope,8,A,9.0,1,A ,14.0,1, B
epilepsy,8,A,13.0,1, B,16.636363636363637,11, B
equation,8,A,21.0,1, B,18.285714285714285,7, B
eruption,8,A,9.0,1,A ,15.0,1, B
erythema,8,A,12.0,1,A ,10.8,5,A B
ethylene,8,A,4.5,2,A ,17.0,1,A 
exchange,8,A,18.0,1, B,21.0,1, B
exposure,8,A,13.0,1,A ,9.5,2,A 
feedback,8,A,14.0,1, B,16.0,2, B
fenestra,8,A,7.0,1,A ,14.5,2, B
fibrosis,8,A,9.0,1,A ,13.5,2,A B
fluoride,8,A,6.0,1,A ,16.5,4, B
flywheel,8,A,8.0,1,A ,13.0,1, B
follicle,8,A,7.0,1,A ,14.0,2, B
fontanel,8,A,7.0,1,A ,18.0,2, B
football,8,A,10.5,2, B,11.75,4,A B
forecast,8,A,10.0,1,A ,16.0,2, B
fountain,8,A,9.0,1,A ,16.0,1, B
foxglove,8,A,4.0,1,A ,14.0,2, B
foxhound,8,A,5.0,1,A ,14.0,3, B
fracture,8,A,6.0,1,A ,16.545454545454547,11, B
freetail,8,A,14.0,1, B,9.5,2, B
gangrene,8,A,9.0,1,A ,11.0,2, B
gasoline,8,A,7.5,2,A ,12.0,3,A B
genetics,8,A,7.0,1,A ,12.6,5,A B
genitive,8,A,7.0,1,A ,19.0,1, B
genomics,8,A,8.0,1,A ,18.0,2, B
geometry,8,A,15.0,1, B,16.11111111111111,9, B
geranium,8,A,4.0,1,A ,11.571428571428571,7,A B
glaucoma,8,A,10.0,1, B,16.333333333333332,3, B
globulin,8,A,13.0,1, B,11.2,5,A B
goatfish,8,A,6.0,1,A ,12.5,2, B
gradient,8,A,6.0,1,A ,18.333333333333332,3, B
grosbeak,8,A,5.0,1,A ,11.666666666666666,3,A B
handling,8,A,11.0,1, B,11.0,3,A B
hidrosis,8,A,13.0,1, B,13.0,1,A 
hornbeam,8,A,4.0,1,A ,16.0,2, B
hypnosis,8,A,18.0,1, B,13.0,1,A 
hysteria,8,A,5.0,1,A ,11.5,2,A B
identity,8,A,11.0,1,A ,12.666666666666666,3,A B
industry,8,A,20.0,1, B,14.703703703703704,27,A B
integral,8,A,11.0,1,A ,17.0,2, B
jaundice,8,A,7.0,1,A ,15.5,2,A B
kangaroo,8,A,9.0,1,A ,10.75,4,A B
keyboard,8,A,6.0,1,A ,15.666666666666666,3, B
kingbird,8,A,18.0,1, B,14.75,4, B
knapweed,8,A,8.0,1,A ,14.0,4, B
lacewing,8,A,11.0,1,A ,13.0,2, B
lactogen,8,A,5.0,1,A ,9.0,1,A 
landfill,8,A,7.0,1,A ,16.0,1, B
laureate,8,A,7.0,1,A ,10.0,2,A B
lavender,8,A,5.0,1,A ,14.0,3, B
leukemia,8,A,6.0,1,A ,17.0,6, B
ligament,8,A,16.0,1, B,20.5,2, B
ligation,8,A,5.0,1,A ,13.0,1, B
lobotomy,8,A,13.0,1,A ,20.0,1, B
locoweed,8,A,6.0,1,A ,14.0,1, B
lorikeet,8,A,4.0,1,A ,14.5,2, B
luxation,8,A,5.0,1,A ,11.0,1,A 
macaroon,8,A,6.0,1,A ,11.0,2,A B
mackerel,8,A,13.0,1, B,14.5,2, B
mahogany,8,A,4.0,1,A ,16.0,2, B
manifold,8,A,4.0,1,A ,14.0,3, B
marigold,8,A,6.0,1,A ,14.5,2, B
mariposa,8,A,15.0,1, B,17.25,4, B
marmoset,8,A,14.0,1, B,10.666666666666666,3,A B
mastodon,8,A,12.0,1,A ,16.0,1, B
mealybug,8,A,12.0,1, B,16.666666666666668,3, B
meatball,8,A,4.0,1,A ,14.0,2, B
mesoderm,8,A,9.0,1, B,12.0,2,A 
mesquite,8,A,5.0,1,A ,10.333333333333334,3,A B
metaphor,8,A,5.0,1,A ,14.666666666666666,3, B
military,8,A,5.0,1,A ,15.0,1, B
milkweed,8,A,4.0,1,A ,13.2,10, B
mongoose,8,A,9.0,1,A ,11.5,2,A B
monogamy,8,A,8.0,1,A ,11.0,2,A B
monoxide,8,A,5.0,1,A ,14.0,1, B
moonseed,8,A,4.0,1,A ,15.0,2, B
morphine,8,A,7.5,2,A ,11.0,1,A 
mortgage,8,A,16.0,1, B,14.0,3, B
mosquito,8,A,15.0,1, B,14.714285714285714,7,A B
muishond,8,A,6.0,1,A ,11.0,3,A B
mulberry,8,A,9.0,1, B,12.333333333333334,3, B
multiple,8,A,7.0,1,A ,10.25,4,A B
muteness,8,A,9.0,1,A ,11.0,1,A 
myositis,8,A,12.0,1,A ,14.75,4,A B
myotonia,8,A,8.0,1,A ,14.5,2,A B
naphthol,8,A,6.0,1,A ,13.5,2,A 
narcosis,8,A,15.0,1,A ,16.0,1, B
neckline,8,A,4.0,1,A ,9.5,2,A B
necrosis,8,A,5.0,1,A ,11.0,1,A 
neuritis,8,A,12.0,1,A ,15.5,2,A B
neurosis,8,A,14.0,1, B,11.5,2,A B
nothings,8,A,12.0,1,A ,13.0,1, B
nuclease,8,A,6.0,1,A ,11.5,2,A 
nuisance,8,A,9.0,1,A ,15.2,5, B
nuthatch,8,A,6.0,1,A ,19.333333333333332,3, B
operator,8,A,8.0,1,A ,11.0,2,A B
osteitis,8,A,12.0,1,A ,13.5,2,A B
overhaul,8,A,4.0,1,A ,15.0,1, B
palmetto,8,A,7.0,1, B,15.0,1, B
parakeet,8,A,6.0,1,A ,15.0,3,A B
parallax,8,A,17.0,1, B,19.0,2, B
pearlite,8,A,15.0,1, B,16.0,1, B
pectoral,8,A,14.0,1, B,15.0,2, B
pendulum,8,A,9.0,1,A ,13.75,4,A B
pheresis,8,A,8.0,1,A ,15.0,2,A 
pinscher,8,A,8.0,1,A ,12.666666666666666,3,A B
pipefish,8,A,11.0,1, B,12.666666666666666,3,A B
plantain,8,A,4.0,1,A ,14.0,6,A B
pleurisy,8,A,19.0,1, B,15.5,2,A B
polypody,8,A,4.0,1,A ,12.2,5,A B
pondweed,8,A,12.0,1, B,16.6,5, B
postcard,8,A,4.0,1,A ,12.5,2,A B
precinct,8,A,12.0,1, B,14.0,2, B
pressure,8,A,18.0,1, B,12.545454545454545,11,A B
princess,8,A,10.0,1,A ,11.25,4,A B
procaine,8,A,15.0,1, B,21.0,1, B
protocol,8,A,4.0,1,A ,29.8,5, B
pruritus,8,A,4.0,1,A ,12.5,2, B
puffball,8,A,6.0,1,A ,13.0,1, B
pyridine,8,A,4.0,1,A ,18.0,1,A 
reaction,8,A,15.0,1, B,15.117647058823529,17,A B
receptor,8,A,9.0,1,A ,12.5,2, B
recorder,8,A,9.0,1,A ,15.0,6,A B
refinery,8,A,5.0,1,A ,12.0,2, B
reporter,8,A,12.0,1,A ,13.5,2,A B
research,8,A,13.0,1,A ,12.833333333333334,6,A B
rhinitis,8,A,12.0,1,A ,16.0,1, B
robotics,8,A,22.0,1, B,12.0,2,A 
ryegrass,8,A,5.0,1,A ,12.666666666666666,3,A B
safranin,8,A,3.0,1,A ,15.0,1,A 
sampling,8,A,6.0,1,A ,16.0,2, B
sapphire,8,A,11.0,2,A B,12.0,1, B
saucepan,8,A,3.0,1,A ,11.0,2, B
scabious,8,A,6.0,1,A ,13.0,2, B
sentence,8,A,13.0,1, B,14.142857142857142,7,A B
sergeant,8,A,22.0,1, B,15.222222222222221,9,A B
serratus,8,A,14.0,1, B,22.5,2, B
shearing,8,A,3.0,1,A ,13.0,1,A 
shipworm,8,A,4.0,1,A ,14.0,2,A B
shipyard,8,A,9.0,1,A ,8.0,1, B
solstice,8,A,10.0,1, B,14.0,2, B
sorption,8,A,14.0,1, B,10.0,2,A 
spectrum,8,A,5.0,1,A ,15.538461538461538,13, B
spelling,8,A,11.0,1,A ,11.0,1,A 
spending,8,A,7.0,1,A ,12.0,2,A B
squirrel,8,A,6.0,1,A ,14.428571428571429,7,A B
stalking,8,A,4.0,1,A ,12.0,1,A 
stenosis,8,A,9.0,1,A ,14.625,8,A B
stingray,8,A,3.0,1,A ,14.5,2, B
stocking,8,A,7.0,1,A ,10.2,5,A B
stuffing,8,A,10.0,1,A ,12.333333333333334,3,A B
sturgeon,8,A,6.0,1,A ,10.5,2,A B
suffrage,8,A,9.0,1,A ,17.0,1, B
sulphate,8,A,4.0,1,A ,14.666666666666666,6, B
symmetry,8,A,15.0,1, B,12.0,3,A B
synechia,8,A,8.0,1,A ,16.5,2, B
syphilis,8,A,15.0,1, B,15.25,4,A B
tartrate,8,A,4.0,1,A ,11.0,2,A B
telegram,8,A,7.0,1,A ,10.0,3,A B
terminal,8,A,7.0,1,A ,11.2,5,A B
terrapin,8,A,6.0,1,A ,19.0,1, B
testicle,8,A,13.0,2,A B,12.5,2,A B
thiazide,8,A,12.0,1, B,17.25,4,A 
tibialis,8,A,14.0,1, B,15.5,2, B
toadflax,8,A,6.0,1,A ,12.0,1, B
tortoise,8,A,6.0,1,A ,14.0,5, B
toxicity,8,A,16.0,1, B,12.0,1,A 
trespass,8,A,4.0,1,A ,20.6,5, B
triangle,8,A,7.0,1,A ,13.875,8,A B
trillium,8,A,15.0,1, B,15.25,4, B
universe,8,A,13.0,1, B,10.666666666666666,3,A B
vaccinia,8,A,9.0,1,A ,19.0,1, B
valerian,8,A,6.0,1,A ,14.0,1, B
vaulting,8,A,9.0,1,A ,11.0,1, B
velocity,8,A,4.0,1,A ,13.090909090909092,11,A B
vermouth,8,A,4.0,1,A ,12.0,2, B
vertebra,8,A,4.0,1,A ,15.4,5, B
whipping,8,A,7.0,1,A ,15.0,2,A 
whiptail,8,A,11.0,1, B,17.8,5,A B
whitefly,8,A,17.0,1, B,17.333333333333332,3, B
windward,8,A,9.0,1,A ,10.0,1, B
wistaria,8,A,4.0,1,A ,15.0,4, B
woodcock,8,A,9.0,1,A ,16.0,2, B
xanthate,8,A,4.0,1,A ,17.0,1, B
xanthoma,8,A,11.0,1, B,14.666666666666666,3,A B
abscess,7,A,7.0,1,A ,14.0,1, B
acetate,7,A,4.0,1,A ,8.5,2,A B
adenoma,7,A,11.0,1, B,12.0,2,A 
agnosia,7,A,13.0,1, B,13.666666666666666,3,A B
aircrew,7,A,4.0,1,A ,10.0,1, B
algebra,7,A,15.0,1, B,12.25,4,A B
allegro,7,A,5.0,1,A ,17.0,1, B
allergy,7,A,24.0,1, B,13.5,4, B
ammeter,7,A,5.0,1,A ,12.0,1,A 
amnesia,7,A,14.0,1, B,17.2,5,A B
analyst,7,A,6.0,1,A ,13.333333333333334,3,A B
anatomy,7,A,10.0,1,A ,15.11111111111111,9,A B
anemone,7,A,6.0,1,A ,12.333333333333334,6,A B
angioma,7,A,7.5,2,A ,11.666666666666666,3,A B
anhinga,7,A,19.0,1, B,11.0,1, B
annuity,7,A,14.0,1, B,14.25,4,A B
antbird,7,A,8.0,1,A ,10.666666666666666,3, B
antenna,7,A,16.0,1, B,15.333333333333334,3,A B
antonym,7,A,4.0,1,A ,14.0,2, B
anxiety,7,A,18.0,1, B,11.25,4,A B
apatite,7,A,7.0,1,A ,12.0,1,A 
aphasia,7,A,13.0,1, B,15.125,8, B
apricot,7,A,9.0,1, B,13.666666666666666,3, B
arteria,7,A,11.0,1, B,14.513157894736842,76,A B
aspirin,7,A,9.5,2,A ,16.333333333333332,3, B
attache,7,A,10.0,1,A ,15.0,2, B
balance,7,A,11.0,1,A ,13.333333333333334,3,A B
balloon,7,A,21.0,1, B,15.666666666666666,3, B
bandage,7,A,8.0,1,A ,11.76923076923077,13,A B
banksia,7,A,5.0,1,A ,11.0,1,A 
bassoon,7,A,21.0,1, B,10.5,2,A 
bathing,7,A,9.0,1,A ,10.0,2, B
begonia,7,A,6.0,1,A ,15.0,11, B
benefit,7,A,7.0,1,A ,14.166666666666666,6, B
benzene,7,A,19.0,1, B,14.0,1, B
bicycle,7,A,14.0,1, B,12.166666666666666,6,A B
biscuit,7,A,10.0,1, B,13.8,5,A B
bittern,7,A,5.0,1,A ,14.0,3, B
bladder,7,A,3.0,1,A ,12.5,2,A B
blanket,7,A,10.0,1,A ,9.8,5,A B
boating,7,A,11.0,1, B,11.0,1,A 
bombing,7,A,6.0,1,A ,11.5,2, B
bonding,7,A,16.0,1, B,15.333333333333334,3, B
boulder,7,A,4.0,1,A ,12.666666666666666,3, B
bracket,7,A,3.0,1,A ,12.5,2, B
breaker,7,A,9.0,1,A ,12.0,1, B
bribery,7,A,6.0,1,A ,12.5,2,A B
brittle,7,A,5.0,1,A ,13.0,1, B
bromide,7,A,6.0,1,A ,13.666666666666666,3, B
brother,7,A,11.0,1, B,11.333333333333334,3,A B
bulldog,7,A,10.0,1, B,13.0,1, B
burdock,7,A,8.0,1,A ,12.5,2, B
burglar,7,A,5.0,1,A ,12.0,1,A 
burrito,7,A,4.0,1,A ,10.5,2,A B
bustard,7,A,10.0,1, B,11.5,2, B
butcher,7,A,8.0,1,A ,11.0,1, B
cabinet,7,A,9.0,1,A ,10.666666666666666,3,A B
caliper,7,A,19.0,1, B,13.0,5,A B
campion,7,A,6.0,1,A ,10.5,6, B
canthus,7,A,6.0,1,A ,13.5,2, B
caraway,7,A,4.0,1,A ,14.0,1, B
carbide,7,A,17.0,1, B,14.0,2, B
caribou,7,A,4.0,1,A ,17.0,2, B
catalog,7,A,4.0,1,A ,13.0,1, B
cathode,7,A,9.0,1,A ,11.5,2,A B
caustic,7,A,8.0,1,A ,8.0,2,A B
cautery,7,A,10.0,1,A ,11.0,2,A B
centime,7,A,22.0,1, B,14.5,2, B
century,7,A,10.0,1, B,14.0,2,A B
charity,7,A,10.0,1,A ,17.666666666666668,3, B
charter,7,A,8.0,1,A ,11.5,2, B
chemist,7,A,9.0,1,A ,12.0,3,A B
chiasma,7,A,9.0,1,A ,12.0,1, B
chowder,7,A,4.0,1,A ,11.0,3, B
cigaret,7,A,13.0,1, B,10.666666666666666,3,A B
circuit,7,A,16.0,1, B,10.470588235294118,17,A B
cloning,7,A,18.0,1, B,18.5,2, B
colitis,7,A,12.0,1,A ,18.666666666666668,3, B
colloid,7,A,7.0,1,A ,7.2,5,A B
colonel,7,A,27.0,1, B,17.0,1, B
colonic,7,A,5.0,1,A ,11.0,1, B
comfrey,7,A,4.0,1,A ,13.0,1, B
company,7,A,11.0,1,A ,12.722222222222221,36,A B
compass,7,A,22.0,1, B,13.0,2,A B
concert,7,A,11.0,1,A ,11.0,1, B
condyle,7,A,7.0,1,A ,14.0,3, B
consent,7,A,10.0,1,A ,15.0,1, B
consort,7,A,6.0,1,A ,13.0,1, B
costume,7,A,6.0,1,A ,10.0,1, B
cracker,7,A,5.0,1,A ,10.5,6,A B
cricket,7,A,18.0,1, B,13.5,4, B
cudweed,7,A,11.0,1,A ,9.0,1,A 
cuisine,7,A,7.0,1,A ,10.4,5,A B
culture,7,A,7.0,1,A ,18.428571428571427,7, B
cumulus,7,A,5.0,1,A ,11.0,2,A 
currant,7,A,5.0,1,A ,10.666666666666666,3,A B
current,7,A,20.0,1, B,11.0,2,A B
curtain,7,A,7.5,2,A ,10.0,6,A B
cushion,7,A,6.0,1,A ,10.0,1, B
cutback,7,A,8.0,1,A ,14.0,1, B
cutworm,7,A,11.0,1,A ,11.0,1, B
cyanide,7,A,15.0,1, B,14.0,1,A 
cycling,7,A,5.0,1,A ,10.666666666666666,3,A B
cycloid,7,A,8.0,1,A ,13.5,2, B
damages,7,A,12.0,1,A ,11.4,5,A B
dasyure,7,A,17.0,1, B,11.5,2, B
decimal,7,A,14.0,1, B,18.0,1, B
defense,7,A,14.0,1, B,12.666666666666666,9,A B
deficit,7,A,13.0,1,A ,13.0,1, B
density,7,A,11.0,1,A ,11.4,5,A B
denture,7,A,15.0,1, B,10.0,3,A B
dervish,7,A,5.0,1,A ,15.0,1, B
diagram,7,A,7.0,1,A ,9.4,5,A B
dioxide,7,A,5.0,1,A ,14.0,4, B
divisor,7,A,7.0,1,A ,17.666666666666668,3, B
dogbane,7,A,14.0,1, B,14.333333333333334,3, B
dogwood,7,A,17.0,1, B,13.571428571428571,7,A B
duchess,7,A,4.0,1,A ,12.0,1, B
ductule,7,A,4.0,1,A ,11.5,2, B
eardrum,7,A,8.0,1,A ,17.0,1, B
earring,7,A,7.0,1,A ,14.0,1, B
eclipse,7,A,12.0,1,A ,12.5,4, B
economy,7,A,6.0,1,A ,14.0,6,A B
ectasia,7,A,10.0,1,A ,15.5,2,A B
ectasis,7,A,10.0,1,A ,15.5,2,A B
edition,7,A,10.0,1,A ,11.0,2,A B
equinox,7,A,10.0,1, B,14.0,2, B
expense,7,A,4.0,1,A ,14.75,8, B
express,7,A,4.0,1,A ,11.0,1, B
faddist,7,A,6.0,1,A ,11.0,1, B
fancier,7,A,7.0,1,A ,10.25,4,A B
fantasy,7,A,11.0,1,A ,10.666666666666666,3, B
farming,7,A,11.0,1,A ,11.545454545454545,11,A B
feather,7,A,13.0,2, B,9.125,8,A B
fielder,7,A,10.0,1,A ,9.5,2,A 
fishery,7,A,9.0,1,A ,12.0,1, B
foramen,7,A,7.0,1,A ,18.0,2, B
forceps,7,A,9.0,1,A ,16.5,2, B
fording,7,A,8.0,1,A ,12.5,2, B
fritter,7,A,9.0,1,A ,11.5,2, B
furnace,7,A,7.0,1,A ,10.285714285714286,14,A B
gentian,7,A,6.0,1,A ,13.0,12,A B
glacier,7,A,7.0,1, B,15.333333333333334,3, B
gliding,7,A,6.0,1,A ,11.0,2,A B
glucose,7,A,10.0,1,A ,9.5,4,A B
gluteus,7,A,14.0,1, B,13.666666666666666,3, B
goddess,7,A,5.0,1,A ,13.0,1,A 
gorilla,7,A,8.0,1, B,16.75,4,A B
goulash,7,A,4.0,1,A ,13.0,3,A B
grammar,7,A,22.0,1, B,13.25,4,A B
gravity,7,A,10.0,1,A ,12.0,1, B
gravure,7,A,8.0,1,A ,12.0,1,A 
grenade,7,A,4.0,1,A ,11.5,2, B
grocery,7,A,11.0,1,A ,11.5,2,A 
gumweed,7,A,4.0,1,A ,15.5,2, B
haddock,7,A,4.0,1,A ,12.0,1, B
hamster,7,A,6.0,1,A ,14.0,2, B
hearing,7,A,10.0,1,A ,15.0,4, B
hexagon,7,A,7.0,1,A ,14.0,1, B
holster,7,A,6.0,1,A ,15.0,1, B
honours,7,A,14.0,1, B,5.0,1,A 
husking,7,A,7.0,1,A ,12.0,2,A 
hydrate,7,A,8.0,1,A ,11.0,1,A 
hydride,7,A,14.0,1, B,13.333333333333334,3, B
hyperon,7,A,6.0,1,A ,14.0,1, B
hypoxia,7,A,5.0,1,A ,12.5,6,A B
icterus,7,A,7.0,1,A ,15.5,2,A B
implant,7,A,10.0,1,A ,11.875,8,A B
infarct,7,A,9.0,1,A ,20.0,1, B
insulin,7,A,12.0,2,A B,17.5,2, B
inverse,7,A,10.0,1,A ,18.0,2, B
jamming,7,A,25.0,1, B,12.5,2, B
jasmine,7,A,5.0,1,A ,13.75,4, B
jubilee,7,A,11.0,1,A ,13.5,2, B
jugular,7,A,4.0,1,A ,19.0,3, B
kinglet,7,A,7.0,1,A ,15.666666666666666,3,A B
kumquat,7,A,6.0,1,A ,6.0,2,A 
lamprey,7,A,17.0,1, B,10.0,1, B
lantern,7,A,4.0,1,A ,13.333333333333334,3,A B
lattice,7,A,11.0,1,A ,12.0,1, B
leeward,7,A,9.0,1,A ,9.0,1, B
lemming,7,A,6.0,1,A ,14.166666666666666,6, B
leprosy,7,A,17.0,1, B,18.0,2, B
liberal,7,A,5.0,1,A ,10.4,5,A B
license,7,A,13.0,1, B,13.5,10,A B
lobster,7,A,9.0,1,A ,14.25,4, B
malacia,7,A,9.0,1,A ,12.0,1,A 
mammoth,7,A,8.0,1,A ,14.666666666666666,3, B
manager,7,A,13.0,1,A ,12.0,3,A B
marshal,7,A,6.0,1,A ,10.0,1, B
martini,7,A,8.0,1,A ,12.0,1, B
masonry,7,A,9.0,1,A ,9.333333333333334,3,A B
massage,7,A,9.0,1,A ,10.857142857142858,7,A B
mastiff,7,A,10.0,1, B,14.0,1, B
measles,7,A,17.0,1, B,13.0,1, B
meerkat,7,A,9.0,1,A ,14.5,2,A B
mesquit,7,A,5.0,1,A ,10.333333333333334,3,A B
missile,7,A,6.0,2,A ,15.833333333333334,6,A B
mojarra,7,A,11.0,1, B,13.5,2, B
montage,7,A,7.5,2,A ,12.0,1,A 
mugwort,7,A,8.0,1,A ,13.5,2, B
mullein,7,A,4.0,1,A ,12.25,4, B
mustard,7,A,8.0,1,A ,10.8,5,A B
myeloma,7,A,14.0,1, B,15.0,1, B
network,7,A,6.0,1,A ,12.75,4,A B
nitrate,7,A,8.0,1,A ,14.125,8,A B
nitride,7,A,8.0,1,A ,16.0,1, B
nitrile,7,A,15.0,1, B,14.0,1,A 
nitrite,7,A,5.0,1,A ,13.0,1, B
nucleus,7,A,9.0,1,A ,14.0,2,A B
numeral,7,A,6.0,1,A ,12.666666666666666,3,A B
nursery,7,A,11.0,1, B,10.0,1, B
omentum,7,A,10.0,1,A ,13.5,2, B
opacity,7,A,18.0,1, B,12.5,2,A B
orchard,7,A,6.0,1,A ,11.25,4, B
osmosis,7,A,9.0,1,A ,14.0,1, B
oxalate,7,A,4.0,1,A ,13.0,1, B
oxidase,7,A,6.0,1,A ,10.0,1,A 
pallium,7,A,15.0,1, B,11.0,2,A 
paresis,7,A,9.0,1,A ,11.0,1,A 
parsley,7,A,4.0,1,A ,14.0,2, B
peafowl,7,A,8.0,1,A ,8.8,5,A B
peccary,7,A,17.0,1, B,16.333333333333332,3, B
pelican,7,A,19.0,1, B,16.0,2, B
penguin,7,A,20.0,1, B,11.0,5,A B
pension,7,A,14.0,1, B,14.0,1, B
peptide,7,A,5.0,1,A ,11.333333333333334,3,A 
perfect,7,A,5.0,1,A ,12.666666666666666,3, B
petunia,7,A,6.0,1,A ,17.333333333333332,3, B
pitcher,7,A,8.5,2,A ,14.2,5,A B
placebo,7,A,8.0,1,A ,13.0,1, B
plasmin,7,A,6.0,1,A ,11.0,1,A 
pretzel,7,A,7.0,1,A ,11.0,1, B
primary,7,A,8.0,1,A ,13.0,1, B
problem,7,A,10.0,1,A ,18.5,2, B
prodigy,7,A,6.0,1,A ,10.333333333333334,3, B
profile,7,A,5.0,1,A ,17.0,1, B
pronoun,7,A,12.0,1, B,16.6,5, B
pudding,7,A,4.0,1,A ,12.0,2, B
purpura,7,A,12.0,1, B,24.5,2, B
pyrexia,7,A,7.0,1,A ,12.0,1,A 
quassia,7,A,15.0,1, B,14.0,1, B
racquet,7,A,15.0,1, B,11.25,4,A B
radical,7,A,4.0,1,A ,8.333333333333334,27,A B
railway,7,A,4.0,1,A ,9.571428571428571,7,A B
relievo,7,A,9.0,1,A ,11.0,3,A B
renewal,7,A,11.0,1,A ,12.5,2,A B
rilievo,7,A,9.0,1,A ,11.0,3,A B
ringing,7,A,5.0,1,A ,11.0,1, B
sanicle,7,A,4.0,1,A ,15.666666666666666,3,A B
sarcoma,7,A,6.0,1,A ,12.9,10,A B
savoury,7,A,4.0,1,A ,12.0,2, B
sawfish,7,A,3.0,1,A ,17.0,1, B
scotoma,7,A,16.0,1, B,16.6,5, B
seizure,7,A,6.0,1,A ,12.0,4,A B
senator,7,A,10.0,1,A ,12.0,1, B
service,7,A,4.0,1,A ,11.75,4,A B
session,7,A,10.0,1,A ,10.0,7,A B
sharing,7,A,9.0,1,A ,11.0,1, B
shotgun,7,A,7.0,1,A ,14.0,2, B
skating,7,A,5.0,1,A ,12.0,4,A B
soprano,7,A,6.0,1,A ,11.5,2,A 
sorbent,7,A,8.0,1,A ,13.0,2,A B
souffle,7,A,4.0,1,A ,13.0,1, B
spaniel,7,A,11.0,1, B,12.428571428571429,7,A B
sparrow,7,A,9.0,1,A ,12.5,2, B
starter,7,A,13.0,1, B,11.5,2,A B
startle,7,A,6.0,1,A ,11.0,3,A B
station,7,A,8.0,1,A ,13.444444444444445,9,A B
straits,7,A,9.0,1,A ,16.0,1, B
stratus,7,A,5.0,1,A ,11.0,1,A 
suicide,7,A,7.0,1,A ,9.75,4,A B
sulfate,7,A,4.0,1,A ,14.666666666666666,6, B
sulfide,7,A,8.0,1,A ,12.0,5,A B
sulphur,7,A,15.0,1, B,9.0,1,A 
support,7,A,8.0,1,A ,12.5,2,A B
surgeon,7,A,6.0,1,A ,12.0,3,A B
suspect,7,A,6.0,1,A ,12.666666666666666,3, B
systole,7,A,5.0,1,A ,12.0,1,A 
talipes,7,A,9.0,1,A ,14.333333333333334,3, B
tamarin,7,A,8.0,1,A ,9.0,2,A B
tanager,7,A,6.0,1,A ,13.75,4, B
tarweed,7,A,4.0,1,A ,6.0,1,A 
teacher,7,A,8.0,1,A ,10.857142857142858,21,A B
termite,7,A,6.0,1,A ,22.5,6, B
terrier,7,A,10.0,1, B,12.791666666666666,24,A B
thallus,7,A,9.0,1, B,15.0,1, B
theater,7,A,8.0,1,A ,9.857142857142858,7,A B
theorem,7,A,11.0,1,A ,15.0,1, B
therapy,7,A,11.0,1, B,14.136363636363637,22,A B
thistle,7,A,4.0,1,A ,13.222222222222221,9, B
thorium,7,A,15.0,1, B,11.0,1,A 
toenail,7,A,4.0,1,A ,14.0,1, B
topmast,7,A,4.0,1,A ,10.75,4,A B
topsail,7,A,4.0,1,A ,12.0,1,A 
tostada,7,A,4.0,1,A ,11.0,1, B
tracery,7,A,10.0,1,A ,10.0,1, B
trading,7,A,8.0,1,A ,12.2,5, B
traffic,7,A,10.0,1,A ,14.5,4, B
triceps,7,A,14.0,1, B,14.0,1, B
trigger,7,A,5.0,1,A ,11.0,1, B
tropism,7,A,8.0,1,A ,12.0,8,A 
trypsin,7,A,6.0,1,A ,11.0,1,A 
turbine,7,A,12.0,1, B,13.666666666666666,6, B
twister,7,A,7.0,1,A ,11.0,2,A 
uniform,7,A,8.0,1,A ,9.666666666666666,3,A B
uranium,7,A,15.0,1, B,10.0,2, B
vaccine,7,A,9.0,1,A ,15.75,4, B
vanilla,7,A,6.0,1,A ,13.0,1, B
vantage,7,A,8.0,1,A ,12.0,1, B
verdict,7,A,7.0,1,A ,14.333333333333334,6, B
vinegar,7,A,9.0,1,A ,11.666666666666666,3, B
vitamin,7,A,9.0,1,A ,19.0,2, B
vulture,7,A,10.0,1, B,13.333333333333334,3,A B
wallaby,7,A,8.0,1,A ,12.166666666666666,6,A B
warfare,7,A,14.0,1, B,11.88888888888889,9,A B
warhead,7,A,9.0,1,A ,13.0,1, B
warning,7,A,9.0,1,A ,9.7,10,A B
warrant,7,A,4.0,1,A ,9.714285714285714,7,A B
waxwing,7,A,6.0,1,A ,13.5,2, B
webworm,7,A,11.0,1,A ,12.0,2, B
welding,7,A,9.0,1,A ,11.0,2, B
whiskey,7,A,6.0,1,A ,7.714285714285714,7,A B
whisper,7,A,8.0,1,A ,12.0,1, B
widgeon,7,A,4.0,1,A ,15.0,1, B
woodsia,7,A,4.0,1,A ,12.666666666666666,3, B
worship,7,A,8.0,1,A ,9.35,20,A B
wrecker,7,A,7.0,1,A ,9.5,2,A 
abasia,6,A,19.0,1, B,15.666666666666666,6, B
allele,6,A,4.0,1,A ,14.5,2, B
almond,6,A,10.0,1, B,12.0,1, B
amoeba,6,A,8.0,1,A ,8.0,1,A 
anchor,6,A,4.0,1,A ,11.25,4,A B
anemia,6,A,12.0,1, B,15.6,15,A B
anoxia,6,A,7.0,1,A ,12.666666666666666,3, B
anthem,6,A,4.0,1,A ,14.0,1, B
arbour,6,A,9.0,1,A ,10.0,1, B
arcade,6,A,10.0,1,A ,13.0,2, B
artery,6,A,11.0,1, B,14.513157894736842,76,A B
asthma,6,A,18.0,1, B,17.0,1, B
ataxia,6,A,15.0,1, B,22.0,2, B
atrium,6,A,7.0,1,A ,12.0,1, B
autism,6,A,8.0,1,A ,15.0,1, B
ballet,6,A,12.0,1, B,13.0,3, B
ballot,6,A,8.0,1,A ,14.0,1, B
banana,6,A,4.0,1,A ,10.0,5,A B
barium,6,A,15.0,1, B,6.0,1,A 
barley,6,A,5.0,1,A ,11.0,1, B
basket,6,A,9.0,1,A ,8.333333333333334,9,A B
beetle,6,A,6.0,1,A ,12.277777777777779,18,A B
biceps,6,A,14.0,1, B,17.0,2, B
blonde,6,A,6.0,1,A ,11.0,3,A B
boiler,6,A,6.0,1,A ,15.0,1, B
bomber,6,A,8.0,2,A ,11.5,2, B
bonnet,6,A,3.0,1,A ,9.0,1,A 
botfly,6,A,6.0,1,A ,11.0,3, B
bottle,6,A,6.0,1,A ,8.61111111111111,18,A B
bowman,6,A,6.0,1,A ,10.0,1,A 
branch,6,A,8.0,1,A ,14.0,4, B
breach,6,A,7.0,1,A ,14.0,2, B
breeze,6,A,4.0,1,A ,10.375,8,A B
bridge,6,A,9.0,1,A ,11.666666666666666,15,A B
bronco,6,A,7.0,1,A ,13.0,1, B
bronze,6,A,16.0,1, B,11.75,8,A B
bryony,6,A,4.0,1,A ,10.0,2, B
bucket,6,A,6.0,1,A ,9.333333333333334,6,A B
buckle,6,A,8.0,1,A ,10.0,1, B
budget,6,A,4.0,1,A ,12.0,2, B
bullet,6,A,10.0,1,A ,10.5,4,A B
butene,6,A,3.0,1,A ,11.5,2,A 
butter,6,A,8.0,2,A B,10.8,5,A B
button,6,A,8.0,1,A ,10.5,2, B
buying,6,A,8.0,1,A ,11.666666666666666,3,A B
buyout,6,A,11.0,1,A ,12.666666666666666,3,A B
cactus,6,A,9.0,1,A ,12.0,26,A B
caiman,6,A,18.0,1, B,16.0,1, B
camera,6,A,21.0,1, B,14.0,9, B
candle,6,A,4.0,1,A ,7.75,4,A B
cartel,6,A,10.0,1,A ,9.5,2, B
caviar,6,A,3.0,1,A ,12.0,1, B
ceding,6,A,14.0,1,A ,9.0,1,A 
cellar,6,A,5.0,1,A ,9.0,1,A 
center,6,A,4.0,1,A ,9.3,10,A B
cesium,6,A,15.0,1, B,9.0,1, B
chapel,6,A,14.0,1, B,9.0,3,A B
charge,6,A,6.0,1,A ,13.0,1,A 
cheese,6,A,8.0,2,A B,9.576923076923077,26,A B
cheque,6,A,5.0,1,A ,9.454545454545455,11,A B
chiasm,6,A,9.0,1,A ,12.0,1, B
chisel,6,A,8.0,1, B,9.166666666666666,6,A B
cicada,6,A,17.0,1, B,16.5,2, B
circle,6,A,7.0,1,A ,9.75,4,A B
clause,6,A,12.0,1,A ,14.25,4, B
clinic,6,A,18.0,1, B,9.0,1, B
closet,6,A,12.0,1, B,10.25,4,A B
clover,6,A,4.0,1,A ,11.166666666666666,6, B
cobalt,6,A,15.0,1, B,8.0,1, B
coccus,6,A,10.0,1,A ,14.0,1,A 
coding,6,A,7.0,1,A ,8.0,3,A 
coffee,6,A,8.0,1,A ,11.0,13,A B
collar,6,A,4.0,1,A ,11.0,6,A B
colony,6,A,4.0,1,A ,15.0,3,A B
comedy,6,A,5.0,1,A ,10.6,10,A B
comity,6,A,7.0,1,A ,15.0,1, B
concha,6,A,9.0,1,A ,11.0,1, B
condor,6,A,15.0,1, B,14.0,2, B
cookie,6,A,4.0,1,A ,10.791666666666666,24,A B
copper,6,A,12.0,2,A B,13.0,1, B
cortex,6,A,15.0,1, B,11.0,2,A 
cotton,6,A,10.0,1, B,16.666666666666668,3, B
course,6,A,9.0,1,A ,13.647058823529411,17,A B
cowrie,6,A,9.0,1,A ,11.0,2, B
critic,6,A,12.0,1,A ,12.0,5, B
crocus,6,A,15.0,1, B,7.0,1,A 
cubism,6,A,16.0,1, B,15.5,2, B
curlew,6,A,9.0,1,A ,13.0,2, B
cymbal,6,A,20.0,1, B,9.0,2,A B
dancer,6,A,9.0,1,A ,10.454545454545455,11,A B
dating,6,A,16.0,1, B,20.666666666666668,3, B
deacon,6,A,13.0,1, B,9.0,1,A 
digger,6,A,7.0,1,A ,9.5,2,A B
dipole,6,A,6.0,1,A ,14.0,2, B
dollar,6,A,12.0,1, B,14.434782608695652,23, B
double,6,A,7.0,1, B,16.0,1, B
draper,6,A,6.0,1,A ,11.0,1,A 
driver,6,A,8.0,1,A ,8.857142857142858,14,A B
earwig,6,A,6.0,1,A ,20.0,1, B
eclair,6,A,9.0,1, B,15.0,1, B
eczema,6,A,11.0,1, B,14.4,5,A B
editor,6,A,13.0,1, B,10.5,8,A B
emesis,6,A,7.5,2,A ,10.666666666666666,3,A 
ending,6,A,8.0,1,A ,12.0,2,A B
engine,6,A,5.0,1,A ,14.833333333333334,6,A B
eraser,6,A,9.0,1,A ,12.333333333333334,3, B
estate,6,A,8.0,1,A ,9.5,4,A B
factor,6,A,5.0,1,A ,12.166666666666666,6,A B
family,6,A,4.0,1,A ,11.833333333333334,6, B
fennel,6,A,4.0,1,A ,13.0,2, B
filter,6,A,6.0,1,A ,10.583333333333334,12,A B
fondue,6,A,4.0,1,A ,10.0,1, B
forest,6,A,10.0,1,A ,7.666666666666667,6,A B
format,6,A,11.0,1,A ,19.5,2, B
garden,6,A,4.0,1,A ,9.933333333333334,15,A B
gavage,6,A,7.0,1,A ,15.0,2,A B
genipa,6,A,9.0,1, B,12.0,1, B
gentry,6,A,10.0,1, B,12.0,1, B
ginger,6,A,4.0,1,A ,10.8,5,A B
girdle,6,A,17.0,1, B,10.0,2,A B
glance,6,A,4.0,1,A ,11.0,2,A 
glider,6,A,21.0,1, B,10.0,1, B
gluten,6,A,7.0,1,A ,10.5,2, B
godwit,6,A,9.0,1,A ,15.0,1, B
gravel,6,A,4.0,1,A ,8.0,3,A B
grease,6,A,3.0,1,A ,10.0,1, B
grocer,6,A,8.0,1,A ,11.0,1,A 
grower,6,A,6.0,1,A ,12.0,2,A B
guitar,6,A,18.0,1, B,10.333333333333334,6,A B
hackle,6,A,7.0,1,A ,12.0,1, B
harrow,6,A,10.0,1,A ,10.0,1, B
hazard,6,A,6.0,1,A ,14.0,4, B
heater,6,A,6.0,1,A ,8.916666666666666,12,A B
hernia,6,A,7.0,1,A ,11.444444444444445,9,A B
herpes,6,A,17.0,1, B,12.5,2, B
hitter,6,A,10.0,1,A ,10.6,5,A B
hominy,6,A,4.0,1,A ,10.0,2, B
hoopoe,6,A,15.0,1, B,13.0,1, B
hornet,6,A,6.0,1,A ,13.0,3, B
hyalin,6,A,20.0,1, B,12.0,1,A 
immune,6,A,6.0,1,A ,7.0,1,A 
infant,6,A,5.0,1,A ,8.11111111111111,9,A B
iodide,6,A,6.0,1,A ,13.25,4, B
iodine,6,A,11.0,2,A B,10.0,2,A 
island,6,A,4.0,1,A ,13.75,4, B
jacket,6,A,4.0,1,A ,10.0,24,A B
jerboa,6,A,6.0,1,A ,13.5,2, B
jumper,6,A,6.0,1,A ,11.0,1,A 
jungle,6,A,8.0,1,A ,14.0,1, B
ketone,6,A,15.0,1, B,7.75,4,A B
kettle,6,A,3.0,1,A ,9.0,1,A 
kicker,6,A,14.0,1, B,9.333333333333334,3,A 
knight,6,A,14.0,1, B,14.5,6,A B
labial,6,A,9.0,1,A ,9.0,2,A B
ladder,6,A,6.0,1,A ,12.375,8, B
lamina,6,A,5.0,1,A ,20.0,1, B
lavage,6,A,10.0,1,A ,13.0,1, B
league,6,A,11.0,1,A ,11.666666666666666,9,A B
ledger,6,A,6.0,1,A ,11.5,4,A B
legend,6,A,5.0,1,A ,15.0,1, B
lesson,6,A,8.0,1,A ,11.6,5, B
letter,6,A,6.0,2,A ,10.9375,16,A B
lichen,6,A,11.0,1, B,12.0,1, B
lining,6,A,18.0,1, B,9.25,4,A B
lizard,6,A,7.0,1,A ,10.357142857142858,14,A B
locust,6,A,23.0,1, B,17.5,2, B
lotion,6,A,8.0,1,A ,9.0,4,A B
lupine,6,A,10.0,1, B,12.0,4,A B
magnet,6,A,6.0,1,A ,11.428571428571429,7,A B
magpie,6,A,11.0,1, B,14.0,2, B
making,6,A,10.0,1,A ,10.0,2,A 
mallee,6,A,10.0,1,A ,11.0,2, B
mallet,6,A,15.0,1, B,11.5,2, B
mallow,6,A,5.0,1,A ,11.045454545454545,22,A B
mantid,6,A,19.0,1, B,13.0,1, B
mantis,6,A,19.0,1, B,13.0,1, B
manual,6,A,8.0,1,A ,12.6,5,A B
manure,6,A,7.0,1,A ,10.6,5, B
marker,6,A,8.0,1,A ,9.0,2,A B
market,6,A,8.0,1,A ,10.625,8,A B
marlin,6,A,8.0,1,A ,11.25,4, B
marmot,6,A,6.0,1,A ,12.333333333333334,3,A B
marrow,6,A,16.0,1, B,10.5,2, B
marten,6,A,15.0,1, B,11.166666666666666,6,A B
masque,6,A,5.0,1,A ,10.0,1, B
master,6,A,6.0,1,A ,9.0,1, B
matrix,6,A,5.0,1,A ,11.4,5,A B
meatus,6,A,7.0,1,A ,12.5,2, B
memory,6,A,14.0,1,A ,11.0,5,A B
meteor,6,A,22.0,1, B,10.0,2,A B
methyl,6,A,5.0,1,A ,12.5,2,A 
mining,6,A,10.0,1,A ,11.5,2, B
mirror,6,A,9.0,1,A ,9.666666666666666,6,A B
moment,6,A,5.0,1,A ,10.714285714285714,7,A B
monday,6,A,7.0,1,A ,10.0,1,A 
mousse,6,A,7.0,1,A ,15.0,1, B
muffin,6,A,10.0,1, B,9.0,3,A B
muscle,6,A,16.0,1, B,10.1,10,A B
museum,6,A,10.0,1,A ,13.0,1, B
mutism,6,A,9.0,1,A ,11.0,1,A 
nephew,6,A,7.0,1,A ,12.0,1,A 
nettle,6,A,4.0,1,A ,12.0,6,A B
neuron,6,A,11.0,1, B,11.25,4, B
nitril,6,A,15.0,1, B,14.0,1,A 
noodle,6,A,5.0,1,A ,9.0,1, B
office,6,A,15.0,1, B,11.5,8,A B
omelet,6,A,4.0,1,A ,10.666666666666666,3, B
option,6,A,20.0,1, B,11.25,8,A B
orache,6,A,4.0,1,A ,12.0,1, B
orange,6,A,6.0,1,A ,11.666666666666666,3, B
orchis,6,A,6.0,1,A ,12.0,3, B
orgasm,6,A,12.0,1,A ,10.0,1, B
oriole,6,A,6.0,1,A ,10.0,2,A B
ostomy,6,A,9.0,1,A ,9.0,2,A 
otitis,6,A,12.0,1,A ,12.333333333333334,3,A B
oyster,6,A,7.0,1,A ,11.714285714285714,7,A B
paddle,6,A,3.0,1,A ,19.0,1, B
papule,6,A,6.0,1,A ,13.0,1,A 
parade,6,A,10.0,1,A ,10.0,1,A 
pencil,6,A,16.0,1, B,10.5,2, B
pennon,6,A,4.0,1,A ,9.0,1,A 
petrel,6,A,11.0,1, B,11.4,5,A B
petrol,6,A,7.5,2,A ,12.0,3,A B
phobia,6,A,15.0,1, B,11.666666666666666,3,A B
phrase,6,A,12.0,1,A ,12.166666666666666,6,A B
pickle,6,A,6.0,1,A ,8.25,4,A B
pigeon,6,A,15.0,1, B,10.625,8,A B
piling,6,A,6.0,1,A ,9.0,1, B
pillow,6,A,7.0,1,A ,8.0,2,A B
pinion,6,A,4.0,1,A ,13.0,1, B
pistil,6,A,21.0,1, B,10.5,4,A B
pistol,6,A,7.0,1,A ,11.090909090909092,11,A B
plague,6,A,15.0,1, B,14.666666666666666,3, B
planet,6,A,13.0,1, B,13.166666666666666,6, B
plaque,6,A,4.0,1,A ,13.0,3, B
plater,6,A,13.0,1, B,13.0,1,A 
pleura,6,A,14.0,1, B,14.0,2, B
plexus,6,A,9.0,1,A ,12.166666666666666,6, B
pliers,6,A,10.5,2, B,14.8,5, B
pocket,6,A,5.0,1,A ,10.6,5, B
poetry,6,A,12.0,1, B,8.0,2,A B
polish,6,A,9.0,2,A ,8.5,2,A B
pollen,6,A,5.0,1,A ,11.0,2,A B
poodle,6,A,3.0,1,A ,12.25,4, B
possum,6,A,9.0,1,A ,15.5,2, B
potato,6,A,13.666666666666666,3,A B,11.2,5, B
prince,6,A,10.0,1,A ,9.6,10,A B
privet,6,A,5.0,1,A ,14.142857142857142,7, B
ptosis,6,A,8.0,1,A ,10.0,1, B
puffin,6,A,7.0,1,A ,12.666666666666666,3, B
pulley,6,A,7.0,1,A ,8.333333333333334,3,A B
purple,6,A,14.0,1, B,8.0,4,A B
pushup,6,A,11.0,1, B,14.0,1, B
python,6,A,3.0,1,A ,13.4,5, B
rabbit,6,A,7.0,1,A ,8.714285714285714,7,A B
racing,6,A,5.0,1,A ,11.4,5, B
radius,6,A,6.0,1,A ,14.5,2,A B
raisin,6,A,10.0,1, B,11.0,3,A B
ration,6,A,4.0,1,A ,11.0,1, B
rebate,6,A,6.0,1,A ,11.0,1,A 
reflux,6,A,9.0,1,A ,19.75,4, B
reform,6,A,11.0,1,A ,11.666666666666666,3,A B
resort,6,A,5.0,1,A ,11.0,3, B
return,6,A,13.0,1, B,15.4,5, B
rickey,6,A,10.0,1, B,9.0,1, B
ridley,6,A,9.0,1, B,13.5,2, B
roping,6,A,5.0,1,A ,10.5,2, B
rubber,6,A,5.0,1,A ,10.2,5, B
saddle,6,A,4.0,1,A ,11.0,4,A B
salmon,6,A,8.0,2,A B,8.285714285714286,7,A B
sample,6,A,7.0,1,A ,9.4,5,A B
savory,6,A,4.0,1,A ,12.0,2, B
school,6,A,22.0,1, B,12.962962962962964,27,A B
scoter,6,A,7.0,1, B,12.0,1, B
screen,6,A,7.0,1,A ,10.0,1, B
season,6,A,10.0,1, B,12.294117647058824,17,A B
second,6,A,8.0,1, B,10.0,1, B
secret,6,A,11.0,1,A ,10.333333333333334,3,A B
septum,6,A,9.0,1,A ,11.0,1, B
shears,6,A,8.0,1,A ,9.75,4,A B
shorts,6,A,7.0,1,A ,10.333333333333334,3,A B
shrike,6,A,6.0,1,A ,12.5,4,A B
sienna,6,A,10.0,1, B,10.0,2, B
silver,6,A,9.5,2,A B,10.0,1, B
single,6,A,7.0,1, B,16.0,1, B
sister,6,A,13.0,1, B,10.333333333333334,3, B
skater,6,A,7.0,1,A ,11.666666666666666,3,A 
skiing,6,A,5.0,1,A ,14.5,2, B
slaver,6,A,10.0,1,A ,11.0,1, B
sleeve,6,A,13.0,1, B,11.2,5,A B
smoker,6,A,8.0,1,A ,12.0,4,A B
socket,6,A,6.0,1,A ,10.0,3,A B
soiree,6,A,5.0,1,A ,13.0,1, B
solder,6,A,5.0,1,A ,10.666666666666666,3, B
sonata,6,A,14.0,1, B,9.0,3,A B
sonnet,6,A,4.0,1,A ,17.0,3, B
spavin,6,A,13.0,1, B,10.0,3, B
spider,6,A,8.0,1,A ,13.777777777777779,9,A B
spinel,6,A,7.0,1,A ,9.5,2,A B
squall,6,A,4.0,1,A ,10.0,1, B
squash,6,A,4.0,1,A ,10.333333333333334,3,A B
stable,6,A,12.0,1, B,12.0,1, B
sterol,6,A,7.0,2,A ,10.5,2,A 
stitch,6,A,6.0,1,A ,13.0,3, B
strain,6,A,11.0,1,A ,10.0,1,A 
streak,6,A,10.0,1,A ,12.5,2, B
street,6,A,12.0,1,A ,7.25,8,A B
stress,6,A,7.0,1,A ,11.75,4,A B
strike,6,A,9.0,1, B,10.5,4,A B
studio,6,A,9.0,1,A ,16.333333333333332,3, B
sulcus,6,A,7.0,1,A ,17.5,4, B
sulfur,6,A,15.0,1, B,9.0,1,A 
supper,6,A,4.0,1,A ,5.0,1,A 
sutura,6,A,5.0,1,A ,16.25,8, B
suture,6,A,5.0,1,A ,16.25,8, B
switch,6,A,7.0,1,A ,10.75,8,A B
system,6,A,15.0,1,A ,12.928571428571429,28,A B
tallow,6,A,9.0,1, B,9.333333333333334,3,A B
tanker,6,A,9.0,1, B,11.0,1,A 
taster,6,A,6.0,1,A ,10.0,1, B
teasel,6,A,4.0,1,A ,12.0,3, B
tendon,6,A,16.0,1, B,11.5,2,A B
tennis,6,A,9.0,1, B,10.75,4,A B
tenrec,6,A,11.0,1,A ,14.0,1, B
testis,6,A,13.0,2,A B,12.5,2,A B
theist,6,A,8.0,1,A ,10.0,1,A 
theory,6,A,11.0,1,A ,11.7,10,A B
thrips,6,A,11.0,1,A ,12.0,2, B
throne,6,A,12.0,1, B,9.25,4,A B
ticket,6,A,18.0,1, B,11.5,8,A B
tomato,6,A,20.0,1, B,13.5,2, B
treaty,6,A,16.0,1, B,9.75,4,A B
trench,6,A,5.0,1,A ,9.5,4,A B
triple,6,A,7.0,1, B,16.0,1, B
tripod,6,A,4.0,1,A ,8.5,2,A B
trowel,6,A,8.0,1, B,11.6,5,A B
tubule,6,A,4.0,1,A ,12.5,6,A B
tunica,6,A,8.0,1,A ,9.0,1,A 
tunnel,6,A,10.0,1,A ,10.333333333333334,3,A B
tycoon,6,A,11.0,1,A ,9.0,1, B
typhus,6,A,18.0,1, B,12.0,1, B
typist,6,A,8.0,1,A ,12.0,1,A 
vector,6,A,8.0,1,A ,11.5,4, B
venule,6,A,4.0,1,A ,14.5,2, B
villus,6,A,7.0,1,A ,15.0,1, B
violet,6,A,5.0,1,A ,13.818181818181818,11, B
vision,6,A,11.0,1,A ,10.0,2,A 
waffle,6,A,4.0,1,A ,13.0,1, B
walnut,6,A,9.0,1, B,12.0,2, B
walrus,6,A,14.0,1, B,13.5,2, B
washer,6,A,6.0,1,A ,10.0,3,A B
weevil,6,A,6.0,1,A ,11.0,5, B
weight,6,A,16.0,1, B,8.857142857142858,7,A B
welder,6,A,9.0,1,A ,11.0,1,A 
wester,6,A,4.0,1,A ,18.0,1, B
wether,6,A,5.0,1,A ,10.0,1,A 
whisky,6,A,6.0,1,A ,7.714285714285714,7,A B
willow,6,A,4.0,1,A ,12.166666666666666,24,A B
window,6,A,9.0,1,A ,11.454545454545455,22,A B
wreath,6,A,17.0,1, B,5.5,2,A 
yogurt,6,A,8.0,2,A B,13.5,2, B
zinnia,6,A,6.0,1,A ,14.5,2, B
zygote,6,A,4.0,1,A ,11.0,2,A 
agate,5,A,10.0,1,A ,9.0,1, B
album,5,A,6.0,1,A ,12.0,1, B
aldol,5,A,15.0,1, B,9.0,1,A 
alert,5,A,9.0,1,A ,8.666666666666666,3, B
ameba,5,A,8.0,1,A ,8.0,1,A 
amide,5,A,15.0,1, B,9.75,4,A 
amine,5,A,13.0,1, B,8.0,5,A 
angle,5,A,5.0,1,A ,11.212121212121213,33,A B
anion,5,A,3.0,1,A ,11.0,2,A B
aorta,5,A,6.0,1,A ,13.2,5, B
aphid,5,A,10.0,1, B,8.6,5,A B
apnea,5,A,7.0,1,A ,17.5,2, B
aspen,5,A,6.0,1,A ,15.0,3, B
aster,5,A,6.0,1,A ,14.054054054054054,37,A B
attar,5,A,12.0,1, B,12.0,1, B
audit,5,A,10.0,1,A ,13.0,2, B
avens,5,A,8.0,1,A ,9.428571428571429,7,A B
bacon,5,A,9.0,1, B,8.75,4,A B
bagel,5,A,3.0,1,A ,10.0,1, B
basil,5,A,4.0,1,A ,11.0,1, B
basin,5,A,6.0,1,A ,8.375,8,A B
beech,5,A,4.0,1,A ,12.0,5, B
belly,5,A,8.0,1, B,10.0,1,A 
bench,5,A,4.0,1,A ,8.125,8,A B
berry,5,A,11.0,1, B,9.277777777777779,18,A 
bison,5,A,5.0,1,A ,9.5,2,A B
black,5,A,15.0,1, B,9.0,1, B
blond,5,A,6.0,1,A ,11.0,3,A B
blood,5,A,19.0,1, B,9.5,10,A B
board,5,A,9.0,1,A ,12.88888888888889,9,A B
boost,5,A,3.0,1,A ,14.0,1, B
brace,5,A,9.5,2,A ,8.2,5,A B
brake,5,A,9.0,1,A ,10.5,4, B
brant,5,A,5.0,1,A ,16.0,1, B
brass,5,A,16.0,1, B,10.0,10,A B
bread,5,A,9.0,2,A B,9.064516129032258,31,A B
bride,5,A,8.0,1,A ,8.0,1, B
brief,5,A,13.0,1, B,17.0,1, B
brome,5,A,5.0,1,A ,11.0,5,A B
bronc,5,A,7.0,1,A ,13.0,1, B
broth,5,A,4.0,1,A ,9.0,4,A B
brown,5,A,14.0,1, B,8.545454545454545,11,A B
buyer,5,A,8.0,1,A ,9.666666666666666,3,A B
cacao,5,A,17.0,1, B,9.0,1, B
calla,5,A,6.0,1,A ,10.0,2, B
camas,5,A,15.0,1, B,13.0,3, B
camel,5,A,17.0,1, B,12.5,2, B
canoe,5,A,9.0,1, B,11.0,4,A B
caper,5,A,5.0,1,A ,11.6,5, B
carte,5,A,4.0,1,A ,9.0,3, B
cedar,5,A,7.0,1,A ,11.666666666666666,9,A B
chain,5,A,6.0,1,A ,8.0,2,A B
chair,5,A,4.0,1,A ,11.333333333333334,15,A B
chant,5,A,13.0,1, B,9.0,1,A 
chart,5,A,19.0,1, B,8.88888888888889,9,A B
check,5,A,5.0,1,A ,9.454545454545455,11,A B
chest,5,A,8.0,1, B,10.0,2, B
chimp,5,A,8.0,1, B,16.5,4, B
chute,5,A,15.0,1, B,9.666666666666666,3,A B
cider,5,A,8.0,1,A ,8.666666666666666,3,A B
civet,5,A,9.0,1,A ,10.142857142857142,7,A B
clerk,5,A,8.0,1,A ,9.181818181818182,11,A B
clock,5,A,9.0,1,A ,10.916666666666666,12,A B
coach,5,A,7.0,1,A ,12.333333333333334,6,A B
cobra,5,A,6.0,1,A ,10.0,4,A B
cocci,5,A,10.0,1,A ,14.0,1,A 
colic,5,A,4.0,1,A ,9.0,1, B
colon,5,A,14.0,1, B,13.0,5,A B
conch,5,A,9.0,1,A ,10.0,1, B
copal,5,A,12.0,1, B,10.0,5,A B
corgi,5,A,3.0,1,A ,8.0,2,A 
count,5,A,6.0,1,A ,10.125,8,A B
court,5,A,8.0,1,A ,12.576923076923077,26,A B
crake,5,A,4.0,1,A ,10.5,2,A B
cress,5,A,8.0,1,A ,13.0,9,A B
curry,5,A,4.0,1,A ,9.0,1, B
daisy,5,A,6.0,1,A ,11.0,1, B
diver,5,A,8.0,1,A ,11.0,3, B
dough,5,A,10.0,1,A ,8.0,2,A B
dozer,5,A,7.0,1,A ,10.0,1,A 
dream,5,A,11.0,1,A ,8.5,2,A B
drill,5,A,4.0,1,A ,8.8,10,A B
dryad,5,A,5.0,1,A ,9.0,1,A 
dryer,5,A,9.0,1,A ,11.0,2, B
dwarf,5,A,11.0,1, B,14.5,2, B
eagle,5,A,10.0,1, B,8.166666666666666,6,A B
edema,5,A,8.0,1,A ,11.125,8,A B
egret,5,A,5.0,1,A ,12.0,5, B
eland,5,A,8.0,1,A ,10.5,2, B
enema,5,A,10.0,1,A ,14.0,2, B
entry,5,A,13.0,1, B,12.666666666666666,3, B
fence,5,A,7.0,1,A ,8.0,8,A B
ferry,5,A,4.0,1,A ,9.0,1,A 
field,5,A,5.0,1,A ,6.333333333333333,6,A 
filet,5,A,9.0,1,A ,11.0,3,A B
final,5,A,5.0,1,A ,8.0,1, B
flask,5,A,6.0,1,A ,10.833333333333334,6,A B
flint,5,A,6.0,1,A ,9.0,3,A 
flood,5,A,20.0,1, B,9.333333333333334,3,A B
floor,5,A,17.0,1, B,8.6,5,A B
flour,5,A,9.0,1,A ,9.75,4,A B
fondu,5,A,4.0,1,A ,10.0,1, B
fossa,5,A,9.0,2,A B,13.0,3, B
franc,5,A,12.0,1, B,12.714285714285714,21, B
fraud,5,A,5.0,1,A ,12.909090909090908,11,A B
fudge,5,A,5.0,1,A ,9.666666666666666,3,A B
furan,5,A,15.0,1, B,10.0,1,A 
gable,5,A,4.0,1,A ,9.333333333333334,3,A B
gator,5,A,18.0,1, B,16.5,2, B
gauge,5,A,19.0,1, B,10.545454545454545,11,A B
gauze,5,A,6.0,1,A ,15.0,1, B
gecko,5,A,6.0,1,A ,11.0,2, B
gland,5,A,5.0,1,A ,11.5,4, B
glans,5,A,9.0,1,A ,12.5,2, B
glass,5,A,5.0,1,A ,10.153846153846153,13,A B
glume,5,A,5.0,1,A ,5.0,1,A 
glute,5,A,14.0,1, B,13.666666666666666,3, B
goose,5,A,14.0,1, B,8.125,8,A B
graft,5,A,12.0,1, B,9.666666666666666,3,A 
grama,5,A,5.0,1,A ,9.5,2, B
grape,5,A,11.0,1, B,11.666666666666666,3,A B
grass,5,A,15.0,1, B,9.4,55,A B
grebe,5,A,21.0,1, B,14.6,5,A B
green,5,A,14.0,1, B,9.9,10,A B
guest,5,A,7.0,1,A ,11.333333333333334,3, B
gyrus,5,A,9.0,1,A ,12.8,5, B
heath,5,A,5.0,1,A ,10.571428571428571,7,A B
hedge,5,A,5.0,1,A ,10.0,2,A B
helix,5,A,5.0,1,A ,11.0,1, B
hinge,5,A,5.0,1,A ,9.0,3, B
holly,5,A,17.0,1, B,13.615384615384615,13,A B
homer,5,A,7.0,1, B,9.0,1, B
horse,5,A,6.0,1,A ,7.862068965517241,29,A B
hound,5,A,10.0,1, B,9.45,20,A B
house,5,A,8.0,2,A ,9.074074074074074,27,A B
hutch,5,A,4.0,1,A ,11.0,1, B
hyena,5,A,6.0,1,A ,10.5,4,A B
hyrax,5,A,9.0,1,A ,9.0,1, B
image,5,A,14.0,1,A ,12.8,5, B
intro,5,A,9.0,1,A ,9.5,2,A 
iodin,5,A,11.0,2,A B,10.0,2,A 
issue,5,A,7.0,1,A ,11.5,4,A B
jerky,5,A,4.0,1,A ,8.0,2,A B
joint,5,A,8.0,1, B,6.833333333333333,6,A B
joist,5,A,4.0,1,A ,8.5,2,A B
juice,5,A,9.0,1,A ,9.285714285714286,7,A B
junco,5,A,5.0,1,A ,14.0,1, B
juror,5,A,8.0,1,A ,10.0,2,A B
knife,5,A,8.0,1, B,9.421052631578947,19,A B
krait,5,A,6.0,1,A ,11.0,1, B
labor,5,A,5.0,1,A ,13.666666666666666,3,A B
lathe,5,A,6.0,1,A ,10.0,1, B
leave,5,A,7.0,1, B,10.285714285714286,7,A B
leech,5,A,7.0,1,A ,12.0,2,A B
lilac,5,A,5.0,1,A ,13.5,6, B
limen,5,A,9.0,1,A ,18.0,2, B
logic,5,A,10.0,1,A ,10.0,1, B
louse,5,A,6.0,1,A ,9.5,4, B
lunch,5,A,4.0,1,A ,13.0,1, B
lupin,5,A,10.0,1, B,12.0,4,A B
lupus,5,A,11.0,1, B,20.5,4, B
lyric,5,A,4.0,1,A ,9.0,1, B
lysin,5,A,9.0,1,A ,9.0,1,A 
madam,5,A,5.0,1,A ,8.0,2,A B
maker,5,A,7.0,1,A ,9.344827586206897,29,A B
mamba,5,A,6.0,1,A ,10.0,1, B
mania,5,A,16.0,1, B,10.4,10,A 
maple,5,A,4.0,1,A ,15.0,1, B
marsh,5,A,7.0,1,A ,9.0,1, B
maser,5,A,9.0,1,A ,8.0,1, B
match,5,A,7.0,1,A ,9.25,4,A B
mayor,5,A,12.0,2,A B,8.5,4,A 
melon,5,A,11.0,1, B,9.333333333333334,3,A B
meson,5,A,5.5,2,A ,6.0,4,A B
miner,5,A,7.0,1,A ,9.8,5,A B
modem,5,A,19.0,1, B,13.0,1, B
morel,5,A,8.0,1,A ,13.0,6,A B
mould,5,A,4.0,1,A ,8.0,1, B
mouse,5,A,6.0,1,A ,10.0,5, B
mower,5,A,10.0,1, B,9.5,2, B
mufti,5,A,6.0,1,A ,10.0,1, B
murre,5,A,9.0,1,A ,14.0,2, B
myoma,5,A,11.0,1, B,10.0,2,A 
naris,5,A,7.0,1,A ,10.5,2,A B
nerve,5,A,11.0,1, B,11.6,10,A B
niece,5,A,9.0,1,A ,11.0,1,A 
night,5,A,10.0,1, B,10.5,2,A B
notch,5,A,11.0,1,A ,8.0,1,A 
novel,5,A,7.0,1,A ,10.0,6,A B
nurse,5,A,18.0,1, B,11.8,10,A B
ology,5,A,10.0,1,A ,9.0,1,A 
opera,5,A,14.0,1, B,10.666666666666666,3, B
orach,5,A,4.0,1,A ,12.0,1, B
orbit,5,A,4.0,1,A ,19.0,1, B
order,5,A,7.0,1,A ,8.333333333333334,3,A B
ovule,5,A,21.0,1, B,14.4,5,A B
oxide,5,A,8.0,1,A ,9.882352941176471,17,A B
paint,5,A,11.5,2,A B,10.083333333333334,12,A B
paper,5,A,8.0,1,A ,9.790697674418604,43,A B
parka,5,A,6.0,1,A ,7.5,2,A B
pasty,5,A,7.0,1, B,9.5,2, B
pearl,5,A,5.0,1,A ,9.0,1, B
pewee,5,A,18.0,1, B,16.0,1, B
phage,5,A,5.0,1,A ,14.5,2,A B
phase,5,A,10.0,1, B,10.238095238095237,21,A B
phlox,5,A,4.0,1,A ,11.0,4,A B
phone,5,A,19.0,1, B,10.428571428571429,7,A B
piano,5,A,18.666666666666668,3, B,10.666666666666666,3,A B
pilaf,5,A,4.0,1,A ,11.0,1, B
pilot,5,A,7.0,1,A ,8.571428571428571,7,A B
pipit,5,A,6.0,1,A ,11.0,1, B
pitch,5,A,13.0,1, B,5.818181818181818,11,A B
pizza,5,A,4.0,1,A ,12.4,5, B
plain,5,A,4.0,1,A ,6.625,8,A 
plane,5,A,21.0,1, B,9.933333333333334,15,A B
pleat,5,A,4.0,1,A ,8.8,5,A B
polyp,5,A,6.0,1,A ,15.0,3, B
poppy,5,A,6.0,1,A ,10.875,16,A B
porno,5,A,8.0,1,A ,16.0,1, B
potty,5,A,15.0,1, B,11.666666666666666,3, B
prawn,5,A,7.0,1,A ,10.0,1, B
prime,5,A,6.0,1,A ,11.0,1, B
print,5,A,20.0,1, B,10.0,1, B
prism,5,A,10.0,1,A ,15.333333333333334,3,A B
prize,5,A,4.0,1,A ,8.857142857142858,7,A B
punch,5,A,4.0,1,A ,8.166666666666666,6,A B
quark,5,A,18.0,1, B,9.5,6, B
queen,5,A,6.0,1,A ,8.0,1, B
quilt,5,A,10.0,1,A ,9.0,2,A 
quote,5,A,11.0,1,A ,11.0,3, B
radar,5,A,19.0,1, B,15.75,4, B
rally,5,A,9.0,1,A ,7.5,2,A B
raphe,5,A,5.0,1,A ,13.0,1, B
rates,5,A,3.0,1,A ,9.0,1, B
rayon,5,A,6.0,1,A ,12.0,2, B
razor,5,A,8.0,1, B,10.0,3,A B
reign,5,A,10.0,1, B,13.0,1, B
rhino,5,A,16.0,1, B,15.5,4, B
rhyme,5,A,13.0,1,A ,10.5,6,A B
rifle,5,A,7.0,1,A ,9.75,4,A B
right,5,A,11.0,1,A ,9.0,20,A B
roast,5,A,3.0,1,A ,8.777777777777779,9, B
saint,5,A,5.0,1,A ,11.0,1, B
salad,5,A,4.0,1,A ,10.615384615384615,13,A B
sauce,5,A,9.0,1,A ,10.18,50,A B
scale,5,A,8.0,1,A ,12.555555555555555,9,A B
scare,5,A,7.0,1,A ,8.0,1, B
scaup,5,A,4.0,1,A ,11.5,2, B
scone,5,A,10.0,1, B,9.0,1, B
senna,5,A,5.0,1,A ,11.0,4,A B
sense,5,A,9.0,1,A ,18.5,2, B
shale,5,A,15.0,1, B,9.0,2, B
shank,5,A,3.0,1,A ,9.0,2,A 
shark,5,A,12.0,1,A ,9.666666666666666,12,A B
sharp,5,A,15.0,1, B,11.0,1, B
shell,5,A,10.0,1,A ,10.2,5,A B
shirt,5,A,7.0,1,A ,7.666666666666667,9,A B
shunt,5,A,7.0,1,A ,10.5,2,A B
skate,5,A,15.0,1, B,10.333333333333334,3, B
skink,5,A,6.0,1,A ,12.5,2, B
sleep,5,A,17.0,1, B,11.0,4,A B
sling,5,A,8.0,1,A ,9.0,3, B
smelt,5,A,4.0,1,A ,13.0,2, B
snail,5,A,9.0,1,A ,11.666666666666666,3, B
snake,5,A,7.0,1,A ,8.833333333333334,6,A B
snipe,5,A,9.0,1,A ,10.2,5,A B
space,5,A,9.0,1,A ,12.5,4, B
speed,5,A,4.0,1,A ,13.090909090909092,11,A B
spoon,5,A,8.0,2,A ,10.125,8,A B
spore,5,A,7.0,1,A ,9.375,16,A B
spree,5,A,12.0,1,A ,13.0,1, B
squad,5,A,8.0,1, B,11.0,1, B
staff,5,A,5.0,1,A ,11.375,8,A B
stain,5,A,10.0,1,A ,7.833333333333333,6,A B
start,5,A,9.0,1,A ,7.545454545454546,11,A B
state,5,A,22.0,1, B,14.142857142857142,7,A B
steak,5,A,3.0,1,A ,9.0,2,A B
steam,5,A,5.0,1,A ,9.0,1, B
steel,5,A,5.0,1,A ,12.333333333333334,12, B
stock,5,A,7.0,1,A ,12.538461538461538,13,A B
stool,5,A,4.0,1,A ,9.428571428571429,7,A B
storm,5,A,21.0,1, B,9.375,8,A B
stove,5,A,16.0,1, B,10.571428571428571,7,A B
sugar,5,A,10.0,1,A ,9.625,8,A B
sulfa,5,A,13.0,1,A ,13.0,8,A 
surge,5,A,4.0,1,A ,8.5,2,A B
swell,5,A,4.0,1,A ,11.0,1, B
syrup,5,A,10.0,1,A ,8.571428571428571,7,A B
table,5,A,5.0,1,A ,13.0,6,A B
taffy,5,A,5.0,1,A ,13.0,1, B
tapir,5,A,16.0,1, B,12.5,2, B
taxis,5,A,8.0,1,A ,10.0,1,A 
tense,5,A,19.0,1, B,7.333333333333333,6,A 
teres,5,A,14.0,1, B,10.0,2, B
thrip,5,A,11.0,1,A ,12.0,2, B
thyme,5,A,4.0,1,A ,10.0,2, B
times,5,A,10.0,1, B,10.5,2, B
tinea,5,A,15.0,1, B,10.5,8,A B
toast,5,A,5.0,1,A ,10.5,4,A B
tongs,5,A,6.0,1,A ,8.5,2, B
tooth,5,A,4.0,1,A ,8.714285714285714,14,A B
towel,5,A,12.0,1, B,9.666666666666666,6,A B
tower,5,A,9.0,1,A ,8.529411764705882,17,A B
toxin,5,A,6.0,1,A ,9.8,10,A B
trade,5,A,8.0,1,A ,9.0,3, B
train,5,A,15.0,1, B,10.875,8,A B
tripe,5,A,11.0,1, B,14.0,1, B
troop,5,A,8.0,1, B,11.0,1, B
trout,5,A,4.0,1,A ,10.0,2, B
truck,5,A,12.0,1, B,8.454545454545455,11,A B
trust,5,A,8.0,1,A ,13.538461538461538,13, B
tulip,5,A,15.0,1, B,11.6,5, B
tunic,5,A,8.0,1,A ,9.0,1,A 
ulcer,5,A,6.0,1,A ,9.285714285714286,7,A B
umber,5,A,10.0,1, B,9.0,2, B
uncle,5,A,7.0,1,A ,11.0,1,A 
union,5,A,12.0,1,A ,16.0,4, B
value,5,A,17.0,1, B,9.333333333333334,3,A B
valve,5,A,9.0,1,A ,10.333333333333334,3,A B
venom,5,A,11.0,1, B,10.0,2, B
vetch,5,A,6.0,1,A ,9.2,5,A B
vireo,5,A,6.0,1,A ,14.0,3, B
virus,5,A,14.0,2,A B,9.714285714285714,7,A B
voter,5,A,7.0,1,A ,10.5,4,A B
wagon,5,A,14.0,1, B,7.8,10,A B
waist,5,A,4.0,1,A ,9.0,1, B
watch,5,A,9.0,1,A ,10.571428571428571,7,A B
water,5,A,10.0,2,A B,9.733333333333333,15,A B
weave,5,A,6.0,1,A ,7.8,5,A B
wheat,5,A,6.0,1,A ,7.333333333333333,6,A B
wheel,5,A,7.0,1,A ,9.695652173913043,23,A B
whist,5,A,8.0,1, B,8.0,2,A B
worth,5,A,18.0,1, B,12.0,2,A 
yeast,5,A,6.0,1,A ,9.333333333333334,3,A B
zebra,5,A,6.0,1,A ,12.0,3, B
ache,4,A,4.0,1,A ,8.6,5,A 
acid,4,A,8.0,1,A ,12.189873417721518,79,A B
agar,4,A,13.0,1, B,9.0,1, B
aloe,4,A,9.0,1,A ,8.5,2, B
aria,4,A,4.0,1,A ,7.0,1,A 
aunt,4,A,9.0,1,A ,10.0,2,A B
axis,4,A,4.0,1,A ,11.428571428571429,7, B
axle,4,A,5.0,1,A ,7.666666666666667,3,A B
baba,4,A,4.0,1,A ,10.0,1, B
bale,4,A,6.0,1,A ,7.0,1, B
ball,4,A,13.0,1, B,9.533333333333333,30,A B
balm,4,A,6.0,1,A ,12.0,1, B
bank,4,A,5.0,1,A ,9.0,2,A 
bark,4,A,8.0,1,A ,8.6,15,A B
barn,4,A,12.0,1, B,8.0,2,A B
bars,4,A,18.0,1, B,18.0,1, B
base,4,A,20.0,1, B,8.2,5,A B
bean,4,A,6.0,1,A ,6.666666666666667,3,A B
bear,4,A,9.0,1,A ,10.0,7,A B
beer,4,A,4.0,1,A ,5.25,4,A B
beet,4,A,9.0,1,A ,8.75,4,A B
bell,4,A,14.5,2, B,9.090909090909092,11,A B
belt,4,A,4.0,1,A ,7.8,5,A B
bike,4,A,12.0,1, B,8.5,2,A B
bill,4,A,13.0,1, B,11.8,5, B
bite,4,A,5.0,1,A ,8.0,2,A B
bitt,4,A,4.0,1,A ,10.0,1, B
bloc,4,A,8.0,1,A ,12.0,1, B
blot,4,A,7.0,1,A ,7.666666666666667,3,A 
blue,4,A,14.0,1, B,9.875,8,A B
boat,4,A,6.0,1,A ,7.115384615384615,26,A B
body,4,A,13.0,1, B,8.333333333333334,3, B
boil,4,A,23.0,1, B,7.0,1,A 
bomb,4,A,11.5,2,A B,11.137931034482758,29,A B
bond,4,A,10.0,1,A ,11.0,6,A B
bone,4,A,16.0,1, B,8.133333333333333,60,A B
book,4,A,11.0,1,A ,8.818181818181818,22,A B
boot,4,A,8.0,1,A ,8.714285714285714,7,A B
boss,4,A,10.0,1,A ,6.333333333333333,3,A B
bowl,4,A,6.0,1,A ,7.0,4,A B
bull,4,A,6.0,1,A ,7.0,1,A 
buoy,4,A,14.0,1, B,8.5,4,A B
butt,4,A,5.0,1,A ,9.0,1, B
cage,4,A,9.0,1,A ,8.333333333333334,3,A B
call,4,A,9.0,1,A ,10.25,8,A B
cane,4,A,12.0,1, B,9.333333333333334,3,A B
card,4,A,5.0,1,A ,10.5,4, B
cart,4,A,5.0,1,A ,8.5,8,A B
chad,4,A,5.0,1,A ,10.5,4,A B
char,4,A,6.0,1,A ,7.0,2,A B
chin,4,A,7.0,1,A ,10.0,1, B
clam,4,A,7.0,1,A ,8.833333333333334,6,A B
claw,4,A,14.0,1, B,6.5,2,A B
clay,4,A,4.0,1,A ,7.8,10,A B
clef,4,A,15.0,1, B,8.5,6, B
clip,4,A,13.0,1, B,11.0,1, B
coal,4,A,12.5,2, B,10.0,4,A B
coat,4,A,11.0,1,A ,7.9375,16,A B
code,4,A,20.0,1, B,9.25,8,A B
cold,4,A,18.5,2, B,8.0,1, B
coma,4,A,15.0,1,A ,11.5,2, B
comb,4,A,6.0,1,A ,11.0,3,A B
cook,4,A,13.0,1, B,6.833333333333333,6,A B
coot,4,A,4.0,1,A ,12.0,2, B
corn,4,A,6.0,1,A ,8.333333333333334,3,A B
corp,4,A,4.0,1,A ,20.3,10,A B
coup,4,A,11.0,1, B,11.0,1,A 
crab,4,A,17.0,1, B,10.454545454545455,11, B
crew,4,A,4.0,1,A ,10.5,2,A B
crow,4,A,11.0,1, B,12.0,1, B
cuff,4,A,3.0,1,A ,11.0,1, B
cyma,4,A,7.0,1,A ,6.5,2,A B
cyme,4,A,13.0,1,A ,9.333333333333334,3,A B
cyst,4,A,9.0,1,A ,10.875,8,A B
data,4,A,10.0,1,A ,9.666666666666666,3,A B
date,4,A,3.0,1,A ,8.0,2,A 
deal,4,A,11.0,1,A ,8.5,2, B
deck,4,A,8.0,1,A ,9.181818181818182,11,A B
deed,4,A,13.0,1, B,10.0,5,A B
deer,4,A,8.0,1,A ,7.875,16,A B
diet,4,A,4.0,1,A ,12.75,16,A B
disk,4,A,10.0,1, B,11.5,2,A B
doll,4,A,9.0,1,A ,8.285714285714286,7,A B
door,4,A,14.0,1, B,9.666666666666666,12, B
dopa,4,A,9.0,1, B,6.0,1,A 
dove,4,A,6.0,1,A ,14.0,3,A B
down,4,A,7.0,1,A ,8.5,4,A B
drip,4,A,4.0,1,A ,15.0,1, B
drop,4,A,6.0,1,A ,7.5,2,A 
drum,4,A,20.0,1, B,7.5,8,A B
duct,4,A,7.0,1,A ,11.724137931034482,29,A B
dune,4,A,5.0,1,A ,8.0,1, B
dunk,4,A,14.0,1, B,8.0,1, B
dust,4,A,11.0,1,A ,8.0,2,A B
echo,4,A,10.0,1,A ,7.0,1,A 
envy,4,A,10.0,1,A ,9.666666666666666,3,A B
exam,4,A,13.0,1,A ,13.272727272727273,11,A B
fake,4,A,9.0,1,A ,11.5,2, B
farm,4,A,9.0,1,A ,7.769230769230769,13,A B
fern,4,A,12.0,1,A ,10.738636363636363,88,A B
feud,4,A,8.0,1,A ,8.0,1,A 
file,4,A,6.0,1,A ,8.666666666666666,3,A B
fine,4,A,7.0,1,A ,11.0,1, B
fire,4,A,9.0,1,A ,8.666666666666666,9,A B
flag,4,A,6.0,1,A ,8.533333333333333,15,A B
flat,4,A,5.0,1,A ,10.0,2, B
flea,4,A,9.0,2,A ,8.6,5,A B
flip,4,A,6.0,1,A ,9.0,1,A 
flux,4,A,4.0,1,A ,11.0,2, B
foil,4,A,10.0,1, B,8.0,4,A B
folk,4,A,6.0,1,A ,9.4,5,A B
font,4,A,4.0,1,A ,11.3,10,A B
foot,4,A,14.0,1, B,8.0,1,A 
fork,4,A,7.0,1,A ,10.25,4,A B
foul,4,A,9.0,1,A ,11.0,3, B
frog,4,A,9.0,1,A ,13.210526315789474,19,A B
fund,4,A,5.0,1,A ,9.090909090909092,11,A B
fuse,4,A,16.0,1, B,11.666666666666666,3, B
gale,4,A,4.0,1,A ,10.0,4, B
gang,4,A,11.0,1,A ,6.5,2,A B
gate,4,A,14.0,1, B,8.090909090909092,11,A B
gear,4,A,5.0,1,A ,9.333333333333334,9,A B
gene,4,A,8.0,1,A ,11.0,21,A B
glia,4,A,18.0,1, B,11.0,3,A 
glue,4,A,6.0,1,A ,9.5,4, B
goat,4,A,5.0,1,A ,6.6,5,A B
golf,4,A,11.0,1, B,11.166666666666666,6, B
good,4,A,9.0,1,A ,10.0,1, B
gown,4,A,5.0,1,A ,8.4,5,A B
gray,4,A,15.0,1, B,9.5,6,A B
grid,4,A,4.0,1,A ,11.5,2, B
guan,4,A,16.0,1, B,10.0,1, B
hare,4,A,7.0,1,A ,10.0,5,A B
harp,4,A,11.0,1,A ,7.5,2,A B
hash,4,A,4.0,1,A ,14.0,1, B
heat,4,A,6.0,1,A ,14.166666666666666,6, B
heel,4,A,6.0,1,A ,10.166666666666666,6, B
heir,4,A,9.0,1,A ,11.25,4,A B
hemp,4,A,10.0,1, B,9.333333333333334,3,A B
hide,4,A,10.0,1, B,7.333333333333333,3,A 
hilt,4,A,6.0,1,A ,10.0,1, B
hind,4,A,7.0,1,A ,8.0,1, B
hold,4,A,8.0,1,A ,9.666666666666666,3,A B
hole,4,A,7.0,1,A ,8.0,9,A B
home,4,A,9.0,1,A ,16.0,1, B
hoof,4,A,10.0,1, B,10.5,2, B
host,4,A,5.0,1,A ,7.0,1,A 
hour,4,A,8.0,1, B,9.5,2, B
ibis,4,A,10.0,1, B,9.0,2, B
iris,4,A,15.0,1, B,11.0,11, B
iron,4,A,15.0,1, B,9.727272727272727,11, B
item,4,A,4.0,1,A ,9.0,6,A B
jamb,4,A,7.0,1,A ,8.0,1,A 
joke,4,A,3.0,1,A ,9.444444444444445,9,A B
jump,4,A,8.0,1,A ,11.0,1, B
jury,4,A,4.0,1,A ,9.25,4, B
kick,4,A,4.0,1,A ,7.8,5,A B
kiln,4,A,7.0,1,A ,6.8,5,A B
kiss,4,A,5.0,1,A ,6.5,2,A B
knob,4,A,10.0,1,A ,7.5,2,A 
kudu,4,A,8.0,1,A ,10.5,2, B
lace,4,A,4.0,1,A ,8.0,2,A 
lamp,4,A,20.0,1, B,10.0,17,A B
land,4,A,12.0,1, B,9.666666666666666,3,A B
lark,4,A,14.0,1, B,17.0,2, B
lava,4,A,12.0,1, B,6.666666666666667,3,A B
leaf,4,A,10.0,1, B,9.925925925925926,27,A B
left,4,A,8.0,1,A ,9.0,1, B
lens,4,A,13.0,1, B,10.4375,16,A B
lien,4,A,16.0,1, B,12.714285714285714,7, B
lily,4,A,15.0,1, B,10.615384615384615,13,A B
line,4,A,9.0,1,A ,6.142857142857143,7,A B
lion,4,A,6.0,1, B,6.666666666666667,3,A B
load,4,A,6.0,1,A ,8.0,6,A B
loaf,4,A,5.0,1,A ,9.0,2, B
loan,4,A,4.0,1,A ,10.7,10,A B
lobe,4,A,8.0,1, B,11.0,9,A B
lock,4,A,8.0,1,A ,9.714285714285714,7,A B
lode,4,A,7.0,1,A ,10.0,1, B
loft,4,A,5.0,1,A ,12.0,1, B
loom,4,A,14.0,1, B,9.8,5,A B
lore,4,A,7.0,1,A ,10.5,2,A B
maid,4,A,8.0,1,A ,9.75,4,A B
mail,4,A,7.0,1,A ,10.4,10,A B
mako,4,A,13.0,1, B,11.333333333333334,3, B
mare,4,A,5.0,1,A ,9.0,1,A 
mash,4,A,10.0,1,A ,8.0,1, B
mask,4,A,8.0,2,A ,7.5,2,A B
mass,4,A,17.5,2, B,10.416666666666666,12,A B
mast,4,A,4.0,1,A ,8.5,6,A B
mayo,4,A,8.0,1,A ,15.0,1, B
mean,4,A,7.0,1,A ,13.0,3, B
meet,4,A,15.0,1, B,9.4,5,A B
memo,4,A,4.0,1,A ,12.0,1,A 
milk,4,A,10.0,2,A B,11.473684210526315,19,A B
mill,4,A,5.0,1,A ,10.363636363636363,11,A B
mind,4,A,9.0,1,A ,10.0,5,A B
mine,4,A,10.0,1,A ,9.142857142857142,7,A B
mola,4,A,11.0,1,A ,13.0,1, B
moss,4,A,9.0,1,A ,8.666666666666666,3,A 
moth,4,A,19.0,1, B,9.642857142857142,14,A B
myna,4,A,8.0,1,A ,9.5,2, B
nail,4,A,14.0,1, B,8.5,2,A 
name,4,A,12.0,1, B,8.73076923076923,26,A B
neck,4,A,16.0,1, B,8.0,1, B
nest,4,A,13.0,1, B,7.0,5,A B
newt,4,A,10.0,1,A ,7.5,4,A B
noun,4,A,11.0,2,A B,10.333333333333334,6, B
oboe,4,A,21.0,1, B,10.0,5,A B
onyx,4,A,10.0,1,A ,8.0,1,A 
opal,4,A,8.0,2,A B,10.0,3, B
oven,4,A,16.0,1, B,8.0,5,A B
over,4,A,4.0,1,A ,10.0,1, B
page,4,A,4.0,1,A ,7.444444444444445,9,A B
pane,4,A,10.0,1, B,10.0,1,A 
pang,4,A,7.0,1,A ,9.0,1, B
park,4,A,5.0,1,A ,11.0,2, B
pate,4,A,6.0,1,A ,8.0,2, B
path,4,A,6.0,1,A ,9.8,5,A B
pear,4,A,7.5,2,A B,5.75,4,A 
pika,4,A,9.0,1,A ,13.5,2, B
pike,4,A,7.0,1,A ,8.666666666666666,3,A 
pill,4,A,5.0,1,A ,11.0,1, B
pine,4,A,7.0,1,A ,11.074074074074074,27,A B
pink,4,A,14.0,1, B,8.0,6,A B
pipe,4,A,4.0,1,A ,7.333333333333333,6,A B
play,4,A,19.0,1, B,11.375,8,A B
plow,4,A,4.0,1,A ,11.5,2, B
plum,4,A,9.0,1, B,9.875,8,A B
poet,4,A,6.0,1,A ,8.0,7,A B
poll,4,A,7.0,1,A ,8.5,2, B
pond,4,A,4.0,1,A ,8.333333333333334,6,A B
pool,4,A,10.0,1,A ,9.5,4,A B
pope,4,A,11.5,2,A B,8.0,1,A 
porn,4,A,8.0,1,A ,16.0,1, B
port,4,A,15.0,1, B,8.428571428571429,7,A B
post,4,A,8.0,1,A ,9.0,3,A 
prof,4,A,11.0,1,A ,16.2,5, B
pump,4,A,16.0,1, B,10.235294117647058,17,A B
quiz,4,A,11.0,1,A ,7.0,1, B
race,4,A,7.0,1,A ,12.5,2, B
rack,4,A,9.0,1,A ,8.272727272727273,11,A B
raft,4,A,5.0,1,A ,8.5,2, B
raid,4,A,11.0,1,A ,6.0,2,A B
rail,4,A,7.0,1,A ,7.25,4,A B
rale,4,A,5.0,1,A ,15.0,1, B
rash,4,A,8.0,1,A ,10.5,2,A B
reed,4,A,15.0,1, B,8.0,3,A B
reef,4,A,5.0,1,A ,9.0,1, B
rein,4,A,5.0,1,A ,11.0,2, B
rent,4,A,16.0,1, B,10.666666666666666,3, B
rice,4,A,6.5,2,A ,7.666666666666667,3,A B
rima,4,A,7.0,1,A ,11.0,4,A B
rind,4,A,8.0,1,A ,7.666666666666667,3,A B
rink,4,A,8.0,1,A ,7.0,1, B
riot,4,A,8.0,1,A ,8.0,1, B
robe,4,A,7.0,1,A ,7.75,4,A B
roof,4,A,18.0,1, B,7.1,10,A B
room,4,A,4.0,1,A ,8.602564102564102,78,A B
root,4,A,10.0,1, B,9.0,22,A B
rose,4,A,5.0,1,A ,9.636363636363637,11,A B
sago,4,A,6.0,1,A ,9.0,1, B
sail,4,A,12.0,1, B,9.285714285714286,14,A B
seam,4,A,5.0,1,A ,4.666666666666667,3,A 
shed,4,A,11.0,1,A ,8.0,5,A B
ship,4,A,6.0,1,A ,9.892857142857142,28,A B
shop,4,A,23.0,1, B,9.743589743589743,39,A B
side,4,A,6.0,1,A ,7.777777777777778,9,A B
sill,4,A,16.0,1, B,9.0,2,A 
skin,4,A,14.0,2, B,7.2,10,A B
skua,4,A,6.0,1,A ,9.0,1, B
slag,4,A,4.0,1,A ,9.0,1, B
slam,4,A,7.0,1,A ,9.5,2, B
snow,4,A,13.0,1,A ,7.0,2,A 
soap,4,A,14.0,1, B,9.5,8, B
sock,4,A,7.0,1,A ,7.4,5,A B
sole,4,A,6.0,1,A ,7.0,3,A B
sour,4,A,8.0,1,A ,11.0,1, B
span,4,A,8.0,1,A ,13.0,1, B
spar,4,A,7.0,1,A ,7.5,2,A 
star,4,A,13.0,1, B,8.785714285714286,14,A B
suit,4,A,7.0,1,A ,12.666666666666666,6,A B
swan,4,A,11.0,1, B,7.111111111111111,9,A B
syph,4,A,15.0,1, B,15.25,4,A B
tach,4,A,19.0,1, B,10.0,1,A 
tale,4,A,7.0,1,A ,9.166666666666666,6,A B
tape,4,A,5.0,1,A ,8.0,3,A B
team,4,A,4.0,1,A ,10.35,20,A B
tech,4,A,6.0,1,A ,20.0,1, B
tent,4,A,7.0,1,A ,9.294117647058824,17,A B
tern,4,A,5.0,1,A ,10.0,1, B
test,4,A,10.0,1,A ,9.4,5, B
tick,4,A,5.0,1,A ,8.0,1,A 
tide,4,A,13.0,1, B,8.666666666666666,6,A B
tire,4,A,4.0,1,A ,9.666666666666666,3, B
toga,4,A,5.0,1,A ,11.0,1, B
tone,4,A,16.0,1, B,7.333333333333333,3,A 
tour,4,A,7.0,1,A ,10.428571428571429,7,A B
town,4,A,12.0,1,A ,8.0,7,A B
tray,4,A,10.0,1,A ,8.625,8,A B
trig,4,A,15.0,1, B,17.0,2,A B
trot,4,A,10.0,1,A ,7.0,1,A 
twin,4,A,7.0,1,A ,13.0,2, B
vein,4,A,11.0,1, B,13.933823529411764,136,A B
vena,4,A,11.0,1, B,13.933823529411764,136,A B
verb,4,A,14.0,1, B,12.333333333333334,6,A B
vest,4,A,7.0,1,A ,15.0,1, B
veto,4,A,4.0,1,A ,10.0,1, B
viol,4,A,23.0,1, B,12.666666666666666,3, B
vise,4,A,13.0,1, B,11.5,2, B
vole,4,A,7.0,1, B,11.0,8,A B
wall,4,A,9.0,1,A ,8.8,10,A B
wash,4,A,15.0,1, B,9.0,4,A B
week,4,A,10.0,1, B,7.5,4,A B
well,4,A,10.0,1,A ,8.0,5,A B
wilt,4,A,12.0,1, B,13.0,3,A B
wing,4,A,5.0,1,A ,6.2,5,A B
wire,4,A,8.0,1,A ,8.8,5,A B
wolf,4,A,6.0,1,A ,7.8,5,A B
wood,4,A,13.0,1, B,7.318681318681318,91,A B
worm,4,A,12.0,1,A ,9.11111111111111,9,A B
year,4,A,10.0,1, B,8.166666666666666,12,A B
zona,4,A,9.0,1,A ,9.5,2,A B
ade,3,A,8.0,1,A ,8.0,3,A 
air,3,A,3.0,1,A ,7.0,3,A B
ant,3,A,19.0,1, B,10.0,9, B
ash,3,A,7.0,1,A ,6.5,2, B
awl,3,A,8.0,1, B,7.0,2,A 
axe,3,A,8.0,1, B,8.428571428571429,7,A B
bag,3,A,9.0,1,A ,7.513513513513513,37,A B
bat,3,A,9.0,1,A ,11.0,2, B
bed,3,A,16.0,1, B,8.0,20,A B
bee,3,A,19.0,1, B,10.3,10,A B
bin,3,A,9.0,1,A ,7.714285714285714,7,A B
bod,3,A,4.0,1,A ,9.0,5,A B
box,3,A,9.0,1,A ,7.08,25,A B
boy,3,A,4.0,1,A ,7.0,11,A B
bud,3,A,6.0,1,A ,7.0,1,A 
bun,3,A,5.0,1,A ,10.153846153846153,13,A B
bus,3,A,15.0,1, B,8.666666666666666,3,A B
can,3,A,9.0,1,A ,7.0,7,A B
cap,3,A,9.0,1,A ,7.857142857142857,28,A B
car,3,A,12.0,1, B,7.967741935483871,31,A B
cat,3,A,6.0,1,A ,9.0,2,A B
cod,3,A,4.0,1,A ,6.0,1, B
cow,3,A,6.0,1,A ,7.0,2,A 
cup,3,A,8.5,2,A ,7.444444444444445,9,A B
day,3,A,8.0,1, B,5.571428571428571,7,A 
eel,3,A,4.0,1,A ,7.0,2,A B
elm,3,A,4.0,1,A ,10.066666666666666,15, B
eye,3,A,10.0,1, B,10.0,6,A B
fan,3,A,6.0,1,A ,9.0,3,A B
fee,3,A,11.0,1, B,9.130434782608695,23,A B
fir,3,A,4.0,1,A ,10.0,1, B
flu,3,A,17.5,2, B,14.0,2, B
fly,3,A,15.0,1, B,7.625,8,A B
fog,3,A,7.0,1,A ,6.0,4,A B
fox,3,A,6.0,1,A ,6.5,8,A B
ftp,3,A,8.0,1,A ,12.0,1, B
gel,3,A,7.0,1,A ,8.0,1,A 
gin,3,A,6.0,1,A ,7.666666666666667,3,A B
gum,3,A,5.0,1,A ,8.0,2, B
gun,3,A,6.0,1,A ,8.090909090909092,11,A B
ham,3,A,9.0,1, B,10.5,2,A B
hat,3,A,9.0,1,A ,8.227272727272727,22,A B
haw,3,A,5.0,1,A ,10.0,10,A B
hen,3,A,7.0,1,A ,7.0,5,A B
hoe,3,A,4.0,1,A ,7.0,1,A 
hut,3,A,7.0,1,A ,9.0,1, B
ink,3,A,6.0,1,A ,10.6,5, B
ion,3,A,8.0,1,A ,5.5,2,A 
ism,3,A,6.0,1,A ,11.46774193548387,62,A B
jam,3,A,8.0,1,A ,13.0,1, B
jar,3,A,6.0,1,A ,6.666666666666667,9,A B
jaw,3,A,4.0,1,A ,6.666666666666667,3,A B
jet,3,A,8.0,1,A ,7.25,4,A 
jib,3,A,16.0,1, B,9.0,1, B
jug,3,A,6.0,1,A ,9.333333333333334,3,A B
key,3,A,6.0,1,A ,8.666666666666666,3,A B
kit,3,A,4.0,1,A ,8.5,2, B
lab,3,A,9.0,1,A ,12.25,4, B
lac,3,A,13.0,1, B,7.6,5,A B
law,3,A,10.0,1,A ,10.785714285714286,14,A B
leg,3,A,4.0,1,A ,7.75,4,A B
lip,3,A,13.5,2,A B,7.5,2,A 
log,3,A,4.0,1,A ,7.0,2, B
mag,3,A,8.0,2,A ,9.833333333333334,6,A B
map,3,A,14.0,1,A ,8.285714285714286,7,A B
mat,3,A,10.0,1, B,7.0,1,A 
men,3,A,5.0,1,A ,10.0,1,A 
mix,3,A,10.0,1,A ,12.5,2,A B
moa,3,A,6.0,1,A ,10.5,2,A B
mob,3,A,5.0,1,A ,8.0,1, B
mon,3,A,7.0,1,A ,10.0,1,A 
mop,3,A,17.0,1, B,8.0,2,A B
nut,3,A,4.0,1,A ,7.0,6,A B
oak,3,A,4.0,1,A ,7.5,2, B
oat,3,A,6.0,1,A ,10.0,4, B
ode,3,A,5.0,1,A ,10.75,4,A B
oil,3,A,5.0,1,A ,9.90625,32,A B
out,3,A,7.0,1,A ,7.5,2,A 
owl,3,A,10.0,1, B,9.0,15,A B
pad,3,A,5.0,1,A ,8.5,2,A B
pan,3,A,14.0,1, B,8.0,7,A B
pat,3,A,5.0,1,A ,13.0,1,A 
pay,3,A,14.0,1, B,9.090909090909092,11,A B
pea,3,A,6.0,1,A ,9.0,4, B
pen,3,A,16.0,1, B,8.6,5,A B
pes,3,A,14.0,1, B,8.0,1,A 
pie,3,A,6.0,1,A ,9.153846153846153,13,A B
pin,3,A,7.0,1,A ,7.75,4,A B
pit,3,A,4.0,1,A ,8.0,9,A B
pod,3,A,4.0,1,A ,6.0,1, B
pot,3,A,10.0,2,A B,6.7272727272727275,11,A B
pro,3,A,7.0,1,A ,12.5,2,A B
rag,3,A,12.0,1, B,11.0,1, B
rat,3,A,6.0,1,A ,8.833333333333334,6, B
ray,3,A,5.0,1,A ,7.666666666666667,6,A B
red,3,A,14.0,1, B,8.0,9,A B
rig,3,A,4.0,1,A ,8.0,1, B
rot,3,A,5.0,1,A ,11.0,1,A 
rug,3,A,10.0,2,A B,8.928571428571429,14,A B
rum,3,A,6.0,1,A ,7.333333333333333,3,A B
run,3,A,5.0,1,A ,10.333333333333334,3, B
sec,3,A,8.0,1, B,10.0,1, B
sis,3,A,13.0,1, B,10.333333333333334,3, B
ski,3,A,6.0,1,A ,8.0,1, B
sky,3,A,10.0,1,A ,9.0,2, B
tag,3,A,5.0,1,A ,6.75,4, B
tar,3,A,7.0,1,A ,7.0,1, B
tax,3,A,4.0,1,A ,10.777777777777779,18,A B
tea,3,A,8.0,1,A ,6.8,5,A B
tie,3,A,8.0,1,A ,9.333333333333334,6,A B
tip,3,A,3.0,1,A ,6.333333333333333,3,A 
toe,3,A,7.0,2,A ,8.0,3,A B
tub,3,A,6.0,1,A ,7.333333333333333,3,A B
war,3,A,14.0,1, B,11.88888888888889,9,A B
wax,3,A,5.0,1,A ,9.058823529411764,17,A B
web,3,A,6.0,1,A ,6.666666666666667,3,A B
wig,3,A,9.0,1,A ,8.666666666666666,3,A B
ad,2,A,9.0,1,A ,8.777777777777779,9,A B
al,2,A,15.0,1, B,4.0,2,A 
ax,2,A,8.0,1, B,8.428571428571429,7,A B
ba,2,A,15.0,1, B,6.0,1,A 
ca,2,A,15.0,1, B,10.0,1, B
ko,2,A,4.0,1,A ,17.0,1, B
b,1,A,10.0,1,A ,15.666666666666666,3, B
e,1,A,14.5,2,A B,16.0,1,A 
i,1,A,11.0,2,A B,10.0,2,A 
n,1,A,9.0,2,A B,9.5,2,A B
o,1,A,9.0,2,A B,12.0,1, B
s,1,A,8.0,1, B,10.0,1, B
,0,A,0,0, ,0,0, 
